,Material=Steel,Material=Aluminum,Material=Titanium,CS Length,BB Drop,Stack,SS E,ST Angle,BB OD,TT OD,HT OD,DT OD,CS OD,SS OD,ST OD,CS F,HT LX,ST UX,HT UX,HT Angle,HT Length,ST Length,BB Length,Dropout Offset,SSB OD,CSB OD,SSB Offset,CSB Offset,SS Z,SS Thickness,CS Thickness,TT Thickness,BB Thickness,HT Thickness,ST Thickness,DT Thickness,DT Length,Sim 1 Dropout X Disp.,Sim 1 Dropout Y Disp.,Sim 1 Bottom Bracket X Disp.,Sim 1 Bottom Bracket Y Disp.,Sim 2 Bottom Bracket Z Disp.,Sim 3 Bottom Bracket Y Disp.,Sim 3 Bottom Bracket X Rot.,Sim 1 Safety Factor,Sim 3 Safety Factor,Model Mass,batch
1,1,0,0,0.43,0.067,0.5656,0.045,72.5,0.04,0.0325,0.045,0.03845,0.02335,0.013,0.034,0.015,0.05,0.0287,0.04,73.0,0.1356,0.5887,0.068,0.13,0.0,0.0,0.33,0.35,0.007,0.004851,0.001494,0.002192,0.001248,0.004916,0.00208,0.001295,0.664021,0.018,-0.0361,0.0216,-0.0186,0.00162,-0.006495000000000001,0.0034999999999999996,0.349,1.04,4.73,0
2,0,0,1,0.35,-0.0145,0.5656,0.045,71.5,0.04,0.0292,0.045,0.0365,0.022,0.0185,0.0318,0.015,0.0231,0.0391,0.0233,71.5,0.08,0.265,0.068,0.135,0.0,0.0,0.33,0.35,0.008,0.000591,0.008614,0.000538,0.003519,0.001257,0.00089497,0.002477,0.572492,-0.00865,0.0105,-0.00833,0.00463,0.00109,-0.0032500000000000003,0.0035714285714285713,1.87,2.32,2.23,0
4,1,0,0,0.375,0.05,0.5656,0.04,73.5,0.0381,0.0254,0.0317,0.034,0.01735,0.0105,0.0286,0.015,0.0339,0.019,0.0291,70.5,0.0918,0.46,0.068,0.13,0.0,0.0,0.33,0.35,0.0106,0.008779,0.001868,0.002585,0.003423,0.001143,0.002562,0.001762,0.573904,-0.00534,0.00762,-0.00596,0.00338,0.00172,-0.00219,0.003999999999999999,0.746,1.21,2.76,0
5,1,0,0,0.43179,0.024,0.5656,0.041,72.5,0.04,0.0292,0.05,0.0365,0.022,0.016,0.0318,0.015,0.0543,0.0364,0.0202,72.1,0.0831,0.3,0.068,0.135,0.0,0.0,0.33,0.35,0.008,0.000789,0.007232,0.00253,0.005867,0.006491,0.00073191,0.007557,0.636179,-0.00306,0.00508,-0.00324,0.00221,0.00062,-0.001555,0.0015000000000000007,0.975,1.86,7.59,0
7,0,0,1,0.425,0.02986,0.5656,0.065,72.03484,0.0375,0.0302,0.04,0.04345,0.025,0.0185,0.035,0.015,0.05,0.05,0.0285,69.53484,0.165,0.535,0.1,0.135,0.0,0.0,0.33,0.35,0.0112,0.000665,0.001475,0.00151,0.005078,0.005528,0.00923,0.00057349,0.688292,-0.0139,0.0291,-0.0146,0.0172,0.0025,-0.02335,0.010714285714285723,1.5,0.872,2.2,0
8,0,0,1,0.425,0.043,0.5656,0.077,73.0,0.035,0.042,0.045,0.04495,0.02335,0.0185,0.035,0.015,0.07,0.062,0.027,70.0,0.1236,0.52,0.1,0.135,0.0,0.0,0.33,0.35,0.0112,0.002251,0.001999,0.007954,0.00092491,0.00407,0.001763,0.009342,0.703869,-0.00186,0.00443,-0.00229,0.00233,0.00136,-0.002595,0.003928571428571429,3.82,2.95,6.98,0
9,1,0,0,0.45,0.0735,0.5656,0.04,74.0,0.0381,0.0286,0.0318,0.034,0.01735,0.0105,0.0286,0.015,0.0391,0.0344,0.0281,73.0,0.15,0.5244,0.068,0.13,0.0,0.0,0.33,0.35,0.0106,0.00188,0.007086,0.005928,0.006059,0.00131,0.00054149,0.001165,0.660729,0.0179,-0.038,0.0213,-0.0207,0.00209,-0.00733,0.0051428571428571435,0.343,0.962,5.3,0
10,1,0,0,0.443,0.041,0.5656,0.055,73.0,0.04,0.0327,0.04,0.0365,0.022,0.017,0.0318,0.015,0.0681,0.0742,0.0259,72.0,0.105,0.457,0.068,0.135,0.0,0.0,0.33,0.35,0.008,0.002406,0.005394,0.001249,0.008172,0.001664,0.002506,0.001871,0.673902,-0.00687,0.0124,-0.00741,0.00613,0.00103,-0.005365,0.002499999999999997,0.898,0.968,5.33,0
12,1,0,0,0.444,0.0575,0.5656,0.055,73.0,0.04,0.03015,0.05,0.0365,0.022,0.017,0.0318,0.015,0.05,0.0709,0.0242,71.0,0.1054,0.457,0.068,0.135,0.0,0.0,0.33,0.35,0.008,0.000863,0.001686,0.006727,0.00984,0.00052626,0.00086031,0.002438,0.673723,0.0119,-0.0222,0.0137,-0.011,0.00122,-0.003635,0.0029285714285714297,0.516,1.52,5.48,0
13,1,0,0,0.43,0.067,0.5656,0.045,72.5,0.04,0.0325,0.045,0.03845,0.02335,0.013,0.034,0.015,0.05,0.0287,0.05,73.0,0.1502,0.5887,0.068,0.13,0.0,0.0,0.33,0.35,0.007,0.001637,0.002162,0.006553,0.00263,0.001711,0.007217,0.009445,0.658442,0.00614,-0.0129,0.00744,-0.00665,0.000697,-0.00233,0.001571428571428569,0.709,1.93,9.1,0
14,0,0,1,0.40943,0.072,0.5656,0.045,73.5,0.04,0.0286,0.045,0.05105,0.02335,0.013,0.0334,0.015,0.0512,0.0286,0.0332,72.5,0.1677,0.61,0.068,0.13,0.0,0.0,0.33,0.35,0.007,0.00132,0.00073,0.009833,0.002648,0.004259,0.001345,0.007919,0.672092,0.00639,-0.0147,0.00809,-0.00795,0.00109,-0.00292,0.0017142857142857155,1.37,4.66,5.86,0
15,1,0,0,0.38757,0.05,0.5656,0.04,73.5,0.0381,0.0254,0.0286,0.034,0.01735,0.0105,0.0286,0.015,0.035,0.019,0.0285,72.0,0.049,0.48,0.068,0.13,0.0,0.0,0.33,0.35,0.0106,0.001295,0.006996,0.001297,0.006196,0.00090121,0.00076335,0.005237,0.584584,-0.00435,0.00563,-0.00488,0.00191,0.00108,-0.0007435,0.002164285714285714,0.746,1.54,4.57,0
16,1,0,0,0.425,0.02,0.5656,0.045,72.0,0.03,0.0277,0.04,0.0365,0.02335,0.0185,0.03,0.015,0.04,0.05,0.04,68.0,0.136,0.48,0.1,0.135,0.0,0.0,0.33,0.35,0.0112,0.004572,0.000502,0.001935,0.007302,0.009754,0.002569,0.005065,0.658206,-0.0036,0.00713,-0.00385,0.00382,0.00125,-0.004314999999999999,0.003785714285714286,1.19,1.29,6.88,0
18,1,0,0,0.45,0.055,0.5656,0.045,74.5,0.04,0.0292,0.045,0.0365,0.022,0.017,0.0318,0.015,0.0509,0.0504,0.0268,70.5,0.111,0.4826,0.068,0.135,0.0,0.0,0.33,0.35,0.008,0.004194,0.002596,0.004941,0.001356,0.009913,0.005458,0.001309,0.706265,0.0211,-0.0417,0.0245,-0.0216,0.0017,-0.00757,0.0037142857142857173,0.329,0.916,6.4,0
19,0,0,1,0.4,0.0705,0.5656,0.38,75.0,0.09,0.0275,0.055,0.0365,0.046,0.013,0.0318,0.015,0.0442,0.265,0.0201,75.0,0.125,0.69,0.068,0.13,0.0,0.0,0.33,0.35,0.007,0.00947,0.000628,0.001101,0.002606,0.0008401,0.00094232,0.00051616,0.669656,0.0896,-0.172,0.112,-0.0878,0.00177,-0.03175,0.004999999999999994,0.294,0.816,2.59,0
21,1,0,0,0.44244,0.077,0.5656,0.065,73.0,0.0381,0.027,0.0318,0.034,0.02125,0.0109,0.0286,0.016,0.0434,0.0408,0.0399,71.5,0.2,0.6408,0.068,0.13,0.0,0.0,0.33,0.35,0.0106,0.001038,0.000638,0.000618,0.003696,0.001211,0.005842,0.002123,0.650507,0.0244,-0.0592,0.0301,-0.0331,0.00225,-0.0121,0.005714285714285716,0.234,0.633,2.8,0
24,0,0,1,0.405,0.073,0.5656,0.077,74.0,0.04,0.0286,0.05,0.0443,0.0265,0.013,0.032,0.015,0.0591,0.0549,0.0354,72.0,0.1264,0.465,0.068,0.13,0.0,0.0,0.33,0.35,0.007,0.002752,0.004344,0.000547,0.006354,0.007143,0.00055068,0.001138,0.650659,0.0359,-0.0652,0.0426,-0.0329,0.0012,-0.01115,0.0035714285714285744,0.514,1.5,2.96,0
25,1,0,0,0.35,-0.0145,0.5656,0.045,74.5,0.04,0.0292,0.045,0.0365,0.022,0.0185,0.0318,0.015,0.035,0.025,0.015,74.0,0.09,0.265,0.068,0.11,0.0,0.0,0.33,0.35,0.008,0.002086,0.000582,0.00819,0.00071081,0.001363,0.001925,0.003092,0.610739,-0.00257,0.00348,-0.00242,0.00175,0.0011,-0.001515,0.005928571428571428,0.892,0.602,4.7,0
26,1,0,0,0.395,0.057,0.5656,0.045,75.0,0.04,0.0286,0.045,0.0365,0.02335,0.013,0.0318,0.015,0.0456,0.0345,0.0443,74.0,0.1217,0.53,0.068,0.12,0.0,0.0,0.33,0.35,0.007,0.002714,0.00114,0.000697,0.00076698,0.000519,0.00069132,0.003663,0.657667,0.016,-0.0295,0.0189,-0.0151,0.00135,-0.0052899999999999996,0.0032857142857142816,0.339,0.831,3.9,0
27,0,0,1,0.407,0.0722,0.5656,0.025,72.53453,0.04,0.0282,0.036,0.01905,0.02335,0.013,0.031,0.015,0.0429,0.0225,0.0334,73.03453,0.1486,0.58,0.068,0.13,0.0,0.0,0.33,0.35,0.009,0.004102,0.000632,0.001769,0.0007763,0.005496,0.001958,0.002268,0.644135,0.0884,-0.174,0.106,-0.0938,0.00827,-0.0337,0.019999999999999976,0.231,0.664,2.07,0
28,0,0,1,0.425,0.043,0.5656,0.077,73.0,0.035,0.042,0.045,0.04495,0.0265,0.0185,0.035,0.015,0.07,0.062,0.027,70.0,0.1236,0.52,0.1,0.135,0.0,0.0,0.33,0.35,0.0112,0.000848,0.003939,0.000522,0.001969,0.005562,0.002131,0.00064587,0.703869,-0.0159,0.0306,-0.0171,0.0169,0.00168,-0.01885,0.006428571428571439,0.318,0.219,2.51,0
29,0,0,1,0.425,0.043,0.5656,0.072,73.0,0.035,0.042,0.045,0.04495,0.0265,0.0185,0.035,0.015,0.07,0.062,0.027,70.0,0.1236,0.52,0.1,0.135,0.0,0.0,0.33,0.35,0.0112,0.002972,0.000915,0.000768,0.004556,0.008238,0.009876,0.004698,0.703869,-0.00449,0.00926,-0.005,0.00498,0.00136,-0.005509999999999999,0.004142857142857141,3.17,1.79,4.04,0
32,1,0,0,0.4,0.037,0.5656,0.04,74.5,0.0381,0.0254,0.0317,0.034,0.01735,0.0105,0.0286,0.015,0.044,0.044,0.03,73.0,0.1238,0.54,0.068,0.13,0.0,0.0,0.33,0.35,0.0106,0.000678,0.001789,0.000596,0.009776,0.001982,0.005919,0.001005,0.623444,-0.0126,0.0218,-0.0136,0.0113,0.00228,-0.01105,0.006428571428571426,0.511,0.491,2.43,0
33,0,0,1,0.407,0.0797,0.5656,0.025,72.535,0.04,0.0282,0.036,0.01905,0.02335,0.013,0.031,0.015,0.0645,0.021,0.0408,74.035,0.1486,0.58,0.068,0.13,0.0,0.0,0.33,0.35,0.009,0.001194,0.001504,0.003693,0.007112,0.003108,0.009014,0.004626,0.685306,0.0648,-0.133,0.0777,-0.0736,0.00413,-0.0263,0.009999999999999988,0.426,1.18,2.69,0
34,0,0,1,0.31685,0.013,0.5656,0.045,72.1,0.04,0.0286,0.045,0.0365,0.02335,0.013,0.0318,0.015,0.0408,0.0251,0.0263,74.0,0.3526,0.4801,0.068,0.135,0.0,0.0,0.33,0.35,0.009,0.008326,0.000527,0.008945,0.001813,0.005034,0.00697,0.001332,0.514566,-0.000821,0.0031,-0.00122,0.00218,0.00179,-0.0075,0.007285714285714285,2.62,1.48,3.42,0
35,1,0,0,0.4,0.037,0.5656,0.04,74.5,0.0381,0.0254,0.0317,0.034,0.01735,0.0105,0.0286,0.015,0.044,0.3,0.03,73.0,0.1238,0.5,0.068,0.12,0.0,0.0,0.33,0.35,0.0106,0.005374,0.000801,0.001142,0.006149,0.00086726,0.003124,0.001109,0.623444,-0.0102,0.0224,-0.0115,0.00972,0.00294,-0.00895,0.006571428571428575,0.589,0.601,3.04,0
36,1,0,0,0.44,0.071,0.5656,0.045,74.0,0.04,0.0286,0.045,0.0365,0.02335,0.013,0.035,0.015,0.0513,0.0287,0.027,71.5,0.1459,0.52,0.068,0.13,0.0,0.0,0.33,0.35,0.007,0.001915,0.00908,0.000684,0.002768,0.00051334,0.005147,0.001264,0.649392,0.0269,-0.0531,0.0319,-0.0273,0.00104,-0.009510000000000001,0.002714285714285715,0.229,0.659,4.9,0
37,1,0,0,0.4069,0.07,0.5656,0.03,74.0,0.04,0.0277,0.038,0.0365,0.02335,0.013,0.035,0.015,0.0494,0.0856,0.0361,74.0,0.1179,0.6156,0.068,0.13,0.0,0.0,0.33,0.35,0.007,0.001515,0.002128,0.000653,0.006135,0.004219,0.001,0.00075529,0.643209,0.0392,-0.0709,0.0463,-0.0351,0.00142,-0.01175,0.0035714285714285744,0.164,0.487,3.46,0
39,1,0,0,0.41,0.067,0.5656,0.045,73.0,0.04,0.0302,0.0317,0.03845,0.0171,0.0105,0.0286,0.015,0.035,0.0287,0.03,73.0,0.1758,0.6187,0.068,0.12,0.0,0.0,0.33,0.35,0.007,0.001762,0.008987,0.002162,0.002562,0.003893,0.001841,0.005216,0.646206,0.00879,-0.0193,0.0107,-0.0109,0.00103,-0.00402,0.002285714285714282,0.499,1.34,6.43,0
40,0,0,1,0.405,0.07,0.5656,0.045,73.5,0.04,0.02695,0.032,0.0365,0.02335,0.013,0.0285,0.015,0.0332,0.0206,0.0302,72.0,0.1,0.5306,0.068,0.13,0.0,0.0,0.33,0.35,0.007,0.004556,0.002215,0.00106,0.002706,0.002132,0.002248,0.00060961,0.62937,0.074,-0.126,0.0876,-0.0607,0.0031,-0.0203,0.008571428571428568,0.334,1.01,1.84,0
41,1,0,0,0.405,0.07,0.5656,0.045,74.0,0.04,0.0286,0.045,0.0365,0.02335,0.013,0.0318,0.015,0.0499,0.049,0.034,73.0,0.145,0.515,0.068,0.13,0.0,0.0,0.33,0.35,0.009,0.000993,0.004948,0.00119,0.00109,0.001166,0.009363,0.0007564,0.653639,0.033,-0.0641,0.0397,-0.0344,0.00122,-0.01235,0.0035714285714285744,0.211,0.522,3.65,0
42,1,0,0,0.395,0.06,0.5656,0.045,74.0,0.04,0.0286,0.045,0.0365,0.028,0.015,0.0349,0.015,0.03,0.035,0.03,73.0,0.1236,0.57,0.068,0.12,0.0,0.0,0.33,0.35,0.007,0.000557,0.005208,0.000721,0.00074215,0.008665,0.002103,0.001364,0.629888,0.0258,-0.0466,0.0304,-0.024,0.000649,-0.00842,0.002142857142857142,0.266,0.727,5.08,0
43,1,0,0,0.425,0.037,0.5656,0.072,72.5,0.035,0.0405,0.039,0.04495,0.0265,0.017,0.0308,0.015,0.0525,0.062,0.0235,70.0,0.168,0.53,0.1,0.135,0.0,0.0,0.33,0.35,0.0112,0.001529,0.000572,0.004812,0.001051,0.008053,0.002072,0.00059246,0.704851,-0.0023,0.00544,-0.00261,0.0032,0.00197,-0.00473,0.006857142857142856,0.737,0.58,5.85,0
44,1,0,0,0.41,0.067,0.5656,0.045,73.5,0.04,0.0302,0.0317,0.03845,0.0171,0.0105,0.0286,0.015,0.035,0.0287,0.05,73.5,0.1656,0.5887,0.068,0.13,0.0,0.0,0.33,0.35,0.007,0.008053,0.001887,0.007867,0.004592,0.007867,0.00075751,0.00796,0.649318,0.00658,-0.0146,0.00809,-0.008,0.00102,-0.0029,0.0020000000000000018,0.618,1.71,8.83,0
46,1,0,0,0.36,-0.01,0.5656,0.045,74.0,0.04,0.0286,0.045,0.0365,0.02335,0.019,0.03,0.015,0.0464,0.0341,0.0326,72.5,0.1203,0.2911,0.068,0.13,0.0,0.0,0.33,0.35,0.009,0.001514,0.00436,0.000517,0.00068328,0.0008749,0.00389,0.004247,0.615855,-0.0037,0.00557,-0.0036,0.00299,0.000643,-0.0030499999999999998,0.002857142857142855,0.983,0.856,4.52,0
47,1,0,0,0.42,0.074,0.5656,0.04,74.0,0.0381,0.0254,0.0317,0.034,0.01735,0.0105,0.0286,0.015,0.044,0.044,0.03,74.0,0.14,0.54,0.068,0.13,0.0,0.0,0.33,0.35,0.0106,0.002451,0.000662,0.001537,0.004387,0.001553,0.004765,0.005026,0.643894,0.0144,-0.0288,0.0176,-0.0149,0.00204,-0.005195,0.0036428571428571426,0.356,1.01,4.24,0
48,0,0,1,0.56,0.06537,0.5656,0.04,56.97582,0.0381,0.0277,0.0317,0.034,0.0175,0.00525,0.0286,0.015,0.0317,0.04,0.03,53.47582,0.142,0.5,0.068,0.135,0.0,0.0,0.33,0.35,0.0106,0.000548,0.0006,0.001563,0.009927,0.00065923,0.00092559,0.00090418,0.602132,0.0559,-0.119,0.067,-0.049,0.0106,-0.01455,0.01785714285714287,0.421,1.36,1.29,0
49,1,0,0,0.405,0.07,0.5656,0.045,74.0,0.04,0.0286,0.045,0.0365,0.02335,0.013,0.0318,0.015,0.0548,0.0509,0.0309,73.0,0.145,0.5169,0.068,0.12,0.0,0.0,0.33,0.35,0.009,0.000855,0.002175,0.008627,0.00077431,0.002503,0.003514,0.002051,0.656339,0.0127,-0.0248,0.0154,-0.0131,0.00127,-0.00469,0.0032857142857142816,0.41,1.08,5.48,0
50,1,0,0,0.405,0.07,0.5656,0.045,74.0,0.04,0.0286,0.045,0.0365,0.02335,0.013,0.0318,0.015,0.0499,0.049,0.034,73.0,0.145,0.515,0.068,0.13,0.0,0.0,0.33,0.35,0.009,0.001372,0.004473,0.002191,0.00466,0.002918,0.004395,0.006937,0.653639,0.009,-0.0176,0.0108,-0.00938,0.000565,-0.003325,0.0016428571428571408,0.504,1.4,7.1,0
51,1,0,0,0.405,0.07,0.5656,0.045,74.0,0.04,0.0286,0.045,0.0365,0.02335,0.0145,0.0318,0.015,0.052,0.0492,0.0322,76.5,0.145,0.5152,0.068,0.135,0.0,0.0,0.33,0.35,0.009,0.001422,0.00424,0.001605,0.007361,0.00096782,0.003101,0.002355,0.674499,0.0164,-0.0329,0.0194,-0.0183,0.00074,-0.006580000000000001,0.0022857142857142855,0.331,0.91,4.95,0
52,0,0,1,0.405,0.07,0.5656,0.045,74.0,0.04,0.0286,0.045,0.0365,0.02335,0.013,0.0318,0.015,0.0499,0.049,0.034,73.0,0.145,0.515,0.068,0.135,0.0,0.0,0.33,0.35,0.009,0.002963,0.002425,0.001965,0.001218,0.00075917,0.003003,0.001722,0.653639,0.0364,-0.0709,0.0439,-0.0379,0.00234,-0.013600000000000001,0.005714285714285716,0.555,1.55,2.27,0
53,0,0,1,0.405,0.07,0.5656,0.045,74.0,0.04,0.0286,0.045,0.0365,0.02335,0.013,0.0318,0.015,0.0499,0.049,0.034,73.0,0.145,0.515,0.068,0.13,0.0,0.0,0.33,0.35,0.009,0.000609,0.000528,0.002466,0.001696,0.00068278,0.00060031,0.004708,0.653639,0.0209,-0.0415,0.0255,-0.0219,0.00278,-0.007845000000000001,0.005642857142857148,0.79,1.97,2.44,0
54,1,0,0,0.40504,0.07,0.5656,0.045,74.0,0.04,0.0286,0.045,0.0365,0.02335,0.013,0.0318,0.015,0.0499,0.049,0.034,73.0,0.145,0.515,0.068,0.135,0.0,0.0,0.33,0.35,0.009,0.000906,0.004366,0.002899,0.001138,0.002083,0.001375,0.005632,0.653639,0.00978,-0.0193,0.0119,-0.0102,0.000777,-0.0036750000000000003,0.0019285714285714273,0.454,1.15,6.39,0
55,1,0,0,0.405,0.07,0.5656,0.045,74.0,0.04,0.0286,0.045,0.0365,0.02335,0.013,0.0318,0.015,0.0499,0.049,0.034,73.0,0.145,0.515,0.068,0.13,0.0,0.0,0.33,0.35,0.009,0.003769,0.00263,0.003413,0.001226,0.001311,0.001618,0.006073,0.653639,0.00925,-0.0181,0.0112,-0.00965,0.000844,-0.00346,0.0019999999999999987,0.472,1.18,6.62,0
56,0,0,1,0.405,0.07,0.5656,0.045,74.0,0.04,0.0286,0.045,0.0365,0.02335,0.013,0.0318,0.015,0.0548,0.0555,0.0309,73.0,0.145,0.5215,0.068,0.135,0.0,0.0,0.33,0.35,0.009,0.000509,0.000913,0.007861,0.003811,0.003415,0.005615,0.002267,0.656339,0.0233,-0.0454,0.028,-0.024,0.00258,-0.008525000000000001,0.006357142857142858,0.863,2.42,2.94,0
58,1,0,0,0.36,-0.01,0.5656,0.045,74.0,0.04,0.0286,0.045,0.0365,0.02335,0.019,0.03,0.015,0.0503,0.0339,0.0327,72.5,0.115,0.2909,0.068,0.13,0.0,0.0,0.33,0.35,0.009,0.001091,0.00345,0.001516,0.001826,0.00543,0.001099,0.001745,0.617439,-0.00535,0.0075,-0.00518,0.00401,0.000702,-0.0039900000000000005,0.0022857142857142855,1.01,1.01,3.93,0
59,0,0,1,0.405,0.07,0.5656,0.045,74.0,0.04,0.0267,0.037,0.0365,0.02335,0.013,0.028,0.015,0.0397,0.0353,0.0285,72.0,0.0998,0.5,0.068,0.13,0.0,0.0,0.33,0.35,0.007,0.000655,0.008526,0.001567,0.004681,0.007196,0.003027,0.00060207,0.634375,0.0636,-0.107,0.0748,-0.0518,0.00218,-0.0172,0.005714285714285729,0.361,1.1,2.61,0
60,0,0,1,0.405,0.07,0.5656,0.045,74.0,0.04,0.0267,0.037,0.0365,0.02335,0.013,0.028,0.015,0.0397,0.0353,0.0285,72.0,0.0998,0.5,0.068,0.13,0.0,0.0,0.33,0.35,0.007,0.005006,0.006927,0.006591,0.002838,0.00065156,0.003089,0.006533,0.634375,0.0161,-0.0273,0.0192,-0.013,0.00118,-0.00432,0.003142857142857138,0.926,2.87,4.64,0
61,0,0,1,0.405,0.07,0.5656,0.045,74.0,0.04,0.0267,0.037,0.0365,0.02335,0.013,0.028,0.015,0.0396,0.0352,0.0286,72.0,0.0998,0.5,0.068,0.13,0.0,0.0,0.33,0.35,0.007,0.000872,0.001459,0.005803,0.005669,0.002172,0.003634,0.009826,0.633134,0.0146,-0.025,0.0174,-0.0118,0.00146,-0.003875,0.0035000000000000027,1.06,3.14,4.03,0
62,1,0,0,0.445,0.06,0.5656,0.1,73.0,0.03,0.0405,0.046,0.04375,0.0265,0.017,0.0304,0.015,0.04,0.095,0.025,72.0,0.13,0.535,0.1,0.135,0.0,0.0,0.33,0.35,0.0112,0.000726,0.000727,0.007549,0.007006,0.009197,0.0005533,0.001795,0.740423,0.00767,-0.0171,0.00878,-0.00992,0.00119,-0.00365,0.004142857142857141,0.81,1.75,8.31,0
63,0,0,1,0.408,0.07,0.5656,0.045,74.0,0.04,0.0322,0.034,0.0365,0.02335,0.013,0.039,0.015,0.0476,0.049,0.0342,72.0,0.1706,0.567,0.068,0.12,0.0,0.0,0.33,0.35,0.009,0.002139,0.000572,0.00914,0.003579,0.002738,0.004718,0.001049,0.649558,0.022,-0.0457,0.0263,-0.0255,0.00383,-0.009315,0.007500000000000003,0.741,2.06,3.17,0
64,1,0,0,0.36,-0.01,0.5656,0.045,74.0,0.04,0.0286,0.045,0.0365,0.02335,0.019,0.03,0.015,0.0454,0.0341,0.0227,71.5,0.1144,0.2911,0.068,0.13,0.0,0.0,0.33,0.35,0.009,0.005114,0.00397,0.00445,0.001091,0.004297,0.001675,0.00071707,0.616975,-0.00503,0.00679,-0.00485,0.00372,0.00082,-0.004065,0.0029285714285714297,0.942,0.877,5.15,0
65,1,0,0,0.405,0.07,0.5656,0.045,74.0,0.04,0.0291,0.037,0.0365,0.021,0.01665,0.0318,0.015,0.0467,0.0475,0.0328,73.0,0.1277,0.5825,0.068,0.13,0.0,0.0,0.33,0.35,0.009,0.007635,0.007065,0.000698,0.004981,0.00067041,0.00094681,0.001991,0.654201,0.0209,-0.0393,0.0248,-0.0205,0.000945,-0.007115,0.0026428571428571404,0.27,0.769,5.86,0
66,0,0,1,0.325,0.07,0.5656,0.045,72.0,0.04,0.0286,0.045,0.0365,0.02335,0.013,0.0318,0.015,0.0494,0.0465,0.0369,72.0,0.0922,0.429,0.068,0.13,0.0,0.0,0.33,0.35,0.009,0.00282,0.001471,0.000889,0.00992,0.002663,0.002807,0.001367,0.541839,0.0158,-0.0156,0.0186,-0.0043,0.00174,-0.0009325,0.004392857142857142,0.759,3.42,1.69,0
67,0,0,1,0.325,0.07,0.5656,0.045,72.0,0.04,0.0286,0.045,0.0365,0.02335,0.013,0.0318,0.015,0.0494,0.0465,0.0369,72.0,0.0922,0.429,0.068,0.13,0.0,0.0,0.33,0.35,0.009,0.002584,0.002047,0.001195,0.009332,0.00050792,0.003793,0.00087394,0.541839,0.0175,-0.0172,0.0206,-0.00475,0.00176,-0.0010585,0.004592857142857142,0.767,3.42,1.55,0
69,0,0,1,0.4,0.058,0.5656,0.025,74.5,0.04,0.0282,0.036,0.01905,0.02335,0.013,0.031,0.015,0.0454,0.0221,0.0349,73.5,0.1107,0.55,0.068,0.12,0.0,0.0,0.33,0.35,0.009,0.000959,0.000826,0.001558,0.001053,0.002554,0.0011,0.001342,0.648309,0.104,-0.18,0.121,-0.0899,0.00732,-0.03085,0.01785714285714282,0.279,0.821,1.35,0
70,0,0,1,0.31624,0.013,0.5656,0.033,72.1,0.04,0.0377,0.04,0.05,0.05,0.0315,0.05,0.015,0.0337,0.0308,0.0383,74.0,0.3,0.4858,0.068,0.135,0.0,0.0,0.33,0.35,0.009,0.002381,0.003144,0.004506,0.008089,0.005262,0.004963,0.006495,0.512101,-0.000381,0.000925,-0.000402,0.000556,7.77e-05,-0.001215,0.0004999999999999997,3.1,3.79,7.18,0
71,1,0,0,0.408,0.068,0.5656,0.03,73.0,0.04,0.0254,0.0318,0.0365,0.017,0.012,0.0286,0.015,0.0307,0.0197,0.025,72.5,0.1508,0.5477,0.068,0.13,0.0,0.0,0.33,0.35,0.007,0.0005,0.002663,0.005502,0.00063231,0.004496,0.001293,0.004823,0.633851,0.00994,-0.0209,0.0126,-0.0111,0.00172,-0.003895,0.005071428571428572,0.465,0.575,5.54,0
72,1,0,0,0.38,0.07,0.5656,0.03,70.0,0.0381,0.0254,0.0318,0.034,0.02075,0.011425,0.0286,0.005,0.0372,0.0133,0.0278,74.0,0.1945,0.63,0.068,0.13,0.0,0.0,0.33,0.35,0.01,0.001972,0.004121,0.003378,0.004194,0.00096006,0.00094889,0.00081499,0.658131,0.0283,-0.0628,0.0336,-0.0389,0.00127,-0.015,0.004285714285714284,0.208,0.537,4.23,0
73,0,0,1,0.408,0.063,0.5656,0.045,72.5,0.04,0.0286,0.045,0.0365,0.02335,0.013,0.0348,0.015,0.0478,0.048,0.0245,73.5,0.2053,0.578,0.068,0.13,0.0,0.0,0.33,0.35,0.009,0.001037,0.008071,0.003056,0.002311,0.003465,0.001875,0.009261,0.655429,0.0152,-0.0345,0.0181,-0.0204,0.00108,-0.007770000000000001,0.0031428571428571447,0.831,1.97,5.16,0
74,1,0,0,0.41,0.069,0.5656,0.2,73.5,0.04,0.0286,0.045,0.05,0.02335,0.013,0.0318,0.015,0.0496,0.0326,0.0271,72.5,0.213,0.605,0.068,0.13,0.0,0.0,0.33,0.35,0.009,0.000602,0.000877,0.000662,0.008449,0.001173,0.002052,0.001024,0.664206,0.0143,-0.037,0.0176,-0.021,0.00109,-0.007765,0.0032142857142857194,0.326,0.847,2.95,0
75,1,0,0,0.425,0.037,0.5656,0.072,73.0,0.035,0.0405,0.039,0.04495,0.0265,0.017,0.0308,0.015,0.0525,0.062,0.0235,72.0,0.1617,0.58,0.1,0.135,0.0,0.0,0.33,0.35,0.0112,0.001928,0.004995,0.008458,0.001055,0.003506,0.00056166,0.005599,0.702286,-0.00103,0.00253,-0.00118,0.00147,0.000504,-0.002045,0.0017857142857142857,2.46,1.48,12.17,0
76,1,0,0,0.46,0.078,0.5656,0.046,74.0,0.0381,0.0286,0.0318,0.034,0.01735,0.0105,0.0286,0.015,0.042,0.0344,0.0344,71.0,0.1598,0.5244,0.068,0.13,0.0,0.0,0.33,0.35,0.0106,0.001439,0.000675,0.000716,0.005624,0.002071,0.001965,0.003805,0.66672,0.0185,-0.042,0.0227,-0.0226,0.00255,-0.00799,0.0044285714285714275,0.306,0.847,3.62,0
77,0,0,1,0.36,0.05,0.5656,0.046,71.0,0.04,0.0386,0.045,0.0435,0.02335,0.019,0.0318,0.015,0.05,0.03,0.0257,73.0,0.1268,0.52,0.068,0.12,0.0,0.0,0.33,0.35,0.009,0.007562,0.003304,0.000732,0.002239,0.007453,0.004453,0.006476,0.615054,-0.00279,0.00483,-0.00312,0.00261,0.00081,-0.0026449999999999998,0.0020714285714285704,4.41,3.85,4.68,0
78,1,0,0,0.39,0.055,0.5656,0.045,74.5,0.04,0.0286,0.045,0.0365,0.028,0.015,0.0349,0.015,0.04,0.035,0.03,74.0,0.157,0.58,0.068,0.12,0.0,0.0,0.33,0.35,0.007,0.007582,0.002587,0.005601,0.004211,0.006666,0.003619,0.002127,0.634679,0.0114,-0.0216,0.0131,-0.0119,0.000557,-0.004325,0.0017857142857142872,0.226,0.239,7.41,0
79,1,0,0,0.39,0.058,0.5656,0.045,74.0,0.04,0.0286,0.045,0.0365,0.028,0.015,0.0349,0.015,0.04,0.035,0.04,73.0,0.1347,0.57,0.068,0.12,0.0,0.0,0.33,0.35,0.007,0.001879,0.001777,0.000724,0.004791,0.007719,0.001398,0.00251,0.633597,0.0162,-0.0294,0.0188,-0.0153,0.000642,-0.0053349999999999995,0.0020714285714285674,0.333,0.945,4.97,0
80,0,0,1,0.40748,0.025,0.5656,0.065,75.5,0.04,0.0349,0.039,0.04795,0.02,0.016,0.03,0.015,0.07,0.05,0.025,73.5,0.11,0.43,0.068,0.13,0.0,0.0,0.33,0.35,0.0123,0.006436,0.002,0.00162,0.004114,0.001456,0.001924,0.00067558,0.692788,-0.0114,0.0197,-0.0118,0.0107,0.0028,-0.011300000000000001,0.0071428571428571366,1.94,1.4,2.35,0
81,0,0,1,0.445,0.06,0.5656,0.045,73.0,0.04,0.038,0.039,0.0429,0.0255,0.015,0.0342,0.015,0.0592,0.0489,0.032,72.0,0.19,0.6,0.073,0.135,0.0,0.0,0.33,0.35,0.0123,0.002461,0.001269,0.000577,0.001947,0.002167,0.001214,0.004476,0.717301,0.0194,-0.0468,0.0231,-0.0271,0.00171,-0.01015,0.0035714285714285618,0.798,2.0,3.38,0
82,0,0,1,0.445,0.06,0.5656,0.045,73.0,0.04,0.038,0.039,0.0429,0.0255,0.015,0.0342,0.015,0.0592,0.0489,0.032,71.5,0.17,0.57,0.073,0.135,0.0,0.0,0.33,0.35,0.0123,0.00086,0.003661,0.000865,0.00387,0.001059,0.008601,0.007742,0.707433,0.0137,-0.0312,0.0161,-0.0173,0.00093,-0.0063300000000000006,0.0025714285714285717,1.15,3.12,4.59,0
83,0,0,1,0.445,0.06,0.5656,0.045,73.0,0.04,0.038,0.039,0.0429,0.0255,0.015,0.0342,0.015,0.0592,0.0489,0.032,71.5,0.15,0.54,0.073,0.135,0.0,0.0,0.33,0.35,0.0123,0.000525,0.001798,0.007971,0.002347,0.00062358,0.00054189,0.00201,0.694412,0.0142,-0.0302,0.0167,-0.0161,0.00183,-0.00576,0.004571428571428571,1.27,3.62,3.93,0
84,1,0,0,0.425,0.037,0.5656,0.072,72.5,0.035,0.04,0.039,0.04495,0.023,0.0165,0.0302,0.015,0.048,0.062,0.0235,70.0,0.15,0.505,0.1,0.135,0.0,0.0,0.33,0.35,0.0112,0.001183,0.001209,0.001601,0.00347,0.005454,0.0009482,0.004366,0.68438,-0.00165,0.00385,-0.0019,0.00217,0.000757,-0.002805,0.0023571428571428567,2.24,1.81,6.25,0
85,0,0,1,0.385,0.02,0.5656,0.05,73.0,0.04,0.0349,0.04,0.04795,0.0245,0.016,0.03,0.015,0.05,0.04,0.025,69.5,0.11,0.3,0.068,0.135,0.0,0.0,0.33,0.35,0.0123,0.000717,0.004499,0.00138,0.00064871,0.001995,0.009459,0.001597,0.65472,-0.00583,0.0103,-0.00625,0.00557,0.00135,-0.006125,0.003785714285714286,1.87,1.76,2.38,0
86,0,0,1,0.425,0.037,0.5656,0.076,72.5,0.035,0.03175,0.046,0.0447,0.0255,0.0165,0.0342,0.015,0.048,0.062,0.0255,70.5,0.165,0.505,0.1,0.135,0.0,0.0,0.33,0.35,0.0112,0.000571,0.001452,0.001809,0.001008,0.005386,0.00061814,0.0005309,0.676512,-0.0113,0.0241,-0.0122,0.0143,0.0029,-0.019450000000000002,0.010714285714285699,0.968,0.495,2.1,0
87,1,0,0,0.425,0.032,0.5656,0.072,72.5,0.035,0.04,0.053,0.04495,0.023,0.0165,0.0302,0.015,0.055,0.065,0.0235,68.5,0.15,0.505,0.1,0.135,0.0,0.0,0.33,0.35,0.0112,0.002525,0.000711,0.001746,0.003363,0.006572,0.004262,0.002188,0.681273,-0.00231,0.00503,-0.00258,0.00282,0.00115,-0.003515,0.0036428571428571426,2.13,1.72,5.58,0
88,1,0,0,0.4475,0.06,0.5656,0.072,73.5,0.035,0.04,0.04,0.04495,0.023,0.0165,0.0302,0.015,0.0605,0.065,0.02,71.0,0.125,0.505,0.1,0.135,0.0,0.0,0.33,0.35,0.0112,0.006415,0.000846,0.005632,0.004623,0.00093717,0.002799,0.009508,0.721182,0.00456,-0.00943,0.00532,-0.00506,0.000769,-0.0018,0.0018571428571428571,1.0,2.76,11.69,0
89,0,0,1,0.445,0.06,0.5656,0.045,73.0,0.04,0.038,0.039,0.0429,0.0255,0.015,0.0342,0.015,0.0592,0.0489,0.032,71.5,0.17,0.57,0.073,0.135,0.0,0.0,0.33,0.35,0.0123,0.000565,0.003677,0.002777,0.001442,0.008948,0.001168,0.00061363,0.707433,0.0314,-0.0706,0.0369,-0.0398,0.00225,-0.014700000000000001,0.005714285714285716,0.514,1.21,3.28,0
90,1,0,0,0.425,0.037,0.5656,0.072,72.5,0.035,0.04,0.039,0.04495,0.023,0.0165,0.0302,0.015,0.048,0.062,0.0235,70.5,0.15,0.505,0.1,0.135,0.0,0.0,0.33,0.35,0.0112,0.00051,0.00532,0.001608,0.00239,0.0012,0.001776,0.00052281,0.684163,-0.00447,0.00922,-0.0048,0.00533,0.00107,-0.0070550000000000005,0.004499999999999996,1.24,0.691,4.26,0
91,0,0,1,0.425,0.035,0.5656,0.072,73.0,0.035,0.042,0.045,0.04495,0.024,0.01725,0.0342,0.015,0.06,0.062,0.0235,70.0,0.145,0.48,0.1,0.135,0.0,0.0,0.33,0.35,0.0112,0.003045,0.000858,0.003062,0.004055,0.001772,0.00514,0.0008578,0.673985,-0.00473,0.00956,-0.00524,0.00523,0.0027,-0.006314999999999999,0.009214285714285717,3.0,2.65,2.75,0
92,1,0,0,0.405,0.07,0.5656,0.045,74.0,0.04,0.0177,0.045,0.0365,0.02335,0.013,0.0318,0.015,0.0499,0.0491,0.0306,73.0,0.145,0.5151,0.068,0.13,0.0,0.0,0.33,0.35,0.009,0.002795,0.002758,0.004837,0.003879,0.005359,0.001248,0.00097065,0.653639,0.0336,-0.0645,0.0398,-0.0349,0.00118,-0.01245,0.0035714285714285618,0.179,0.498,4.64,0
93,0,0,1,0.405,0.07,0.5656,0.045,73.0,0.04,0.0286,0.045,0.0365,0.02335,0.013,0.0318,0.015,0.0479,0.0469,0.036,73.0,0.1798,0.5739,0.068,0.13,0.0,0.0,0.33,0.35,0.009,0.005132,0.002109,0.006336,0.005132,0.009655,0.00056869,0.00070202,0.658141,0.0354,-0.0756,0.0419,-0.0438,0.00256,-0.0162,0.007142857142857149,0.578,1.56,3.79,0
94,0,0,1,0.425,0.035,0.5656,0.06,72.5,0.035,0.04,0.039,0.04495,0.024,0.017,0.0304,0.015,0.06,0.062,0.0235,70.5,0.165,0.52,0.1,0.135,0.0,0.0,0.33,0.35,0.0112,0.006978,0.002704,0.004268,0.002506,0.009515,0.001588,0.00058729,0.70109,-0.00534,0.0113,-0.00573,0.00665,0.00217,-0.009260000000000001,0.008857142857142855,3.46,1.87,4.31,0
95,1,0,0,0.445,0.06,0.5656,0.06,73.5,0.035,0.04,0.039,0.04495,0.024,0.017,0.0304,0.015,0.06,0.062,0.0235,71.0,0.135,0.52,0.1,0.135,0.0,0.0,0.33,0.35,0.0112,0.001237,0.001633,0.004103,0.001647,0.00073674,0.004519,0.001595,0.745232,0.0102,-0.022,0.0119,-0.0124,0.00122,-0.004555,0.004071428571428566,0.646,1.66,5.72,0
96,0,0,1,0.405,0.07,0.5656,0.045,74.0,0.04,0.03015,0.045,0.0365,0.02335,0.013,0.0349,0.015,0.0484,0.0504,0.0356,73.0,0.2204,0.5854,0.068,0.13,0.0,0.0,0.33,0.35,0.009,0.000716,0.009093,0.002638,0.005611,0.001342,0.001037,0.00095586,0.669791,0.0345,-0.0835,0.041,-0.0516,0.00163,-0.01985,0.004999999999999994,0.488,1.28,3.15,0
97,1,0,0,0.445,0.06,0.5656,0.06,73.5,0.035,0.04,0.039,0.04495,0.024,0.017,0.0304,0.015,0.06,0.062,0.0235,70.0,0.125,0.52,0.1,0.135,0.0,0.0,0.33,0.35,0.0112,0.002869,0.006462,0.000601,0.00483,0.00084102,0.00116,0.005219,0.720697,0.0084,-0.0173,0.00973,-0.00929,0.000499,-0.00329,0.0018571428571428556,0.578,1.62,8.31,0
98,1,0,0,0.408,0.068,0.5656,0.03,73.0,0.04,0.0254,0.0318,0.0365,0.017,0.012,0.0286,0.015,0.0307,0.0195,0.0252,72.5,0.1442,0.5475,0.068,0.13,0.0,0.0,0.33,0.35,0.007,0.002196,0.006033,0.001306,0.001748,0.00256,0.00061768,0.001004,0.633785,0.03,-0.0581,0.0359,-0.0314,0.00215,-0.011300000000000001,0.005714285714285716,0.211,0.578,3.52,0
99,0,0,1,0.407,0.0675,0.5656,0.045,73.0,0.04,0.0327,0.045,0.0365,0.02335,0.013,0.056,0.015,0.0217,0.0433,0.0227,73.5,0.1324,0.5903,0.068,0.13,0.0,0.0,0.33,0.35,0.009,0.00084,0.004736,0.006037,0.003135,0.002897,0.00097564,0.00096429,0.654093,0.0246,-0.0499,0.029,-0.0276,0.00209,-0.010069999999999999,0.0032857142857142876,0.5,0.989,3.49,0
100,1,0,0,0.405,0.07,0.5656,0.045,74.0,0.04,0.0312,0.045,0.04,0.02335,0.013,0.037,0.015,0.0548,0.0555,0.0309,73.0,0.145,0.5215,0.068,0.135,0.0,0.0,0.33,0.35,0.009,0.008274,0.000729,0.002609,0.001755,0.001202,0.006831,0.00081678,0.656339,0.0179,-0.0345,0.0215,-0.0184,0.00199,-0.006585,0.0042142857142857156,0.338,0.833,3.67,0
101,0,0,1,0.45,0.07,0.5656,0.18,70.0,0.045,0.0552,0.05,0.0365,0.035,0.019,0.0318,0.015,0.0622,0.0699,0.0855,70.0,0.145,0.6199,0.08,0.13,0.0,0.0,0.33,0.35,0.009,0.008941,0.007989,0.000678,0.00075254,0.00339,0.003658,0.00493,0.684298,0.02,-0.0437,0.0243,-0.0216,0.00075,-0.00751,0.002714285714285715,0.721,1.89,6.36,0
102,0,0,1,0.325,0.07,0.5656,0.05,72.0,0.041,0.02385,0.0414,0.0365,0.02335,0.013,0.0318,0.015,0.0495,0.0371,0.0258,72.0,0.1025,0.4321,0.068,0.13,0.0,0.0,0.33,0.35,0.012,0.004499,0.005363,0.002884,0.00051938,0.002165,0.00304,0.00057707,0.515196,0.00581,-0.00407,0.00694,0.000227,0.00155,0.0006245,0.010935714285714285,0.779,0.54,1.85,0
103,1,0,0,0.405,0.07,0.5656,0.045,74.0,0.04,0.0286,0.045,0.0365,0.02335,0.013,0.0318,0.015,0.0499,0.0491,0.0306,73.0,0.145,0.5151,0.068,0.13,0.0,0.0,0.33,0.35,0.009,0.00593,0.000572,0.000832,0.001632,0.001618,0.001815,0.003057,0.653639,0.016,-0.0313,0.0194,-0.0167,0.00161,-0.005985000000000001,0.0034999999999999996,0.331,0.871,4.01,0
104,0,0,1,0.43,0.057,0.5656,0.045,75.0,0.035,0.0317,0.04,0.0365,0.02335,0.013,0.035,0.015,0.0448,0.0273,0.049,77.0,0.1446,0.6123,0.068,0.13,0.0,0.0,0.33,0.35,0.009,0.005289,0.005406,0.007159,0.00077601,0.001219,0.00424,0.00097635,0.69925,0.0339,-0.0736,0.0395,-0.0408,0.0025,-0.0149,0.005714285714285704,0.663,1.42,4.1,0
105,1,0,0,0.405,0.07,0.5656,0.045,74.0,0.04,0.0436,0.045,0.0615,0.02335,0.013,0.0458,0.015,0.0638,0.0623,0.0505,73.0,0.145,0.5283,0.068,0.13,0.0,0.0,0.33,0.35,0.009,0.00193,0.001031,0.002062,0.00066164,0.001169,0.003701,0.001225,0.661363,0.00537,-0.011,0.00678,-0.0056,0.00102,-0.0019749999999999998,0.0014999999999999992,0.815,1.72,4.25,0
106,1,0,0,0.4,0.037,0.5656,0.025,74.0,0.0381,0.0254,0.0317,0.034,0.01735,0.0105,0.0286,0.015,0.044,0.3,0.03,74.0,0.1238,0.5,0.068,0.135,0.0,0.0,0.33,0.35,0.0106,0.001261,0.005566,0.001501,0.003069,0.001826,0.007055,0.00076811,0.633267,-0.0124,0.027,-0.0136,0.0121,0.00212,-0.011300000000000001,0.005714285714285716,0.541,0.538,3.36,0
107,0,0,1,0.43,0.057,0.5656,0.045,75.0,0.035,0.0317,0.04,0.0365,0.02335,0.013,0.035,0.015,0.0448,0.0273,0.049,75.0,0.2685,0.6123,0.068,0.13,0.0,0.0,0.33,0.35,0.009,0.001083,0.00077,0.002011,0.007382,0.003817,0.001453,0.001331,0.666963,0.0294,-0.0828,0.0342,-0.0528,0.00297,-0.0206,0.008571428571428568,0.477,1.24,2.44,0
108,1,0,0,0.38,0.037,0.5656,0.045,72.0,0.0381,0.0175,0.0317,0.034,0.01735,0.0105,0.0286,0.015,0.044,0.035,0.167,72.0,0.2673,0.42,0.068,0.135,0.0,0.0,0.33,0.35,0.0106,0.008652,0.009869,0.005021,0.005949,0.00095586,0.003545,0.001544,0.581696,-0.00549,0.0145,-0.00604,0.00851,0.0011,-0.01105,0.005000000000000006,0.622,0.572,4.01,0
111,1,0,0,0.41,0.069,0.5656,0.045,73.0,0.04,0.0327,0.04,0.0365,0.025,0.02,0.0318,0.015,0.0513,0.0287,0.04,73.0,0.1507,0.585,0.068,0.13,0.0,0.0,0.33,0.35,0.007,0.008378,0.007259,0.007585,0.00055148,0.00444,0.00087299,0.003237,0.664342,0.00933,-0.0189,0.0113,-0.0102,0.000787,-0.0036550000000000003,0.0026428571428571434,0.536,0.972,10.56,0
112,0,0,1,0.407,0.0675,0.5656,0.045,73.0,0.04,0.03475,0.045,0.0365,0.02335,0.0175,0.056,0.015,0.0217,0.0433,0.0227,73.5,0.1324,0.5903,0.068,0.13,0.0,0.0,0.33,0.35,0.009,0.000994,0.002689,0.002785,0.00304,0.001734,0.001048,0.002018,0.654093,0.023,-0.0465,0.0271,-0.0257,0.00205,-0.009395,0.0036428571428571426,0.464,0.981,2.89,0
113,1,0,0,0.39971,0.07,0.5656,0.034,73.5,0.04,0.0286,0.0318,0.0365,0.022,0.013,0.0289,0.015,0.0431,0.0219,0.0303,76.0,0.186,0.6119,0.068,0.12,0.0,0.0,0.33,0.35,0.009,0.002259,0.004139,0.009146,0.009146,0.00082337,0.009956,0.001846,0.65101,0.0122,-0.0265,0.0144,-0.0157,0.00081,-0.00581,0.002857142857142852,0.367,1.07,6.8,0
114,1,0,0,0.405,0.025,0.5656,0.045,72.0,0.04,0.0286,0.045,0.0365,0.02335,0.0215,0.0318,0.015,0.048,0.045,0.0243,71.5,0.105,0.305,0.068,0.13,0.0,0.0,0.33,0.35,0.009,0.001342,0.003943,0.004036,0.001576,0.001422,0.003454,0.005176,0.607482,-0.00269,0.00414,-0.00282,0.00199,0.000645,-0.001585,0.0017857142857142857,1.03,1.5,5.97,0
115,0,0,1,0.41,0.07,0.5656,0.045,74.0,0.04,0.0286,0.045,0.0365,0.02335,0.013,0.0349,0.015,0.0477,0.0385,0.0335,73.0,0.1098,0.5585,0.068,0.13,0.0,0.0,0.33,0.35,0.007,0.001543,0.001462,0.002151,0.00052897,0.001391,0.002925,0.004278,0.63861,0.0215,-0.0387,0.0263,-0.0182,0.00252,-0.00587,0.008285714285714282,0.815,1.34,2.59,0
116,1,0,0,0.405,0.025,0.5656,0.045,72.0,0.04,0.0286,0.045,0.0365,0.02335,0.0215,0.0318,0.015,0.048,0.045,0.0243,71.5,0.105,0.305,0.068,0.13,0.0,0.0,0.33,0.35,0.009,0.001466,0.00149,0.003994,0.001528,0.002457,0.001183,0.001834,0.607482,-0.00419,0.00632,-0.00436,0.00305,0.00111,-0.002445,0.00307142857142857,0.806,1.06,3.94,0
117,1,0,0,0.405,0.07,0.5656,0.045,73.0,0.04,0.0286,0.045,0.0365,0.02335,0.013,0.0318,0.015,0.0499,0.045,0.0433,73.0,0.23,0.68,0.068,0.13,0.0,0.0,0.33,0.35,0.009,0.00223,0.000717,0.000895,0.00822,0.004798,0.002191,0.0009657,0.69629,0.0305,-0.0804,0.0366,-0.0506,0.00179,-0.0195,0.005714285714285729,0.191,0.489,4.21,0
118,1,0,0,0.34,-0.025,0.5656,0.045,74.0,0.04,0.0286,0.045,0.0365,0.02335,0.015,0.0318,0.015,0.0431,0.0244,0.0253,72.5,0.11,0.2444,0.068,0.13,0.0,0.0,0.33,0.35,0.009,0.004067,0.001139,0.000777,0.004067,0.002233,0.006708,0.003098,0.579669,-0.00345,0.00435,-0.00327,0.00207,0.000652,-0.001805,0.0020714285714285704,1.18,1.48,3.62,0
119,1,0,0,0.405,0.07,0.5656,0.045,74.0,0.04,0.0286,0.045,0.0365,0.02335,0.013,0.0318,0.015,0.0499,0.049,0.034,73.0,0.145,0.515,0.068,0.13,0.0,0.0,0.33,0.35,0.009,0.000664,0.009949,0.002142,0.007222,0.001236,0.004503,0.001755,0.653639,0.0164,-0.0317,0.0193,-0.0172,0.000735,-0.006055,0.0023571428571428537,0.334,0.935,5.51,0
120,0,0,1,0.415,0.057,0.5656,0.06,75.5,0.04,0.0352,0.05,0.0365,0.027,0.02,0.045,0.015,0.0686,0.0487,0.0615,77.5,0.18,0.5687,0.068,0.13,0.0,0.0,0.33,0.35,0.009,0.002299,0.003493,0.003363,0.001746,0.001946,0.002669,0.00053715,0.682442,0.0343,-0.0738,0.0399,-0.0411,0.00187,-0.015,0.004285714285714284,0.549,1.28,3.33,0
121,1,0,0,0.405,0.04,0.5656,0.045,73.0,0.04,0.0286,0.045,0.0365,0.02335,0.013,0.0318,0.015,0.0499,0.045,0.0433,73.0,0.2614,0.68,0.068,0.13,0.0,0.0,0.33,0.35,0.009,0.000835,0.000694,0.005973,0.002174,0.001349,0.004547,0.00080993,0.677858,-0.00363,0.0106,-0.00408,0.00692,0.00203,-0.0123,0.005714285714285704,1.18,0.614,4.59,0
123,1,0,0,0.41,0.068,0.5656,0.045,72.5,0.04,0.027,0.0318,0.0365,0.02335,0.013,0.0286,0.015,0.0409,0.0265,0.0328,73.5,0.1808,0.57,0.068,0.13,0.0,0.0,0.33,0.35,0.009,0.000568,0.007431,0.001194,0.002299,0.00602,0.002623,0.001129,0.662866,0.0284,-0.0624,0.0338,-0.0364,0.000963,-0.0137,0.002857142857142852,0.192,0.497,4.89,0
124,0,0,1,0.405,0.07,0.5656,0.08,73.0,0.04,0.05,0.055,0.05,0.0285,0.013,0.05,0.015,0.0558,0.0326,0.0306,73.0,0.1511,0.5326,0.068,0.13,0.0,0.0,0.33,0.35,0.009,0.002653,0.001159,0.009783,0.001513,0.001618,0.005595,0.007496,0.65683,0.00322,-0.00685,0.00403,-0.00351,0.000841,-0.0014099999999999998,0.001714285714285714,1.63,2.84,7.13,0
125,0,0,1,0.454,0.069,0.5656,0.055,74.5,0.041,0.03175,0.05,0.0365,0.027,0.014,0.0318,0.015,0.0556,0.0558,0.0225,71.0,0.1173,0.51,0.073,0.135,0.0,0.0,0.33,0.35,0.008,0.000755,0.004421,0.002611,0.009515,0.001806,0.007618,0.00072498,0.708724,0.0486,-0.0988,0.0564,-0.0525,0.00196,-0.01815,0.004999999999999994,0.525,1.52,3.01,0
126,1,0,0,0.9193,0.1,0.5656,0.045,58.5,0.04,0.0286,0.045,0.0365,0.02335,0.013,0.0318,0.015,0.0624,0.071,0.0353,63.0,0.0853,0.537,0.068,0.135,0.0,0.0,0.33,0.35,0.009,0.003249,0.002494,0.000644,0.004082,0.00091952,0.003811,0.001451,0.572807,0.0246,-0.063,0.0315,-0.00865,0.00309,-0.001165,0.004357142857142856,0.203,1.46,5.17,0
127,0,0,1,0.405,0.07,0.5656,0.08,73.0,0.04,0.05,0.055,0.05,0.0285,0.013,0.05,0.015,0.0558,0.0326,0.0306,73.0,0.1504,0.5326,0.068,0.13,0.0,0.0,0.33,0.35,0.009,0.000518,0.003876,0.002159,0.00082699,0.00107,0.008196,0.00080786,0.64933,0.0114,-0.0225,0.0138,-0.0118,0.00119,-0.0042699999999999995,0.002857142857142858,1.36,2.01,2.88,0
128,1,0,0,0.426,0.082,0.5656,0.045,72.0,0.04,0.0256,0.0286,0.0365,0.02285,0.015,0.0286,0.015,0.0347,0.0239,0.0332,72.0,0.1481,0.5939,0.068,0.13,0.0,0.0,0.33,0.35,0.0143,0.002392,0.0007,0.002817,0.001635,0.003887,0.006581,0.00706,0.664244,0.0108,-0.0235,0.0134,-0.0128,0.00136,-0.00465,0.0025714285714285717,0.434,1.14,6.31,0
129,1,0,0,0.399,0.07,0.5656,0.045,74.5,0.04,0.0286,0.045,0.0365,0.02335,0.013,0.0318,0.015,0.0499,0.0497,0.033,73.0,0.125,0.4747,0.068,0.13,0.0,0.0,0.33,0.35,0.009,0.000755,0.00205,0.003007,0.00095376,0.008722,0.002154,0.002523,0.653639,0.014,-0.026,0.017,-0.0134,0.00117,-0.004699999999999999,0.002857142857142858,0.403,1.09,4.87,0
130,1,0,0,0.42,0.024,0.5656,0.041,73.5,0.04,0.0292,0.05,0.0365,0.022,0.016,0.0318,0.015,0.054,0.0401,0.0212,70.5,0.12,0.32,0.068,0.135,0.0,0.0,0.33,0.35,0.008,0.000736,0.007908,0.007908,0.0008472,0.005486,0.00063324,0.006462,0.698784,-0.00257,0.00536,-0.00285,0.00299,0.00089,-0.003665,0.0025,0.994,0.997,9.07,0
131,1,0,0,0.41,0.069,0.5656,0.2,73.5,0.04,0.0286,0.045,0.05,0.02335,0.013,0.0318,0.015,0.0496,0.0326,0.0271,72.5,0.213,0.605,0.068,0.13,0.0,0.0,0.33,0.35,0.009,0.003979,0.001542,0.000544,0.001429,0.002566,0.005889,0.00070821,0.664206,0.0202,-0.0502,0.025,-0.029,0.00128,-0.01115,0.0035714285714285744,0.149,0.33,3.46,0
132,0,0,1,0.28,-0.04,0.5656,0.024,76.0,0.04,0.0302,0.045,0.0381,0.0275,0.019,0.0318,0.015,0.0353,0.025,0.0229,74.5,0.11,0.17,0.068,0.135,0.0,0.0,0.33,0.35,0.009,0.000771,0.002234,0.002695,0.002264,0.00088391,0.00393,0.00086346,0.523176,-0.00487,0.00451,-0.00438,0.00153,0.00067,-0.0013249999999999998,0.0029285714285714284,2.47,2.46,1.51,0
133,1,0,0,0.36473,0.025,0.5656,0.075,75.0,0.04,0.0254,0.035,0.0365,0.0235,0.013,0.03,0.015,0.04,0.025,0.035,74.0,0.1561,0.545,0.068,0.13,0.0,0.0,0.33,0.35,0.009,0.001159,0.004316,0.001634,0.00051976,0.002314,0.00054547,0.00089693,0.587486,-0.00704,0.0121,-0.00742,0.00679,0.000977,-0.0073349999999999995,0.0042142857142857095,0.74,0.7,3.47,0
134,1,0,0,0.398,0.067,0.5656,0.03,74.0,0.0381,0.0254,0.0317,0.034,0.01735,0.0105,0.0286,0.015,0.0353,0.0141,0.0285,72.0,0.1213,0.5341,0.068,0.13,0.0,0.0,0.33,0.35,0.0106,0.0021,0.000523,0.000563,0.002306,0.002466,0.00099001,0.0016,0.630675,0.0311,-0.0556,0.0371,-0.0282,0.00338,-0.009815,0.006928571428571431,0.203,0.581,2.29,0
135,0,0,1,0.4,0.02,0.5656,0.045,74.0,0.04,0.0286,0.045,0.0365,0.02835,0.012,0.0318,0.015,0.0469,0.0345,0.0325,68.5,0.115,0.3005,0.068,0.135,0.0,0.0,0.33,0.35,0.009,0.00088,0.001114,0.000946,0.00085748,0.00238,0.003296,0.002816,0.626198,-0.00933,0.0159,-0.00984,0.00807,0.0019,-0.00867,0.006000000000000003,1.62,1.62,1.88,0
136,1,0,0,0.405,0.07,0.5656,0.045,74.0,0.04,0.0267,0.037,0.0365,0.02335,0.013,0.028,0.015,0.041,0.0256,0.0401,73.0,0.1201,0.5456,0.068,0.13,0.0,0.0,0.33,0.35,0.007,0.005265,0.001196,0.005398,0.003794,0.00082037,0.003867,0.00050183,0.628323,0.0223,-0.0394,0.0264,-0.0196,0.00204,-0.0066300000000000005,0.005142857142857137,0.29,0.873,4.0,0
137,0,0,1,0.415,0.057,0.5656,0.06,75.5,0.04,0.0327,0.05,0.0365,0.027,0.02,0.05,0.015,0.0739,0.0458,0.0588,77.5,0.2,0.5858,0.068,0.13,0.0,0.0,0.33,0.35,0.009,0.003801,0.000706,0.0018,0.004903,0.001997,0.007565,0.0009266,0.68559,0.0455,-0.102,0.0527,-0.0586,0.00302,-0.0232,0.005714285714285704,0.238,0.557,2.84,0
138,0,0,1,0.325,-0.04,0.5656,0.045,70.0,0.04,0.0286,0.045,0.0365,0.02335,0.015,0.0318,0.015,0.0444,0.0322,0.0222,75.5,0.0898,0.1572,0.068,0.13,0.0,0.0,0.33,0.35,0.0112,0.003778,0.001263,0.00393,0.002244,0.005438,0.008335,0.001069,0.508894,0.0425,-0.0949,0.0498,-0.0543,0.00317,-0.0201,0.008571428571428568,0.49,1.36,3.15,0
139,0,0,1,0.41048,0.07,0.5656,0.045,74.0,0.04,0.0286,0.045,0.045,0.02335,0.013,0.055,0.015,0.022,0.0165,0.0235,73.0,0.1383,0.5765,0.068,0.13,0.0,0.0,0.33,0.35,0.009,0.004988,0.000748,0.005219,0.001409,0.002671,0.00060075,0.001248,0.638831,0.0212,-0.0439,0.0257,-0.0235,0.00315,-0.008515,0.004785714285714288,0.412,0.811,2.85,0
140,1,0,0,0.45,0.06,0.5656,0.072,73.0,0.035,0.04,0.039,0.04495,0.023,0.0165,0.0302,0.015,0.0605,0.065,0.02,72.0,0.11,0.485,0.1,0.135,0.0,0.0,0.33,0.35,0.0112,0.001065,0.001081,0.001691,0.00117,0.003504,0.00629,0.002069,0.750637,0.0135,-0.0282,0.0159,-0.0153,0.00155,-0.005525,0.0042142857142857095,0.49,1.11,4.51,0
141,1,0,0,0.43,0.07,0.5656,0.045,74.5,0.04,0.0286,0.045,0.0365,0.02335,0.013,0.0318,0.015,0.0501,0.0484,0.036,71.5,0.11,0.5184,0.068,0.135,0.0,0.0,0.33,0.35,0.009,0.002308,0.007296,0.003207,0.00086346,0.002568,0.00051976,0.00369,0.658308,0.0123,-0.0231,0.0149,-0.0111,0.000939,-0.003715,0.002214285714285717,0.433,1.0,6.72,0
142,0,0,1,0.40504,0.07,0.5656,0.045,74.0,0.04,0.0427,0.05,0.0365,0.045,0.019,0.0318,0.015,0.0499,0.0486,0.034,75.0,0.0411,0.5146,0.068,0.13,0.0,0.0,0.33,0.35,0.009,0.00361,0.000747,0.001477,0.00052665,0.00634,0.008954,0.00094129,0.627831,0.0189,-0.0256,0.0223,-0.00861,0.00142,-0.002275,0.0055,0.895,1.08,2.8,0
143,0,0,1,0.39,0.01,0.5656,0.045,73.5,0.04,0.0286,0.045,0.0365,0.02985,0.018,0.0318,0.015,0.0457,0.0442,0.0281,69.5,0.115,0.3002,0.068,0.135,0.0,0.0,0.33,0.35,0.009,0.004869,0.001313,0.003049,0.005872,0.00071446,0.00088197,0.003634,0.639401,-0.00611,0.00964,-0.00617,0.00521,0.00104,-0.006155,0.0033571428571428563,1.79,2.22,3.2,0
144,1,0,0,0.4,0.01,0.5656,0.045,71.5,0.04,0.0286,0.045,0.0365,0.02835,0.0185,0.0318,0.015,0.0455,0.0316,0.0302,70.0,0.115,0.3016,0.068,0.13,0.0,0.0,0.33,0.35,0.01,0.001331,0.001276,0.000816,0.001682,0.007989,0.00064918,0.00483,0.650979,-0.00394,0.0067,-0.00397,0.00362,0.000699,-0.0043549999999999995,0.0020714285714285674,1.02,0.909,5.18,0
145,0,0,1,0.4,0.075,0.5656,0.1,72.0,0.04,0.0225,0.045,0.0365,0.0235,0.025,0.0318,0.02,0.0525,0.05,0.0317,73.0,0.106,0.51,0.068,0.13,0.0,0.0,0.33,0.35,0.009,0.000611,0.000578,0.009956,0.00073674,0.005308,0.009093,0.00081618,0.602118,0.0422,-0.0652,0.051,-0.0276,0.00502,-0.008584999999999999,0.013214285714285708,0.476,1.56,1.97,0
146,1,0,0,0.4,0.01,0.5656,0.045,71.5,0.04,0.0286,0.045,0.0365,0.02835,0.0185,0.0318,0.015,0.0455,0.0316,0.0302,70.0,0.115,0.3016,0.068,0.13,0.0,0.0,0.33,0.35,0.01,0.002313,0.006767,0.000514,0.005339,0.009613,0.00093648,0.004599,0.650979,-0.00391,0.00661,-0.00392,0.0035,0.000354,-0.003725,0.0012142857142857142,1.1,1.13,7.61,0
147,1,0,0,0.405,0.068,0.5656,0.045,72.5,0.04,0.0286,0.045,0.0365,0.02335,0.013,0.0318,0.015,0.0493,0.0476,0.0329,73.0,0.1106,0.52,0.068,0.13,0.0,0.0,0.33,0.35,0.009,0.001358,0.008018,0.002569,0.004613,0.00097564,0.008703,0.001204,0.657006,0.0203,-0.0362,0.0238,-0.0182,0.00089,-0.006215,0.002499999999999997,0.307,0.9,5.14,0
148,1,0,0,0.4,0.03,0.5656,0.045,73.0,0.04,0.0286,0.045,0.0365,0.02335,0.013,0.0318,0.015,0.0499,0.045,0.07,74.0,0.3,0.64,0.068,0.13,0.0,0.0,0.33,0.35,0.009,0.001846,0.00159,0.000671,0.00079497,0.001326,0.005402,0.001013,0.648388,-0.00544,0.0168,-0.0059,0.0113,0.0016,-0.02065,0.005000000000000019,0.753,0.32,3.24,0
149,1,0,0,0.41199,0.07,0.5656,0.08,72.0,0.04,0.03,0.045,0.0365,0.0285,0.012,0.0318,0.015,0.0519,0.036,0.0287,74.0,0.1273,0.476,0.068,0.13,0.0,0.0,0.33,0.35,0.01,0.009349,0.004268,0.008514,0.002103,0.003358,0.005058,0.00058045,0.627497,0.014,-0.0241,0.0165,-0.0119,0.000781,-0.00409,0.002142857142857142,0.421,1.39,6.26,0
150,1,0,0,0.41,0.072,0.5656,0.045,72.5,0.04,0.0286,0.045,0.0365,0.02335,0.013,0.0318,0.015,0.0483,0.0256,0.033,73.0,0.15,0.54,0.068,0.13,0.0,0.0,0.33,0.35,0.009,0.004763,0.004834,0.007562,0.005231,0.00078343,0.001406,0.009254,0.657558,0.00725,-0.0146,0.00869,-0.00791,0.00053,-0.00283,0.001571428571428569,0.576,1.67,9.66,0
151,0,0,1,0.43,0.069,0.5656,0.055,74.0,0.041,0.03655,0.05,0.0395,0.027,0.0135,0.0318,0.015,0.06,0.04,0.035,71.25,0.1557,0.6,0.073,0.135,0.0,0.0,0.33,0.35,0.008,0.006443,0.001552,0.000647,0.001668,0.00065875,0.001369,0.003901,0.686564,0.0237,-0.0504,0.0285,-0.0272,0.00164,-0.00979,0.0044285714285714215,0.807,1.9,3.1,0
152,0,0,1,0.43,0.035,0.5656,0.072,73.0,0.035,0.037,0.056,0.04745,0.028,0.01775,0.0349,0.015,0.048,0.062,0.0235,68.0,0.135,0.48,0.1,0.135,0.0,0.0,0.33,0.35,0.0112,0.001114,0.00292,0.000877,0.003288,0.00347,0.008299,0.00074052,0.672719,-0.00985,0.0189,-0.0104,0.0106,0.00137,-0.012400000000000001,0.005714285714285716,1.57,0.913,2.52,0
153,0,0,1,0.405,0.07,0.5656,0.045,74.0,0.04,0.0286,0.045,0.0365,0.02335,0.013,0.0318,0.015,0.0499,0.049,0.034,73.0,0.145,0.515,0.068,0.13,0.0,0.0,0.33,0.35,0.009,0.00093,0.001274,0.002234,0.00273,0.002254,0.004739,0.002202,0.653639,0.0302,-0.0589,0.0363,-0.0314,0.00239,-0.01125,0.006428571428571426,0.659,1.84,2.15,0
154,1,0,0,0.41,0.072,0.5656,0.045,72.5,0.04,0.0286,0.045,0.0365,0.02335,0.013,0.0318,0.015,0.0483,0.0256,0.033,73.0,0.15,0.54,0.068,0.13,0.0,0.0,0.33,0.35,0.009,0.006167,0.002264,0.0012,0.001316,0.00054787,0.00065682,0.001258,0.657558,0.0259,-0.0517,0.0312,-0.0281,0.00136,-0.010165,0.0033571428571428563,0.242,0.638,3.76,0
155,1,0,0,0.405,0.07,0.5656,0.045,75.0,0.04,0.0286,0.045,0.0365,0.02335,0.013,0.0318,0.015,0.049,0.0669,0.0395,71.5,0.145,0.6129,0.068,0.135,0.0,0.0,0.33,0.35,0.009,0.002675,0.000971,0.00555,0.00083489,0.007076,0.005069,0.0009022,0.644601,0.0176,-0.0348,0.0215,-0.018,0.00218,-0.006319999999999999,0.005,0.35,1.01,5.04,0
156,1,0,0,0.413,0.005,0.5656,0.045,72.5,0.04,0.0286,0.045,0.0365,0.03335,0.018,0.0318,0.015,0.049,0.0416,0.0216,69.0,0.1248,0.3414,0.068,0.135,0.0,0.0,0.33,0.35,0.009,0.00095,0.001444,0.004225,0.006144,0.005744,0.0005096,0.002075,0.653301,-0.00398,0.00661,-0.00398,0.00361,0.000553,-0.0040750000000000005,0.0017857142857142809,0.884,1.14,5.48,0
157,1,0,0,0.414,0.037,0.5656,0.045,73.0,0.04,0.0286,0.045,0.0365,0.02335,0.013,0.0318,0.015,0.0499,0.045,0.065,74.0,0.3,0.63,0.068,0.13,0.0,0.0,0.33,0.35,0.009,0.000778,0.001018,0.004097,0.005028,0.005653,0.001012,0.002296,0.666292,-0.00205,0.00686,-0.00232,0.0045,0.00102,-0.008379999999999999,0.003428571428571425,1.32,0.854,6.22,0
159,1,0,0,0.405,0.045,0.5656,0.08,73.0,0.04,0.0286,0.045,0.0365,0.02335,0.013,0.0318,0.015,0.0659,0.047,0.0824,73.0,0.249,0.647,0.068,0.135,0.0,0.0,0.33,0.35,0.003,0.00537,0.003514,0.002525,0.004862,0.002846,0.005546,0.002388,0.653853,-0.00318,0.00846,-0.00354,0.00514,0.000673,-0.00737,0.0024285714285714284,1.1,0.971,6.41,0
160,1,0,0,0.405,0.07,0.5656,0.045,74.0,0.04,0.0286,0.045,0.0365,0.02335,0.013,0.0318,0.015,0.0493,0.0486,0.0308,73.0,0.1525,0.515,0.068,0.13,0.0,0.0,0.33,0.35,0.009,0.001692,0.003901,0.001776,0.00063324,0.006664,0.001766,0.003078,0.65331,0.0142,-0.0283,0.0172,-0.0154,0.00101,-0.005545,0.0029285714285714266,0.353,0.818,5.63,0
161,1,0,0,0.41582,0.066,0.5656,0.045,73.5,0.04,0.0286,0.045,0.0365,0.02335,0.013,0.0318,0.015,0.048,0.0441,0.038,73.0,0.1761,0.6141,0.068,0.13,0.0,0.0,0.33,0.35,0.009,0.000863,0.007646,0.000623,0.007793,0.004718,0.002218,0.001145,0.669158,0.029,-0.0637,0.034,-0.0365,0.000869,-0.0133,0.002857142857142852,0.2,0.543,5.36,0
162,0,0,1,0.407,0.0706,0.5656,0.045,73.0,0.04,0.03116,0.048,0.0365,0.034495,0.017,0.056,0.015,0.0217,0.0433,0.0227,73.5,0.096,0.55,0.068,0.13,0.0,0.0,0.33,0.35,0.009,0.009913,0.007398,0.000612,0.005686,0.0053,0.001118,0.00052243,0.653315,0.0874,-0.16,0.102,-0.0837,0.000775,-0.0291,0.00142857142857142,0.15,0.388,4.51,0
163,1,0,0,0.41,0.071,0.5656,0.045,73.0,0.04,0.0286,0.045,0.0365,0.02335,0.013,0.0318,0.015,0.0555,0.0226,0.0491,73.75,0.1599,0.575,0.068,0.13,0.0,0.0,0.33,0.35,0.009,0.0054,0.002329,0.000628,0.004571,0.002142,0.00078142,0.004048,0.661395,0.014,-0.0293,0.0169,-0.0157,0.00078,-0.0055899999999999995,0.0022857142857142855,0.366,1.02,5.42,0
165,1,0,0,0.405,0.0,0.5656,0.045,74.0,0.04,0.0286,0.045,0.0365,0.02335,0.013,0.0318,0.015,0.0508,0.0488,0.0344,73.0,0.145,0.5148,0.068,0.13,0.0,0.0,0.33,0.35,0.009,0.00128,0.005422,0.000843,0.00092762,0.00054547,0.002425,0.00054547,0.599031,-0.0123,0.0197,-0.0122,0.0103,0.00121,-0.009285,0.0035000000000000057,0.463,0.543,3.46,0
166,1,0,0,0.315,-0.03,0.5656,0.029,70.0,0.04,0.0286,0.045,0.0365,0.01985,0.015,0.0318,0.015,0.0319,0.0255,0.0234,72.5,0.0963,0.2055,0.068,0.135,0.0,0.0,0.33,0.35,0.0112,0.002512,0.001152,0.002123,0.001026,0.003833,0.004088,0.0008472,0.509994,-0.0035,0.00301,-0.00331,0.000584,0.00119,6.350000000000003e-05,0.005192857142857142,0.834,0.914,2.29,0
167,1,0,0,0.35052,0.0,0.5656,0.045,72.5,0.04,0.0286,0.045,0.0365,0.025,0.019,0.0318,0.015,0.0576,0.0398,0.0211,73.0,0.1193,0.29,0.068,0.13,0.0,0.0,0.33,0.35,0.009,0.001229,0.006308,0.002838,0.006591,0.00104,0.00075862,0.00075862,0.594126,-0.00524,0.00658,-0.00518,0.00328,0.00055,-0.003065,0.0017857142857142872,0.748,0.883,4.37,0
168,0,0,1,0.459,0.043,0.5656,0.07,73.0,0.04,0.0374,0.05,0.055,0.02335,0.015,0.0348,0.015,0.0464,0.0512,0.0386,70.0,0.12,0.533,0.064,0.13,0.0,0.0,0.33,0.35,0.0123,0.009754,0.000586,0.004919,0.001975,0.002075,0.002914,0.007607,0.689458,-0.00142,0.00388,-0.00184,0.00196,0.00109,-0.002015,0.001357142857142856,3.39,6.4,6.07,0
169,1,0,0,0.42999,0.07,0.5656,0.045,73.5,0.04,0.0286,0.045,0.0365,0.02335,0.013,0.0318,0.015,0.0506,0.0372,0.0382,72.0,0.1299,0.5572,0.068,0.13,0.0,0.0,0.33,0.35,0.009,0.005607,0.008335,0.00937,0.003351,0.008409,0.009733,0.007222,0.63514,0.00746,-0.014,0.00894,-0.00671,0.000605,-0.00224,0.0015714285714285724,0.602,1.79,10.66,0
170,1,0,0,0.365,0.005,0.5656,0.037,74.0,0.04,0.0286,0.045,0.0365,0.02335,0.015,0.0318,0.015,0.0369,0.0337,0.0181,71.5,0.105,0.2937,0.068,0.135,0.0,0.0,0.33,0.35,0.009,0.001255,0.000548,0.001034,0.0007155,0.0007653,0.002646,0.00079265,0.581231,-0.00731,0.00968,-0.00741,0.00479,0.00209,-0.0039499999999999995,0.007857142857142856,0.819,0.69,1.74,0
172,1,0,0,0.415,0.07,0.5656,0.045,74.2,0.04,0.0286,0.045,0.0365,0.02335,0.013,0.0318,0.015,0.0491,0.0482,0.0363,71.5,0.125,0.52,0.068,0.13,0.0,0.0,0.33,0.35,0.009,0.003179,0.002059,0.007816,0.005842,0.00056002,0.00902,0.00127,0.643637,0.0137,-0.0252,0.0162,-0.0126,0.00119,-0.004275,0.00307142857142857,0.434,1.28,5.27,0
173,1,0,0,0.405,0.07,0.5656,0.045,77.0,0.04,0.0286,0.045,0.0365,0.02335,0.013,0.0318,0.015,0.0499,0.0492,0.0341,67.0,0.1593,0.5152,0.068,0.12,0.0,0.0,0.33,0.35,0.009,0.003098,0.002813,0.004586,0.00057119,0.001935,0.001411,0.001825,0.641286,0.0128,-0.025,0.0155,-0.0134,0.00123,-0.004765,0.003928571428571429,0.378,0.793,5.04,0
174,0,0,1,0.40572,0.046,0.5656,0.045,73.5,0.04,0.0286,0.045,0.0365,0.02335,0.013,0.0318,0.015,0.1053,0.0461,0.0337,78.5,0.0956,0.428,0.068,0.135,0.0,0.0,0.33,0.35,0.009,0.002771,0.000592,0.007957,0.004517,0.00091181,0.002548,0.00074188,0.712723,-0.0149,0.026,-0.0164,0.0128,0.0047,-0.011,0.01,1.87,1.91,2.44,0
175,1,0,0,0.42,0.07,0.5656,0.045,74.0,0.04,0.0286,0.045,0.0365,0.02335,0.013,0.0349,0.015,0.0469,0.0318,0.033,73.0,0.124,0.5568,0.068,0.13,0.0,0.0,0.33,0.35,0.007,0.001604,0.001258,0.004164,0.001103,0.00054507,0.00139,0.003939,0.645797,0.0105,-0.0199,0.0127,-0.0098,0.00125,-0.003365,0.0026428571428571434,0.473,1.29,4.98,0
176,1,0,0,0.405,0.035,0.5656,0.045,72.0,0.04,0.0286,0.05,0.042,0.02335,0.013,0.0318,0.015,0.061,0.24,0.026,71.0,0.14,0.45,0.068,0.13,0.0,0.0,0.33,0.35,0.009,0.00073,0.001954,0.005101,0.001034,0.00093341,0.00578,0.004939,0.613897,-0.00166,0.0054,-0.00213,0.00175,0.000728,-0.00148,0.0018571428571428571,0.743,1.61,5.88,0
178,1,0,0,0.405,0.07,0.5656,0.045,74.0,0.04,0.0286,0.045,0.0365,0.02335,0.013,0.0318,0.015,0.0499,0.049,0.034,73.0,0.145,0.515,0.068,0.13,0.0,0.0,0.33,0.35,0.009,0.000898,0.001965,0.001668,0.00064728,0.001029,0.002549,0.003395,0.653639,0.0136,-0.027,0.0166,-0.0143,0.00122,-0.00509,0.003428571428571425,0.377,0.742,4.12,0
179,1,0,0,0.46,0.047,0.5656,0.045,74.5,0.04,0.0286,0.045,0.0365,0.02335,0.013,0.0318,0.015,0.0435,0.0389,0.034,70.0,0.1166,0.46,0.068,0.135,0.0,0.0,0.33,0.35,0.009,0.000779,0.00505,0.001002,0.008042,0.00074107,0.0032,0.00050367,0.616974,-0.0126,0.0225,-0.0137,0.0106,0.00147,-0.008494999999999999,0.0033571428571428563,0.481,0.591,3.82,0
180,1,0,0,0.405,0.01,0.5656,0.045,72.0,0.04,0.0286,0.045,0.0365,0.03335,0.018,0.0318,0.015,0.0486,0.0501,0.0262,71.0,0.125,0.3061,0.068,0.13,0.0,0.0,0.33,0.35,0.009,0.001476,0.003428,0.004539,0.00063556,0.003764,0.00291,0.00079381,0.639004,-0.00571,0.00919,-0.00574,0.00502,0.000531,-0.00609,0.0014285714285714323,0.798,0.697,5.49,0
181,1,0,0,0.365,-0.005,0.5656,0.037,74.0,0.04,0.0286,0.043,0.0365,0.02335,0.015,0.0318,0.015,0.036,0.0347,0.0173,71.5,0.0977,0.2947,0.068,0.135,0.0,0.0,0.33,0.35,0.009,0.002506,0.000885,0.001054,0.00050737,0.009459,0.00106,0.001817,0.573821,-0.00489,0.00629,-0.00493,0.00294,0.00137,-0.0018900000000000002,0.0071428571428571435,0.808,0.485,3.24,0
182,1,0,0,0.29,-0.01,0.5656,0.029,74.6,0.04,0.0286,0.042,0.0365,0.01985,0.015,0.0318,0.015,0.0308,0.0268,0.0235,72.5,0.1003,0.2068,0.068,0.135,0.0,0.0,0.33,0.35,0.0112,0.000557,0.000566,0.000571,0.008024,0.001735,0.008178,0.004746,0.531594,-0.00179,0.00235,-0.00192,0.000772,0.000687,-0.000464,0.0017571428571428566,1.3,1.83,3.07,0
183,0,0,1,0.37,-0.02,0.5656,0.02,76.0,0.04,0.0286,0.045,0.0365,0.0285,0.0235,0.0318,0.015,0.047,0.0204,0.0275,71.5,0.11,0.2204,0.068,0.135,0.0,0.0,0.33,0.35,0.009,0.001025,0.003807,0.000706,0.001322,0.001139,0.00066334,0.007267,0.586385,-0.00523,0.00721,-0.00492,0.00322,0.000697,-0.002615,0.0026428571428571434,1.61,2.75,3.25,0
184,0,0,1,0.41,0.07,0.5656,0.045,73.0,0.04,0.0286,0.045,0.0365,0.02335,0.013,0.0318,0.015,0.0456,0.0374,0.0527,71.5,0.201,0.5974,0.068,0.13,0.0,0.0,0.33,0.35,0.009,0.005727,0.00101,0.007629,0.002481,0.005846,0.008805,0.004963,0.643969,0.0162,-0.0374,0.0199,-0.0212,0.00196,-0.007865,0.004785714285714288,0.938,2.4,4.57,0
185,1,0,0,0.405,0.07,0.5656,0.045,73.0,0.04,0.0286,0.045,0.0365,0.02335,0.013,0.0318,0.015,0.0479,0.0471,0.0372,73.0,0.1787,0.5971,0.068,0.13,0.0,0.0,0.33,0.35,0.009,0.000803,0.006472,0.002135,0.00077036,0.005808,0.005446,0.000586,0.658141,0.0302,-0.0659,0.0368,-0.0375,0.00126,-0.01395,0.0035714285714285744,0.224,0.415,5.13,0
186,0,0,1,0.42,0.067,0.5656,0.06,75.5,0.04,0.0327,0.05,0.0365,0.027,0.02,0.05,0.015,0.0584,0.0545,0.0356,77.5,0.122,0.5845,0.068,0.13,0.0,0.0,0.33,0.35,0.009,0.003605,0.0065,0.005989,0.00083979,0.00096217,0.001343,0.004155,0.684151,0.0184,-0.036,0.0218,-0.0185,0.00126,-0.006505,0.003214285714285713,0.938,1.08,5.38,0
187,0,0,1,0.42,0.067,0.5656,0.06,75.5,0.04,0.0327,0.05,0.0365,0.027,0.02,0.05,0.015,0.0584,0.0545,0.0356,77.5,0.122,0.5845,0.068,0.13,0.0,0.0,0.33,0.35,0.009,0.001671,0.003343,0.00189,0.001262,0.00194,0.001187,0.009985,0.684151,0.0185,-0.0363,0.022,-0.0186,0.00128,-0.00652,0.002857142857142858,0.933,1.11,4.83,0
190,1,0,0,0.405,0.01,0.5656,0.045,72.0,0.04,0.0286,0.045,0.0365,0.03335,0.018,0.0318,0.015,0.0482,0.0504,0.0263,70.0,0.125,0.3064,0.068,0.13,0.0,0.0,0.33,0.35,0.009,0.000666,0.0012,0.000837,0.00063882,0.002277,0.006567,0.004596,0.63985,-0.00375,0.00646,-0.00383,0.00345,0.000657,-0.003705,0.0026428571428571404,0.872,0.877,4.54,0
191,1,0,0,0.405,0.07,0.5656,0.21,73.5,0.04,0.027,0.038,0.0365,0.02335,0.013,0.0286,0.015,0.0424,0.2016,0.0289,73.0,0.1554,0.73,0.068,0.13,0.0,0.0,0.33,0.35,0.009,0.004064,0.000897,0.001573,0.002667,0.00082398,0.00085842,0.006313,0.66251,0.0113,-0.0239,0.0137,-0.0131,0.00104,-0.00474,0.0024285714285714284,0.436,1.19,6.13,0
192,1,0,0,0.405,0.07,0.5656,0.21,73.5,0.04,0.027,0.038,0.0365,0.02335,0.013,0.0286,0.015,0.0449,0.2016,0.0289,73.0,0.17,0.73,0.068,0.13,0.0,0.0,0.33,0.35,0.009,0.000567,0.006644,0.006176,0.001663,0.0034,0.004476,0.001318,0.656744,0.0187,-0.0404,0.0227,-0.0225,0.000952,-0.00827,0.002857142857142852,0.281,0.706,6.41,0
193,1,0,0,0.455,0.07,0.5656,0.045,73.0,0.04,0.0292,0.045,0.0365,0.022,0.017,0.0318,0.015,0.055,0.0525,0.0231,70.5,0.124,0.4826,0.073,0.135,0.0,0.0,0.33,0.35,0.008,0.000506,0.005014,0.002427,0.00066992,0.002927,0.00077092,0.009432,0.716753,0.0116,-0.0252,0.0142,-0.0133,0.00117,-0.0047,0.0030000000000000014,0.405,0.936,8.17,0
194,0,0,1,0.41,0.065,0.5656,0.045,74.0,0.04,0.0286,0.045,0.0365,0.02335,0.013,0.0318,0.015,0.06,0.075,0.04,73.0,0.23,0.667,0.068,0.12,0.0,0.0,0.33,0.35,0.009,0.006331,0.001905,0.001225,0.008734,0.001176,0.00078515,0.005076,0.638357,0.0186,-0.0442,0.0222,-0.0256,0.00127,-0.00935,0.004285714285714284,0.81,2.16,3.58,0
196,0,0,1,0.41,0.065,0.5656,0.045,74.0,0.04,0.0286,0.045,0.0365,0.02335,0.013,0.0318,0.015,0.075,0.04,0.06,73.0,0.23,0.632,0.068,0.12,0.0,0.0,0.33,0.35,0.009,0.004657,0.001418,0.001589,0.002101,0.002691,0.002675,0.00292,0.647208,0.0273,-0.0634,0.0331,-0.0358,0.0021,-0.0132,0.005714285714285704,0.631,1.71,2.94,0
197,0,0,1,0.35,0.0,0.5656,0.055,74.0,0.04,0.038,0.045,0.0505,0.02335,0.013,0.0318,0.015,0.07,0.05,0.045,75.0,0.15,0.3,0.068,0.13,0.0,0.0,0.33,0.35,0.009,0.000873,0.003363,0.001419,0.007518,0.002805,0.00057119,0.002143,0.554694,-0.00275,0.00385,-0.00282,0.00163,0.000649,-0.0012000000000000001,0.0020000000000000005,2.75,5.02,2.45,0
198,0,0,1,0.35,0.0,0.5656,0.055,74.0,0.04,0.0277,0.045,0.04,0.025,0.013,0.03,0.015,0.1105,0.05,0.1555,75.0,0.1774,0.35,0.07,0.13,0.0,0.0,0.33,0.35,0.009,0.006064,0.002834,0.002323,0.00064492,0.001396,0.006171,0.001185,0.577677,-0.00968,0.0152,-0.0096,0.00644,0.00134,-0.003475,0.005928571428571428,1.63,1.83,2.13,0
200,1,0,0,0.405,0.07,0.5656,0.025,74.0,0.06,0.0286,0.05,0.0365,0.02335,0.013,0.0318,0.015,0.0485,0.2732,0.0373,73.0,0.2224,0.9,0.068,0.13,0.0,0.0,0.33,0.35,0.009,0.002324,0.000637,0.001568,0.001272,0.004228,0.001432,0.004643,0.714075,0.0139,-0.0426,0.0186,-0.024,0.00194,-0.00913,0.0032857142857142876,0.386,0.725,6.94,0
201,1,0,0,0.4,0.057,0.5656,0.045,75.0,0.04,0.0257,0.0302,0.0365,0.0185,0.0115,0.028,0.015,0.0387,0.0499,0.0325,73.0,0.1239,0.5499,0.068,0.13,0.0,0.0,0.33,0.35,0.009,0.002615,0.000772,0.00194,0.00077885,0.001558,0.009557,0.003373,0.625559,0.0137,-0.0246,0.0165,-0.0121,0.00214,-0.004030000000000001,0.0055714285714285735,0.391,0.52,3.7,0
202,1,0,0,0.405,0.07,0.5656,0.21,73.5,0.04,0.027,0.038,0.0365,0.02335,0.013,0.0286,0.015,0.0449,0.2016,0.0289,73.0,0.17,0.73,0.068,0.13,0.0,0.0,0.33,0.35,0.009,0.000762,0.000919,0.004955,0.002573,0.00069386,0.004955,0.00063185,0.656744,0.0251,-0.0538,0.0302,-0.0301,0.00213,-0.011099999999999999,0.005714285714285716,0.262,0.715,3.8,0
203,1,0,0,0.395,0.07,0.5656,0.21,76.0,0.04,0.0286,0.045,0.0365,0.02335,0.013,0.0318,0.015,0.0568,0.052,0.0296,70.0,0.17,0.532,0.068,0.12,0.0,0.0,0.33,0.35,0.009,0.001056,0.000795,0.009254,0.00054507,0.008256,0.00069895,0.00939,0.599764,0.00527,-0.011,0.00675,-0.00499,0.0011,-0.001575,0.005071428571428572,0.456,0.507,7.95,0
204,1,0,0,0.35,-0.06,0.5656,0.045,78.0,0.04,0.0277,0.045,0.0365,0.02,0.0165,0.0318,0.015,0.0446,0.035,0.0251,78.0,0.1145,0.185,0.068,0.13,0.0,0.0,0.33,0.35,0.009,0.006669,0.006055,0.004948,0.008883,0.00061094,0.001219,0.004067,0.527823,-0.00172,0.00184,-0.00154,0.000574,0.00041,-0.0002995,0.0012928571428571427,0.912,2.31,5.83,0
205,1,0,0,0.405,0.07,0.5656,0.045,76.0,0.04,0.0286,0.034,0.0365,0.02335,0.013,0.0272,0.015,0.0505,0.0492,0.0335,74.5,0.145,0.5892,0.068,0.13,0.0,0.0,0.33,0.35,0.009,0.000569,0.000654,0.004158,0.007122,0.00764,0.006189,0.00129,0.66245,0.0181,-0.0362,0.0216,-0.0197,0.00185,-0.00696,0.004857142857142857,0.334,0.929,4.27,0
206,1,0,0,0.425,0.0445,0.5656,0.086,73.0,0.035,0.044,0.045,0.04495,0.02335,0.0185,0.03,0.015,0.0462,0.0579,0.0296,68.5,0.1202,0.4679,0.1,0.135,0.0,0.0,0.33,0.35,0.0112,0.002887,0.001245,0.001367,0.003088,0.00054169,0.002101,0.001151,0.698158,-0.00338,0.00691,-0.00372,0.0039,0.00123,-0.00477,0.004571428571428571,1.66,1.22,4.09,0
207,0,0,1,0.35,0.0,0.5656,0.07,74.0,0.04,0.0277,0.045,0.03655,0.02335,0.013,0.0318,0.015,0.055,0.0653,0.0396,75.0,0.15,0.3,0.068,0.13,0.0,0.0,0.33,0.35,0.009,0.001504,0.001266,0.001825,0.003836,0.000701,0.001119,0.005498,0.548473,-0.00366,0.00517,-0.00377,0.00244,0.00107,-0.00199,0.0032857142857142863,2.02,3.3,2.31,0
208,1,0,0,0.444,0.055,0.5656,0.045,73.0,0.04,0.0286,0.045,0.0365,0.02335,0.013,0.0318,0.015,0.0514,0.0521,0.0299,71.0,0.1,0.432,0.068,0.13,0.0,0.0,0.33,0.35,0.009,0.002724,0.00236,0.000551,0.007585,0.003054,0.002685,0.001053,0.716059,0.0451,-0.0877,0.0512,-0.0459,0.00147,-0.01575,0.0035714285714285744,0.175,0.504,3.75,0
209,1,0,0,0.415,0.07,0.5656,0.04,73.0,0.04,0.0286,0.045,0.0365,0.02135,0.013,0.0358,0.015,0.0508,0.0235,0.0466,71.0,0.1206,0.5335,0.068,0.13,0.0,0.0,0.33,0.35,0.009,0.00402,0.002326,0.003353,0.003661,0.007629,0.0092,0.001553,0.619106,0.0143,-0.025,0.0171,-0.0114,0.00127,-0.003695,0.0029285714285714266,0.378,1.21,5.1,0
210,1,0,0,0.366,-0.02677,0.5656,0.045,75.0,0.04,0.0286,0.04,0.0365,0.02335,0.013,0.0272,0.015,0.0386,0.0463,0.0227,74.0,0.1,0.248,0.068,0.135,0.0,0.0,0.33,0.35,0.009,0.009982,0.009996,0.002455,0.002278,0.001414,0.00080462,0.001234,0.606753,-0.00521,0.00672,-0.00492,0.00347,0.000648,-0.00334,0.0022857142857142855,1.11,1.16,4.77,0
211,1,0,0,0.444,0.06,0.5656,0.045,73.0,0.04,0.0286,0.045,0.0365,0.02335,0.013,0.0318,0.015,0.0516,0.0522,0.0297,71.0,0.1,0.432,0.068,0.13,0.0,0.0,0.33,0.35,0.009,0.008329,0.003108,0.001173,0.003608,0.0008989,0.002863,0.00076307,0.721017,0.0453,-0.0894,0.0523,-0.0468,0.00154,-0.01635,0.0035714285714285744,0.182,0.523,3.93,0
212,1,0,0,0.405,0.05,0.5656,0.035,73.0,0.04,0.0386,0.045,0.0435,0.02335,0.0165,0.0318,0.015,0.05,0.03,0.0257,71.0,0.1536,0.59,0.068,0.12,0.0,0.0,0.33,0.35,0.009,0.002634,0.005073,0.006117,0.006117,0.00051184,0.006117,0.006717,0.64808,-0.001,0.00212,-0.00113,0.00117,0.000383,-0.001385,0.001071428571428571,2.98,2.72,10.21,0
213,1,0,0,0.405,0.072,0.5656,0.13,74.5,0.04,0.0254,0.036,0.0286,0.01725,0.0123,0.0286,0.015,0.0422,0.1207,0.0315,72.0,0.1186,0.5907,0.068,0.13,0.0,0.0,0.33,0.35,0.009,0.002659,0.002376,0.007747,0.00277,0.009762,0.001441,0.001919,0.625591,0.0206,-0.0362,0.0247,-0.0176,0.00239,-0.005935,0.005499999999999999,0.334,0.987,5.18,0
214,1,0,0,0.405,0.072,0.5656,0.13,74.5,0.04,0.0254,0.036,0.0286,0.01725,0.0123,0.0286,0.015,0.0411,0.1207,0.0299,71.0,0.1223,0.5907,0.068,0.13,0.0,0.0,0.33,0.35,0.009,0.001932,0.002441,0.005538,0.002121,0.001425,0.002385,0.001583,0.626369,0.0227,-0.0403,0.0272,-0.0199,0.00261,-0.00677,0.006000000000000003,0.254,0.796,3.98,0
215,1,0,0,0.398,0.0,0.5656,0.045,72.5,0.04,0.0296,0.052,0.0375,0.02785,0.0165,0.0318,0.015,0.0567,0.0328,0.0257,71.0,0.1257,0.3218,0.068,0.13,0.0,0.0,0.33,0.35,0.009,0.00104,0.000731,0.001737,0.005876,0.006973,0.003817,0.002832,0.664043,-0.00398,0.00677,-0.00399,0.00371,0.000831,-0.0047150000000000004,0.002500000000000003,1.05,1.17,4.7,0
216,1,0,0,0.425,0.07,0.5656,0.045,73.0,0.04,0.0254,0.0317,0.0286,0.02335,0.013,0.0286,0.015,0.0418,0.024,0.0215,76.0,0.18,0.614,0.068,0.13,0.0,0.0,0.33,0.35,0.009,0.000882,0.007596,0.008341,0.002712,0.006299,0.003677,0.00057202,0.639443,0.0307,-0.0652,0.0362,-0.037,0.00146,-0.013649999999999999,0.0035714285714285618,0.166,0.467,6.42,0
217,0,0,1,0.405,0.025,0.5656,0.045,72.0,0.04,0.0286,0.045,0.0365,0.02335,0.0215,0.0318,0.015,0.048,0.045,0.0243,71.5,0.105,0.305,0.068,0.13,0.0,0.0,0.33,0.35,0.009,0.001013,0.008305,0.00077,0.0026,0.00078114,0.001177,0.001691,0.607482,-0.0128,0.0191,-0.0132,0.00924,0.00152,-0.00736,0.004285714285714284,1.52,1.76,2.51,0
218,1,0,0,0.405,0.077,0.5656,0.045,74.0,0.04,0.0286,0.045,0.0365,0.02335,0.013,0.0318,0.015,0.0431,0.0391,0.0303,70.5,0.1083,0.4791,0.068,0.13,0.0,0.0,0.33,0.35,0.009,0.003463,0.001022,0.000693,0.005562,0.00080905,0.003413,0.00099874,0.633803,0.0281,-0.0486,0.0337,-0.0238,0.00174,-0.0079,0.00428571428571429,0.223,0.664,2.85,0
219,1,0,0,0.405,0.07,0.5656,0.045,74.0,0.04,0.0286,0.045,0.0365,0.02335,0.013,0.0318,0.015,0.0491,0.0491,0.0339,73.0,0.145,0.5151,0.068,0.13,0.0,0.0,0.33,0.35,0.009,0.005919,0.003594,0.000558,0.00115,0.007232,0.00084472,0.009356,0.661208,0.0106,-0.0212,0.0128,-0.0114,0.00077,-0.0040999999999999995,0.0018571428571428619,0.443,1.08,8.02,0
220,1,0,0,0.365,-0.005,0.5656,0.037,74.0,0.04,0.0286,0.043,0.0365,0.02335,0.015,0.0318,0.015,0.036,0.0347,0.0173,69.0,0.0977,0.2947,0.068,0.135,0.0,0.0,0.33,0.35,0.009,0.000845,0.000735,0.005376,0.009387,0.007716,0.00907,0.008712,0.559287,-0.0016,0.0022,-0.00173,0.000855,0.000632,-0.0005459999999999999,0.001471428571428571,1.32,2.53,6.23,0
221,1,0,0,0.405,0.07,0.5656,0.045,74.0000202554444,0.04,0.0286,0.045,0.0365,0.02335,0.013,0.0318,0.015,0.0499,0.049,0.034,73.0,0.145,0.515,0.068,0.13,0.0,0.0,0.33,0.35,0.009,0.002397,0.001755,0.00623,0.001424,0.009329,0.00087235,0.003292,0.653639,0.01085,-0.02121,0.01311,-0.01132,0.001071,-0.0040535,0.0025785714285714266,0.4283,1.159,6.67,1
222,1,0,0,0.3,0.07,0.5656,0.045,74.49998322747555,0.04,0.0286,0.045,0.0365,0.02335,0.013,0.0318,0.015,0.0493,0.0472,0.0346,72.0,0.145,0.5132,0.068,0.13,0.0,0.0,0.33,0.35,0.009,0.00058,0.000754,0.001172,0.00918,0.002508,0.006068,0.001962,0.64762,0.01637,-0.02781,0.01935,-0.01697,0.0008475,-0.0063895,0.0032357142857142875,0.3399,0.879,3.25,1
223,0,0,1,0.42,0.07,0.5656,0.045,75.50002376309689,0.04,0.0286,0.0333,0.03505,0.02335,0.013,0.0292,0.015,0.035,0.029,0.036,73.0,0.1777,0.539,0.068,0.13,0.0,0.0,0.33,0.35,0.009,0.0011,0.004484,0.001458,0.008802,0.001342,0.003182,0.001199,0.650167,0.04336,-0.0946,0.05088,-0.05508,0.001882,-0.020205,0.006214285714285709,0.4349,1.17,2.44,1
224,1,0,0,0.4286,0.07,0.5656,0.045,73.29998042135355,0.04,0.0286,0.0317,0.0365,0.02335,0.013,0.0286,0.015,0.0422,0.0356,0.0352,72.0,0.0911,0.5356,0.068,0.13,0.0,0.0,0.33,0.35,0.009,0.001198,0.000703,0.00292,0.003516,0.001608,0.002117,0.00062313,0.628736,0.02308,-0.03884,0.02739,-0.01708,0.002794,-0.0053714999999999995,0.005892857142857144,0.2942,0.9491,2.74,1
225,1,0,0,0.39,0.0,0.5656,0.045,72.50001674779189,0.04,0.0286,0.045,0.0365,0.02285,0.0165,0.0318,0.015,0.0421,0.0314,0.0274,72.0,0.12,0.2974,0.068,0.13,0.0,0.0,0.33,0.35,0.009,0.009525,0.001769,0.007203,0.00085248,0.003441,0.002593,0.004368,0.639508,-0.002586,0.004269,-0.002597,0.002373,0.000896,-0.002689,0.0032571428571428556,0.8463,0.7976,6.83,1
226,0,0,1,0.41,0.071,0.5656,0.08,75.24998498130181,0.04,0.05,0.055,0.05,0.0285,0.013,0.05,0.015,0.05,0.0505,0.021,72.75,0.0964,0.5555,0.068,0.13,0.0,0.0,0.33,0.35,0.009,0.001301,0.000986,0.005963,0.001363,0.00099509,0.006586,0.00063046,0.630977,0.005426,-0.009176,0.006594,-0.004051,0.002059,-0.0013365,0.003764285714285715,2.14,3.332,3.06,1
227,1,0,0,0.3429,-0.0434,0.5656,0.033,71.00001324013941,0.04,0.0286,0.038,0.0365,0.02335,0.0165,0.0318,0.015,0.036,0.0292,0.0267,75.0,0.11,0.2512,0.068,0.13,0.0,0.0,0.33,0.35,0.009,0.006,0.000882,0.000903,0.007047,0.006361,0.00077233,0.001157,0.520176,-0.00513,0.00474,-0.004715,0.001668,0.000937,-0.0007952,0.002587142857142857,0.7113,1.384,3.43,1
228,1,0,0,0.405,0.07,0.5656,0.045,74.0000202554444,0.04,0.027,0.0318,0.0365,0.02335,0.013,0.0286,0.015,0.0415,0.0456,0.0348,73.0,0.0942,0.5256,0.068,0.13,0.0,0.0,0.33,0.35,0.009,0.000535,0.009765,0.00078,0.00057265,0.00094994,0.002533,0.002934,0.618746,0.01559,-0.02584,0.01891,-0.0112,0.000933,-0.0035155,0.003535714285714284,0.3356,0.8011,4.93,1
230,1,0,0,0.43,0.075,0.5656,0.025,74.0000202554444,0.0391,0.027,0.036,0.0365,0.02125,0.01275,0.0286,0.015,0.0392,0.0219,0.0362,72.5,0.1754,0.5569,0.068,0.13,0.0,0.0,0.33,0.35,0.0101,0.003745,0.002314,0.001069,0.005707,0.002687,0.00084844,0.00085342,0.660032,0.03135,-0.07015,0.03753,-0.04006,0.001631,-0.014645,0.004785714285714288,0.1893,0.516,3.81,1
231,0,0,1,0.45,0.055,0.5656,0.045,74.49998322747555,0.04,0.035,0.048,0.045,0.03,0.0235,0.0318,0.015,0.0507,0.0544,0.0214,68.0,0.111,0.3544,0.068,0.135,0.0,0.0,0.33,0.35,0.008,0.009193,0.000829,0.001615,0.009578,0.00116,0.007243,0.003445,0.703409,0.017,-0.0326,0.01919,-0.01725,0.001272,-0.0064415,0.0031500000000000026,1.089,3.098,4.36,1
232,0,0,1,0.41,0.07,0.5656,0.045,75.24998498130181,0.04,0.0286,0.045,0.0365,0.0165,0.0165,0.0318,0.015,0.049,0.0471,0.0386,72.75,0.102,0.5521,0.068,0.13,0.0,0.0,0.33,0.35,0.009,0.005496,0.004783,0.003697,0.003052,0.001186,0.006237,0.005991,0.637873,0.01674,-0.02902,0.02023,-0.01332,0.002215,-0.004337499999999999,0.004378571428571427,0.9491,2.838,4.03,1
233,1,0,0,0.43,0.075,0.5656,0.025,74.0000202554444,0.0391,0.027,0.036,0.0365,0.02125,0.01275,0.0286,0.015,0.0392,0.0219,0.0362,72.5,0.1754,0.5569,0.068,0.13,0.0,0.0,0.33,0.35,0.0101,0.006149,0.001228,0.004411,0.00051749,0.001102,0.00532,0.00075806,0.660032,0.02359,-0.05361,0.02917,-0.03035,0.003013,-0.01117,0.007571428571428572,0.2317,0.5749,4.08,1
235,1,0,0,0.41,0.051036,0.5656,0.045,71.46210370191241,0.04,0.0286,0.045,0.0365,0.02335,0.013,0.0318,0.015,0.0517,0.0224,0.0371,71.4621,0.127,0.53,0.068,0.12,0.0,0.0,0.33,0.35,0.009,0.002524,0.002412,0.006009,0.001613,0.00083033,0.004907,0.00056022,0.624139,-0.005835,0.01032,-0.006399,0.005326,0.00154,-0.0049365,0.00380714285714286,0.9105,1.14,4.32,1
236,1,0,0,0.425,0.07,0.5656,0.045,71.99999647998123,0.04,0.0286,0.045,0.0365,0.02335,0.013,0.0318,0.015,0.0492,0.032,0.0359,72.0,0.175,0.5732,0.068,0.13,0.0,0.0,0.33,0.35,0.009,0.004788,0.000575,0.002571,0.001232,0.001784,0.00092086,0.009397,0.673473,0.009252,-0.02084,0.01136,-0.01169,0.001342,-0.0043285,0.0024642857142857127,0.442,1.009,7.24,1
237,0,0,1,0.417,0.07,0.5656,0.045,72.99997971982306,0.04,0.0286,0.045,0.0365,0.02335,0.013,0.0318,0.015,0.0471,0.0532,0.0338,72.5,0.2,0.541,0.068,0.13,0.0,0.0,0.33,0.35,0.009,0.001995,0.000688,0.006737,0.003205,0.002007,0.006392,0.00050441,0.655763,0.0359,-0.08107,0.04291,-0.04786,0.004851,-0.018035,0.011642857142857139,0.4223,1.135,2.53,1
238,1,0,0,0.415,0.07,0.5656,0.045,72.99997971982306,0.04,0.0286,0.045,0.0365,0.02335,0.013,0.0318,0.015,0.0479,0.012,0.0382,72.5,0.185,0.593,0.068,0.13,0.0,0.0,0.33,0.35,0.009,0.003715,0.002112,0.001244,0.003098,0.003704,0.008501,0.001633,0.669134,0.02112,-0.04734,0.02534,-0.02735,0.001112,-0.0101885,0.0033071428571428557,0.2757,0.7375,4.61,1
239,1,0,0,0.365,0.007,0.5656,0.037,72.99997971982306,0.04,0.0286,0.043,0.0365,0.02335,0.015,0.0318,0.015,0.036,0.0347,0.0173,70.0,0.0977,0.2947,0.068,0.135,0.0,0.0,0.33,0.35,0.009,0.00662,0.002752,0.001785,0.001616,0.006897,0.001882,0.001882,0.580685,-0.004207,0.005339,-0.004246,0.002591,0.0007735,-0.002051,0.00237142857142857,0.9136,1.37,4.42,1
241,1,0,0,0.41648,0.059,0.5656,0.125,74.49998322747555,0.04,0.0272,0.035,0.0365,0.02335,0.013,0.0318,0.015,0.0394,0.0352,0.0321,75.0,0.1385,0.5712,0.07,0.12,0.0,0.0,0.33,0.35,0.009,0.000793,0.00143,0.003789,0.001768,0.004988,0.004677,0.003594,0.616935,0.01069,-0.01998,0.01265,-0.009714,0.001066,-0.0033550000000000003,0.0026428571428571434,0.4069,1.234,4.87,1
242,1,0,0,0.425,0.065,0.5656,0.045,72.99997971982306,0.04,0.0286,0.045,0.0365,0.02335,0.013,0.0318,0.015,0.0498,0.0531,0.036,72.0,0.199,0.5981,0.068,0.13,0.0,0.0,0.33,0.35,0.009,0.000897,0.008226,0.001603,0.001127,0.006122,0.00069031,0.001631,0.635424,0.01863,-0.04145,0.0225,-0.02302,0.0009998,-0.008435,0.0027285714285714313,0.2562,0.6571,6.06,1
243,1,0,0,0.415,0.07,0.5656,0.045,72.99997971982306,0.04,0.0286,0.045,0.0365,0.02335,0.013,0.0318,0.015,0.0479,0.012,0.0382,72.5,0.185,0.593,0.068,0.13,0.0,0.0,0.33,0.35,0.009,0.000853,0.005246,0.003373,0.00609,0.001126,0.004805,0.003847,0.669134,0.01062,-0.02405,0.01272,-0.01386,0.000609,-0.005124,0.002014285714285715,0.4165,1.231,6.49,1
244,0,0,1,0.417,0.07,0.5656,0.045,72.99997971982306,0.04,0.0286,0.045,0.0365,0.02335,0.013,0.0318,0.015,0.0471,0.0532,0.0338,72.5,0.2,0.541,0.068,0.13,0.0,0.0,0.33,0.35,0.009,0.000569,0.003029,0.002083,0.009007,0.001316,0.002404,0.002718,0.655763,0.02375,-0.05422,0.02817,-0.03198,0.001427,-0.01184,0.004999999999999994,0.6343,1.749,2.77,1
245,1,0,0,0.425,0.07,0.5656,0.045,71.99999647998123,0.04,0.0286,0.045,0.0365,0.02335,0.013,0.0318,0.015,0.0492,0.032,0.0359,72.0,0.175,0.5732,0.068,0.13,0.0,0.0,0.33,0.35,0.009,0.001075,0.001177,0.000726,0.00051109,0.001969,0.00072817,0.008208,0.673473,0.01098,-0.02513,0.01361,-0.01401,0.001364,-0.005063,0.0039428571428571455,0.4529,0.6897,5.77,1
246,1,0,0,0.405,0.07,0.5656,0.07,73.49999998763374,0.0865,0.0375,0.05,0.0365,0.02335,0.0175,0.0318,0.015,0.055,0.06,0.06,73.0,0.16,0.59,0.068,0.13,0.0,0.0,0.33,0.35,0.009,0.001419,0.001952,0.002027,0.00080905,0.003324,0.00060207,0.00061633,0.654407,0.0201,-0.03776,0.02411,-0.01877,0.002328,-0.0063355,0.01230714285714286,0.1644,0.3644,4.02,1
247,1,0,0,0.405,0.07,0.5656,0.045,74.0000202554444,0.04,0.0375,0.045,0.0425,0.02335,0.013,0.04,0.015,0.0499,0.049,0.034,73.0,0.145,0.515,0.068,0.13,0.0,0.0,0.33,0.35,0.009,0.000999,0.002194,0.001803,0.009445,0.001398,0.001647,0.001609,0.653639,0.009998,-0.0195,0.01177,-0.01058,0.0007842,-0.0037095,0.0020928571428571415,0.4666,1.382,4.38,1
249,1,0,0,0.425,0.075,0.5656,0.045,72.99997971982306,0.04,0.0286,0.045,0.0365,0.02335,0.013,0.0318,0.015,0.0506,0.0338,0.0387,72.0,0.1501,0.5038,0.068,0.13,0.0,0.0,0.33,0.35,0.009,0.006963,0.003739,0.000836,0.001792,0.002594,0.001339,0.00068328,0.661916,0.03979,-0.08114,0.04793,-0.0436,0.001409,-0.01558,0.003714285714285711,0.1747,0.4928,4.16,1
250,1,0,0,0.37784,0.07,0.5656,0.045,82.99998400557985,0.04,0.0266,0.03,0.0365,0.02335,0.013,0.0298,0.015,0.0279,0.011,0.0242,75.0,0.1054,0.561,0.068,0.13,0.0,0.0,0.33,0.35,0.009,0.000786,0.001291,0.006472,0.00075034,0.00066068,0.001152,0.001043,0.586294,0.01145,-0.01754,0.01374,-0.007987,0.001622,-0.0025635,0.005292857142857142,0.3827,0.7655,3.02,1
251,1,0,0,0.45,0.07,0.5656,0.045,71.99999647998123,0.04,0.0286,0.045,0.0365,0.02335,0.013,0.0318,0.015,0.0472,0.0485,0.0344,72.0,0.23,0.595,0.068,0.13,0.0,0.0,0.33,0.35,0.009,0.005554,0.001626,0.000692,0.001796,0.005147,0.00076418,0.006429,0.678131,0.011,-0.0293,0.01354,-0.01751,0.001034,-0.0066965,0.002392857142857144,0.3404,0.8161,7.1,1
252,1,0,0,0.45,0.055,0.5656,0.045,74.49998322747555,0.04,0.0292,0.045,0.0365,0.022,0.017,0.0318,0.015,0.0543,0.0521,0.0242,70.5,0.111,0.4826,0.068,0.135,0.0,0.0,0.33,0.35,0.008,0.000529,0.003276,0.000697,0.006002,0.001378,0.006533,0.00069082,0.685048,0.04649,-0.08742,0.05285,-0.04407,0.001732,-0.01489,0.004142857142857147,0.1624,0.4794,3.19,1
254,0,0,1,0.3808,0.067,0.5656,0.045,70.49999297232874,0.04,0.0286,0.045,0.0365,0.02335,0.013,0.0318,0.015,0.0499,0.049,0.034,73.5,0.12,0.639,0.068,0.12,0.0,0.0,0.33,0.35,0.009,0.00063,0.006577,0.003976,0.002218,0.0005955,0.0006277,0.006113,0.655725,0.01844,-0.03348,0.02209,-0.01718,0.001119,-0.0060365,0.003192857142857145,0.9129,2.579,4.09,1
255,0,0,1,0.405,0.07,0.5656,0.045,74.49998322747555,0.04,0.0286,0.045,0.0365,0.02335,0.013,0.0318,0.015,0.0514,0.0491,0.034,73.0,0.1355,0.5091,0.068,0.13,0.0,0.0,0.33,0.35,0.009,0.002888,0.00609,0.007856,0.001491,0.008452,0.00059333,0.00088326,0.638919,0.03037,-0.05568,0.03633,-0.02845,0.002083,-0.0099065,0.005621428571428567,0.7584,2.067,3.85,1
256,1,0,0,0.439,0.053,0.5656,0.045,72.99997971982306,0.04,0.0292,0.045,0.0365,0.022,0.017,0.0318,0.015,0.0437,0.0504,0.0261,71.0,0.13,0.546,0.068,0.135,0.0,0.0,0.33,0.35,0.008,0.006787,0.000516,0.000713,0.002194,0.006308,0.00067484,0.00074107,0.68112,-0.01267,0.02642,-0.01394,0.01493,0.003366,-0.016865,0.006642857142857144,0.5753,0.4802,4.22,1
257,1,0,0,0.40755,0.07,0.5656,0.053,75.00000349528622,0.04,0.0306,0.045,0.0365,0.02485,0.0145,0.0318,0.015,0.0493,0.051,0.037,72.0,0.145,0.521,0.068,0.135,0.0,0.0,0.33,0.35,0.009,0.00235,0.0033,0.004121,0.00662,0.003956,0.001105,0.003358,0.64762,0.009477,-0.01827,0.01123,-0.009721,0.0006247,-0.0034029999999999998,0.001900000000000001,0.5282,1.486,6.66,1
258,1,0,0,0.415,0.07,0.5656,0.053,72.99997971982306,0.04,0.0254,0.0318,0.0365,0.0166,0.0127,0.0286,0.015,0.0381,0.0437,0.0335,72.0,0.1797,0.6337,0.068,0.13,0.0,0.0,0.33,0.35,0.009,0.002497,0.001055,0.00649,0.003174,0.00078515,0.00055594,0.002912,0.661475,0.01368,-0.03118,0.01676,-0.01779,0.001995,-0.0066005000000000005,0.003864285714285719,0.3937,1.049,5.23,1
259,1,0,0,0.425,0.065,0.5656,0.045,72.99997971982306,0.04,0.0286,0.045,0.0365,0.02335,0.013,0.0318,0.015,0.0498,0.0531,0.036,72.0,0.1839,0.5831,0.068,0.13,0.0,0.0,0.33,0.35,0.009,0.004729,0.001057,0.004729,0.001057,0.001057,0.001057,0.004729,0.6353,0.008939,-0.01932,0.0109,-0.0104,0.001233,-0.00375,0.002699999999999999,0.4385,1.042,6.17,1
260,0,0,1,0.3832,0.045,0.5656,0.045,75.00000349528622,0.04,0.03015,0.0414,0.0365,0.02335,0.013,0.0318,0.015,0.0436,0.0288,0.0393,73.5,0.1426,0.525,0.068,0.12,0.0,0.0,0.33,0.35,0.009,0.001669,0.00145,0.009214,0.001669,0.00314,0.007821,0.002159,0.604267,-0.00499,0.009129,-0.005544,0.0049,0.002054,-0.0049915,0.0055499999999999985,2.255,3.126,3.02,1
261,0,0,1,0.41,0.07,0.5656,0.049,73.49999998763374,0.049,0.03015,0.0477,0.0365,0.02335,0.013,0.0349,0.015,0.0565,0.0493,0.0429,73.0,0.1593,0.5511,0.068,0.13,0.0,0.0,0.33,0.35,0.009,0.005562,0.003163,0.002805,0.001126,0.00081379,0.002416,0.001411,0.647501,0.03302,-0.0663,0.0404,-0.03469,0.0024,-0.012365,0.006071428571428571,0.5512,1.57,2.73,1
262,1,0,0,0.405,0.07,0.5656,0.045,74.0000202554444,0.04,0.0286,0.045,0.0365,0.02335,0.013,0.0318,0.015,0.0498,0.0456,0.039,74.0,0.12,0.5856,0.068,0.13,0.0,0.0,0.33,0.35,0.009,0.003713,0.007161,0.008636,0.001486,0.001473,0.002403,0.00062245,0.653724,0.01871,-0.0345,0.02239,-0.01742,0.00116,-0.0060195,0.0030357142857142857,0.3621,1.047,6.58,1
263,1,0,0,0.425,0.073,0.5656,0.045,73.49999998763374,0.04,0.0286,0.045,0.0365,0.02335,0.013,0.0318,0.015,0.0489,0.0478,0.0462,72.5,0.1611,0.559,0.068,0.13,0.0,0.0,0.33,0.35,0.009,0.003283,0.001596,0.000695,0.007232,0.003249,0.001779,0.005502,0.661654,0.01177,-0.02544,0.0142,-0.01375,0.0008224,-0.004847499999999999,0.0022214285714285686,0.3854,1.071,5.91,1
264,1,0,0,0.405,0.067,0.5656,0.045,74.0000202554444,0.04,0.0292,0.03,0.0365,0.0215,0.013,0.0286,0.015,0.0461,0.032,0.0385,73.0,0.147,0.582,0.068,0.13,0.0,0.0,0.33,0.35,0.009,0.004812,0.009712,0.007507,0.009268,0.001529,0.006836,0.002249,0.652141,0.01186,-0.02324,0.01388,-0.01269,0.000801,-0.004462,0.0025285714285714295,0.4496,1.25,7.77,1
265,1,0,0,0.425,0.07,0.5656,0.045,72.99997971982306,0.04,0.0286,0.045,0.0365,0.02335,0.013,0.0318,0.015,0.0472,0.0332,0.0376,72.0,0.1816,0.5932,0.068,0.13,0.0,0.0,0.33,0.35,0.009,0.000987,0.00448,0.007787,0.00705,0.004777,0.001068,0.002992,0.672024,0.01083,-0.02462,0.01291,-0.0141,0.0006959,-0.0051649999999999995,0.002214285714285717,0.4462,1.262,7.86,1
266,1,0,0,0.422,0.06,0.5656,0.045,73.49999998763374,0.04,0.0286,0.045,0.0365,0.02335,0.013,0.0318,0.015,0.0468,0.0475,0.0321,72.0,0.1092,0.5525,0.068,0.135,0.0,0.0,0.33,0.35,0.009,0.008987,0.000683,0.001998,0.002905,0.002716,0.001078,0.004389,0.659364,0.01259,-0.02305,0.01485,-0.01125,0.00133,-0.0038005,0.0026785714285714308,0.4152,1.219,5.15,1
267,1,0,0,0.495,0.135,0.5656,0.045,63.49999570187693,0.04,0.0292,0.045,0.0365,0.022,0.017,0.0318,0.015,0.054,0.0525,0.0237,72.0,0.1,0.43,0.073,0.135,0.0,0.0,0.33,0.35,0.008,0.000626,0.00082,0.006659,0.005426,0.00103,0.009187,0.00391,0.833319,0.01734,-0.04929,0.02405,-0.02805,0.002123,-0.010284999999999999,0.003928571428571429,0.3265,0.8599,7.04,1
268,1,0,0,0.405,0.07,0.5656,0.045,74.0000202554444,0.04,0.0286,0.045,0.0365,0.02335,0.013,0.0318,0.015,0.0499,0.048,0.0358,73.0,0.145,0.55,0.068,0.13,0.0,0.0,0.33,0.35,0.009,0.002824,0.00346,0.004386,0.006221,0.001539,0.00089301,0.006194,0.653639,0.008419,-0.01651,0.01005,-0.00882,0.000587,-0.003103,0.0017142857142857155,0.498,1.468,7.45,1
269,1,0,0,0.40316,0.07,0.5656,0.045,72.09997761523155,0.04,0.0286,0.045,0.0365,0.02335,0.013,0.0318,0.015,0.0508,0.0461,0.0389,78.5,0.145,0.767,0.068,0.12,0.0,0.0,0.33,0.35,0.009,0.001242,0.00727,0.003094,0.00803,0.001151,0.003418,0.001438,0.694879,0.02169,-0.04625,0.02567,-0.02617,0.0007884,-0.009447500000000001,0.0025357142857142813,0.274,0.7468,6.21,1
270,1,0,0,0.46,0.061,0.5656,0.04,72.99997971982306,0.0381,0.0254,0.0317,0.034,0.01735,0.0105,0.0286,0.015,0.0362,0.0189,0.0281,73.0,0.0984,0.5389,0.068,0.13,0.0,0.0,0.33,0.35,0.0106,0.001391,0.000561,0.004569,0.003101,0.001345,0.001834,0.001409,0.65459,0.02475,-0.04646,0.0291,-0.02186,0.004108,-0.0071865,0.006792857142857146,0.2785,0.8369,3.19,1
272,1,0,0,0.435,0.073,0.5656,0.025,74.49998322747555,0.04,0.0286,0.04,0.0365,0.02335,0.013,0.0286,0.015,0.0396,0.0175,0.0337,71.0,0.1185,0.5425,0.068,0.135,0.0,0.0,0.33,0.35,0.009,0.00168,0.003805,0.002874,0.005945,0.003839,0.00050404,0.00054387,0.653509,0.02602,-0.04989,0.03075,-0.02533,0.00145,-0.008608000000000001,0.0036285714285714268,0.2552,0.7622,4.52,1
273,0,0,1,0.42,0.07,0.5656,0.175,74.0000202554444,0.04,0.0286,0.0318,0.0365,0.02335,0.013,0.0318,0.015,0.0501,0.162,0.0461,74.0,0.1775,0.742,0.068,0.13,0.0,0.0,0.33,0.35,0.009,0.002388,0.001288,0.001204,0.004599,0.002615,0.00067287,0.004225,0.676207,0.02782,-0.0644,0.03378,-0.03585,0.001939,-0.01302,0.0051428571428571435,0.6544,1.78,3.1,1
274,0,0,1,0.42,0.07,0.5656,0.04,74.0000202554444,0.04,0.0286,0.0318,0.0365,0.02335,0.013,0.0318,0.015,0.0501,0.022,0.0461,74.0,0.1775,0.602,0.068,0.13,0.0,0.0,0.33,0.35,0.009,0.001071,0.009585,0.00127,0.008402,0.004402,0.001159,0.00098424,0.676207,0.05685,-0.1278,0.06708,-0.07355,0.00184,-0.026795,0.0057857142857142725,0.3567,0.9667,3.14,1
275,1,0,0,0.46,0.075,0.5656,0.04,72.99997971982306,0.0381,0.0254,0.0317,0.034,0.01735,0.0105,0.0286,0.015,0.0373,0.0202,0.026,73.0,0.1202,0.5202,0.068,0.13,0.0,0.0,0.33,0.35,0.0106,0.001989,0.003831,0.002634,0.001811,0.004408,0.004619,0.006117,0.659015,0.01416,-0.02883,0.01723,-0.01437,0.001636,-0.004933,0.0031714285714285707,0.3756,0.9399,5.85,1
276,1,0,0,0.45,0.06,0.5656,0.045,71.99999647998123,0.04,0.0292,0.045,0.0365,0.022,0.017,0.0318,0.015,0.0643,0.0557,0.0277,72.0,0.1378,0.546,0.068,0.135,0.0,0.0,0.33,0.35,0.008,0.002914,0.005694,0.00508,0.002416,0.002143,0.002409,0.005661,0.691377,0.01101,-0.02238,0.01295,-0.01154,0.0008698,-0.004026,0.0019714285714285728,0.4854,1.304,8.64,1
277,1,0,0,0.40755,0.07,0.5656,0.055,75.00000349528622,0.04,0.0306,0.045,0.0365,0.02485,0.0145,0.0318,0.015,0.0499,0.051,0.0364,73.0,0.145,0.521,0.068,0.135,0.0,0.0,0.33,0.35,0.009,0.009985,0.001681,0.000978,0.001153,0.003904,0.001478,0.00099291,0.653639,0.02821,-0.05489,0.03383,-0.02931,0.001441,-0.01047,0.003714285714285711,0.2417,0.6823,3.99,1
278,1,0,0,0.46,0.075,0.5656,0.04,71.99999647998123,0.0381,0.0254,0.0317,0.034,0.01735,0.0105,0.0286,0.015,0.0378,0.0202,0.0257,73.0,0.1265,0.5202,0.068,0.13,0.0,0.0,0.33,0.35,0.0106,0.001906,0.008145,0.002587,0.006569,0.002804,0.003705,0.00051016,0.65295,0.03958,-0.07894,0.04669,-0.04055,0.003076,-0.013819999999999999,0.006857142857142862,0.1725,0.4998,4.08,1
279,1,0,0,0.46,0.061,0.5656,0.04,72.99997971982306,0.0381,0.0254,0.0317,0.034,0.01735,0.0105,0.0286,0.015,0.0362,0.0189,0.0281,73.0,0.0984,0.5389,0.068,0.13,0.0,0.0,0.33,0.35,0.0106,0.009508,0.005197,0.00483,0.00060075,0.00076923,0.005591,0.006396,0.65459,0.01314,-0.02534,0.01583,-0.01171,0.001955,-0.003713,0.0056571428571428545,0.3977,0.5558,6.13,1
280,0,0,1,0.405,0.07,0.5656,0.045,74.49998322747555,0.04,0.027,0.037,0.0365,0.02335,0.013,0.0286,0.015,0.0445,0.0477,0.0319,73.0,0.1334,0.5077,0.068,0.13,0.0,0.0,0.33,0.35,0.009,0.00158,0.000894,0.002418,0.00094959,0.002274,0.001484,0.001639,0.634979,0.03591,-0.0666,0.04344,-0.03398,0.003647,-0.011885,0.008642857142857136,0.5779,1.506,1.83,1
281,1,0,0,0.405,0.07,0.5656,0.045,74.49998322747555,0.04,0.0286,0.045,0.0365,0.02335,0.013,0.0318,0.015,0.0507,0.0491,0.034,73.0,0.1455,0.5091,0.068,0.13,0.0,0.0,0.33,0.35,0.009,0.002663,0.002142,0.001584,0.004431,0.00062495,0.009166,0.008299,0.638517,0.008351,-0.01585,0.01001,-0.008231,0.0006527,-0.002874,0.001757142857142858,0.5124,1.453,6.41,1
282,1,0,0,0.37845,0.033429,0.5656,0.045,72.3861700338994,0.04,0.027,0.0317,0.03405,0.0275,0.0115,0.0286,0.015,0.033,0.015,0.022,75.88619,0.1531,0.5504,0.068,0.135,0.0,0.0,0.33,0.35,0.007,0.000705,0.000585,0.004591,0.001923,0.003502,0.00204,0.00052839,0.621764,-0.006374,0.01195,-0.006845,0.007026,0.001943,-0.010043,0.00552857142857143,0.7505,0.744,3.26,1
283,1,0,0,0.425,0.075,0.5656,0.045,73.49999998763374,0.04,0.0286,0.045,0.0365,0.02335,0.013,0.0318,0.015,0.0494,0.0484,0.0353,72.0,0.17,0.575,0.068,0.13,0.0,0.0,0.33,0.35,0.009,0.002519,0.000776,0.008928,0.001137,0.003712,0.002284,0.001715,0.678448,0.01482,-0.03344,0.01828,-0.01883,0.002032,-0.00695,0.00428571428571429,0.3254,0.9067,5.93,1
284,1,0,0,0.405,0.07,0.5656,0.045,74.0000202554444,0.04,0.0286,0.045,0.0365,0.02335,0.013,0.0318,0.015,0.0501,0.0494,0.033,73.5,0.1458,0.5154,0.068,0.13,0.0,0.0,0.33,0.35,0.009,0.0091,0.001295,0.001028,0.003083,0.004516,0.0009358,0.002318,0.625251,0.01553,-0.02862,0.0186,-0.0146,0.001141,-0.005057,0.0030000000000000014,0.3423,0.9792,4.28,1
285,1,0,0,0.425,0.07,0.5656,0.045,74.0000202554444,0.04,0.0286,0.045,0.0365,0.02335,0.013,0.0318,0.015,0.0496,0.0497,0.033,72.5,0.145,0.4897,0.068,0.135,0.0,0.0,0.33,0.35,0.009,0.009769,0.002893,0.005073,0.00077999,0.00276,0.00053637,0.00085654,0.650632,0.01834,-0.03621,0.02215,-0.01897,0.001537,-0.006716,0.003885714285714287,0.3019,0.8357,4.94,1
286,1,0,0,0.455,0.07,0.5656,0.045,72.99997971982306,0.04,0.0286,0.045,0.0365,0.02335,0.013,0.0318,0.015,0.0533,0.0509,0.0316,70.5,0.125,0.5081,0.068,0.13,0.0,0.0,0.33,0.35,0.009,0.001581,0.001136,0.004891,0.00056786,0.005984,0.003881,0.00078114,0.705499,0.02594,-0.05516,0.03139,-0.02886,0.00289,-0.0101585,0.0063071428571428575,0.2992,0.7715,4.48,1
287,1,0,0,0.425,0.075,0.5656,0.045,69.99997270451806,0.04,0.0286,0.045,0.0365,0.02335,0.013,0.0318,0.015,0.0452,0.0414,0.0182,71.0,0.098,0.3114,0.068,0.135,0.0,0.0,0.33,0.35,0.009,0.000623,0.002952,0.009404,0.001904,0.00074651,0.001674,0.00822,0.643993,0.007102,-0.01236,0.008601,-0.005816,0.0007488,-0.001958,0.0017999999999999986,0.5261,1.363,7.66,1
288,1,0,0,0.345,0.02,0.5656,0.045,73.49999998763374,0.04,0.0287,0.045,0.0365,0.02585,0.0155,0.0318,0.015,0.0499,0.0501,0.0197,69.0,0.12,0.2906,0.068,0.13,0.0,0.0,0.33,0.35,0.009,0.00092,0.009697,0.004546,0.004115,0.001094,0.00065347,0.005125,0.595658,-0.001879,0.00262,-0.001945,0.00136,0.0003157,-0.0013555,0.0011214285714285714,1.258,1.919,6.91,1
291,0,0,1,0.405,0.067,0.5656,0.045,72.99997971982306,0.04,0.0286,0.045,0.0365,0.02335,0.013,0.0318,0.015,0.0473,0.0373,0.0369,73.0,0.1873,0.5767,0.068,0.13,0.0,0.0,0.33,0.35,0.009,0.001821,0.007275,0.003331,0.002107,0.001004,0.001575,0.00176,0.647704,0.02894,-0.06221,0.03462,-0.03563,0.00158,-0.01326,0.004857142857142857,0.583,1.513,3.25,1
292,1,0,0,0.425,0.075,0.5656,0.045,73.49999998763374,0.04,0.0286,0.045,0.0365,0.02335,0.013,0.0318,0.015,0.0503,0.0488,0.0345,72.0,0.17,0.575,0.068,0.13,0.0,0.0,0.33,0.35,0.009,0.003271,0.001408,0.002249,0.00050293,0.007596,0.001442,0.006524,0.68329,0.01089,-0.02502,0.01359,-0.01407,0.001373,-0.0050925,0.0038785714285714287,0.4061,0.7483,7.26,1
293,1,0,0,0.425,0.075,0.5656,0.045,73.49999998763374,0.04,0.0286,0.045,0.0365,0.02335,0.013,0.0318,0.015,0.0499,0.0486,0.0349,72.0,0.17,0.575,0.068,0.13,0.0,0.0,0.33,0.35,0.009,0.002463,0.002611,0.000664,0.004344,0.00727,0.006856,0.00086409,0.68307,0.03666,-0.08176,0.04401,-0.04668,0.001342,-0.01715,0.003857142857142873,0.1727,0.4687,4.52,1
294,1,0,0,0.39,0.05,0.5656,0.04,74.0000202554444,0.04,0.027,0.037,0.0365,0.0216,0.0125,0.0286,0.015,0.03,0.025,0.036,72.0,0.0952,0.525,0.068,0.13,0.0,0.0,0.33,0.35,0.009,0.000623,0.000671,0.000943,0.001656,0.003029,0.00094543,0.00086599,0.570525,-0.008973,0.01347,-0.00995,0.005982,0.002438,-0.0037355,0.005764285714285717,0.6191,0.8414,1.9,1
295,1,0,0,0.43,0.07,0.5656,0.08,73.49999998763374,0.04,0.0254,0.0317,0.0365,0.0222,0.013,0.0286,0.015,0.0388,0.049,0.0329,73.5,0.1677,0.614,0.068,0.135,0.0,0.0,0.33,0.35,0.009,0.000953,0.001311,0.004819,0.003219,0.00052319,0.009308,0.00828,0.650523,0.008889,-0.01965,0.01084,-0.01065,0.0009455,-0.0038504999999999998,0.0021928571428571396,0.4818,1.316,6.72,1
296,1,0,0,0.4089,0.024,0.5656,0.045,72.99997971982306,0.04,0.0292,0.045,0.0365,0.022,0.017,0.0318,0.015,0.059,0.056,0.029,69.0,0.1127,0.436,0.068,0.135,0.0,0.0,0.33,0.35,0.008,0.001596,0.004335,0.006359,0.00902,0.00092221,0.004556,0.005335,0.6553,-0.002868,0.004947,-0.003036,0.002523,0.0006185,-0.0023924999999999997,0.0017071428571428574,1.59,1.717,7.4,1
297,0,0,1,0.45,0.07,0.5656,0.045,72.99997971982306,0.04,0.0286,0.045,0.0365,0.02335,0.013,0.0318,0.015,0.0502,0.0471,0.0372,73.0,0.145,0.5771,0.068,0.13,0.0,0.0,0.33,0.35,0.009,0.003847,0.000819,0.00387,0.00086536,0.004736,0.001923,0.001731,0.650642,0.03212,-0.06655,0.03912,-0.0333,0.004344,-0.011460000000000001,0.008857142857142855,0.6551,1.743,2.76,1
298,0,0,1,0.405,0.072,0.5656,0.045,75.99998673512805,0.04,0.0286,0.045,0.0365,0.02335,0.013,0.0318,0.015,0.0338,0.0442,0.022,70.5,0.1055,0.4642,0.068,0.13,0.0,0.0,0.33,0.35,0.009,0.007243,0.004247,0.000603,0.00050552,0.005047,0.0006034,0.001077,0.614492,0.05257,-0.08694,0.06313,-0.04106,0.002466,-0.013604999999999999,0.009214285714285722,0.4493,1.24,2.4,1
299,0,0,1,0.405,0.072,0.5656,0.045,75.99998673512805,0.04,0.0286,0.045,0.0365,0.02335,0.013,0.0318,0.015,0.0338,0.0442,0.022,70.5,0.1055,0.4642,0.068,0.13,0.0,0.0,0.33,0.35,0.009,0.002979,0.001865,0.000666,0.00916,0.00060649,0.001909,0.00062816,0.614492,0.06167,-0.101,0.07192,-0.04923,0.002997,-0.016050000000000002,0.007857142857142858,0.3528,1.067,1.7,1
300,0,0,1,0.404,0.062,0.5656,0.045,71.99999647998123,0.04,0.0286,0.045,0.0365,0.02335,0.013,0.0318,0.015,0.0428,0.0342,0.0255,72.0,0.1353,0.4472,0.068,0.13,0.0,0.0,0.33,0.35,0.009,0.003233,0.00121,0.000509,0.002223,0.003808,0.00097993,0.005603,0.592183,0.01754,-0.02898,0.02073,-0.01362,0.001718,-0.0045525,0.004321428571428568,0.8401,2.471,2.73,1
301,0,0,1,0.45,0.053,0.5656,0.072,71.00001324013941,0.035,0.042,0.045,0.04495,0.0265,0.0185,0.035,0.015,0.07,0.062,0.027,70.0,0.196,0.63,0.1,0.135,0.0,0.0,0.33,0.35,0.0112,0.000669,0.000901,0.00259,0.00413,0.00055594,0.00166,0.00053676,0.671496,-0.005741,0.01363,-0.006585,0.00764,0.003002,-0.009785,0.01021428571428572,2.939,1.531,2.29,1
302,1,0,0,0.49,0.087,0.5656,0.24,68.00000622483442,0.04,0.0292,0.0318,0.0365,0.0525,0.0085,0.0286,0.015,0.1,0.0525,0.0237,68.0,0.0915,0.43,0.073,0.135,0.0,0.0,0.33,0.35,0.008,0.000536,0.009769,0.003177,0.003177,0.00081737,0.001811,0.00077999,0.677412,0.02605,-0.05314,0.03292,-0.01882,0.0001501,-0.005488,0.0003857142857142873,0.1586,0.5316,13.7,1
303,1,0,0,0.42262,0.037,0.5656,0.045,69.59999086773723,0.04,0.0286,0.045,0.0365,0.02335,0.013,0.0318,0.015,0.0594,0.0356,0.0236,75.5,0.11,0.31,0.068,0.135,0.0,0.0,0.33,0.35,0.009,0.000566,0.001334,0.000679,0.001912,0.00066504,0.007764,0.002805,0.617275,-0.005261,0.009122,-0.005777,0.004186,0.001205,-0.0032015,0.002978571428571427,0.9131,1.052,2.89,1
304,1,0,0,0.405,0.07,0.5656,0.045,74.49998322747555,0.04,0.0286,0.045,0.0365,0.02335,0.013,0.0318,0.015,0.0554,0.0574,0.024,74.0,0.145,0.3574,0.068,0.135,0.0,0.0,0.33,0.35,0.009,0.004453,0.008961,0.003045,0.00090154,0.00052781,0.00070718,0.00198,0.662377,0.01527,-0.02866,0.01828,-0.01595,0.0009142,-0.0058685000000000005,0.002521428571428571,0.2972,0.8513,5.82,1
305,1,0,0,0.405,0.01,0.5656,0.045,71.49997621217057,0.04,0.0286,0.045,0.0365,0.03335,0.018,0.0318,0.015,0.0466,0.0493,0.0275,69.0,0.125,0.3153,0.068,0.13,0.0,0.0,0.33,0.35,0.009,0.003069,0.000817,0.000562,0.00167,0.001587,0.001994,0.001066,0.640246,-0.009522,0.01539,-0.009485,0.008504,0.0009755,-0.009275,0.002971428571428569,0.626,0.6191,3.27,1
306,0,0,1,0.399,0.069,0.5656,0.045,74.0000202554444,0.04,0.0286,0.045,0.0365,0.02335,0.013,0.0318,0.015,0.0356,0.0118,0.0243,72.5,0.1249,0.5648,0.068,0.13,0.0,0.0,0.33,0.35,0.009,0.000708,0.000637,0.000834,0.001024,0.00095446,0.0006337,0.001192,0.641905,0.05406,-0.09989,0.06494,-0.05228,0.004535,-0.01858,0.010428571428571424,0.4355,1.22,1.23,1
307,0,0,1,0.399,0.069,0.5656,0.045,74.0000202554444,0.04,0.0286,0.045,0.0365,0.02335,0.013,0.0318,0.015,0.035,0.0118,0.024,73.0,0.1527,0.5948,0.068,0.13,0.0,0.0,0.33,0.35,0.009,0.000929,0.004636,0.002251,0.008335,0.004569,0.003051,0.00173,0.654872,0.03132,-0.06348,0.03676,-0.03631,0.001456,-0.013215,0.004928571428571425,0.5281,1.614,3.03,1
308,1,0,0,0.41426,0.075,0.5656,0.03,71.99999647998123,0.0381,0.0254,0.0317,0.034,0.01735,0.0105,0.0286,0.015,0.0373,0.0228,0.0224,72.0,0.1022,0.38,0.068,0.13,0.0,0.0,0.33,0.35,0.0106,0.001921,0.009884,0.00179,0.006486,0.00577,0.001045,0.006336,0.617443,0.01103,-0.01835,0.01318,-0.008622,0.001098,-0.0027945,0.0025500000000000006,0.4237,1.273,5.79,1
309,1,0,0,0.395,0.062,0.5656,0.045,74.0000202554444,0.04,0.0252,0.028,0.025,0.02335,0.013,0.027,0.015,0.0344,0.0141,0.0282,77.0,0.155,0.5741,0.068,0.12,0.0,0.0,0.33,0.35,0.009,0.002274,0.00245,0.000625,0.001367,0.002652,0.0008878,0.008154,0.627298,0.03419,-0.06573,0.04015,-0.03607,0.001311,-0.013155,0.004071428571428578,0.1573,0.4174,4.62,1
310,1,0,0,0.385,0.047,0.5656,0.045,75.00000349528622,0.04,0.0237,0.03,0.025,0.02335,0.013,0.027,0.015,0.0351,0.0112,0.0272,78.0,0.09,0.5712,0.068,0.12,0.0,0.0,0.33,0.35,0.009,0.008824,0.004444,0.008262,0.00074269,0.00057833,0.007546,0.001697,0.616674,-0.009567,0.015,-0.01032,0.007654,0.001318,-0.006503999999999999,0.0053571428571428555,0.6615,0.5894,5.03,1
311,1,0,0,0.385,0.057,0.5656,0.045,75.00000349528622,0.04,0.0237,0.03,0.025,0.02335,0.013,0.027,0.015,0.0353,0.0127,0.0246,78.0,0.15,0.5677,0.068,0.12,0.0,0.0,0.33,0.35,0.009,0.001629,0.00125,0.000883,0.00073084,0.00551,0.00082277,0.002086,0.628131,0.05365,-0.09899,0.06224,-0.05472,0.002189,-0.020075,0.0069285714285714185,0.1172,0.3204,2.99,1
313,1,0,0,0.35,0.065,0.5656,0.12,75.99998673512805,0.04,0.0227,0.025,0.02,0.0185,0.0115,0.027,0.015,0.0279,0.0103,0.0259,76.0,0.1,0.5803,0.068,0.12,0.0,0.0,0.33,0.35,0.009,0.000753,0.001861,0.008154,0.002196,0.00078975,0.002359,0.00069437,0.646633,0.04977,-0.08122,0.05795,-0.04489,0.003297,-0.01646,0.008285714285714294,0.1599,0.4926,3.02,1
315,1,0,0,0.325,0.0,0.5656,0.045,72.99997971982306,0.04,0.0286,0.045,0.0365,0.02485,0.013,0.0318,0.015,0.0426,0.0394,0.0235,68.0,0.11,0.2894,0.068,0.13,0.0,0.0,0.33,0.35,0.009,0.003365,0.008323,0.001823,0.009819,0.003532,0.00052742,0.003105,0.58791,-0.002701,0.003341,-0.002703,0.001709,0.0003169,-0.0016835,0.00125,1.017,1.506,5.8,1
316,1,0,0,0.405,-0.047,0.5656,0.045,74.0000202554444,0.04,0.0286,0.045,0.0365,0.02335,0.013,0.0318,0.015,0.0378,0.0484,0.0352,73.0,0.3092,0.5144,0.068,0.13,0.0,0.0,0.33,0.35,0.009,0.000823,0.008677,0.004415,0.001315,0.009146,0.002525,0.001929,0.598936,-0.001608,0.004119,-0.001513,0.002768,0.0007225,-0.0061085,0.002478571428571429,1.22,0.5465,8.19,1
317,0,0,1,0.385,0.037,0.5656,0.045,74.49998322747555,0.04,0.0286,0.045,0.0365,0.02335,0.013,0.0318,0.015,0.0496,0.0358,0.0267,73.0,0.115,0.3458,0.068,0.13,0.0,0.0,0.33,0.35,0.009,0.001571,0.007393,0.001453,0.004582,0.001174,0.00055838,0.0091,0.633124,-0.004766,0.008106,-0.00511,0.004254,0.0008965,-0.0042505,0.002735714285714283,2.115,2.879,4.15,1
318,0,0,1,0.395,0.062,0.5656,0.045,76.50000700293872,0.04,0.0286,0.045,0.0365,0.02335,0.013,0.0318,0.015,0.0445,0.0264,0.0185,71.5,0.125,0.3514,0.068,0.13,0.0,0.0,0.33,0.35,0.009,0.009466,0.00962,0.004392,0.002032,0.002648,0.004011,0.00094543,0.622309,0.02779,-0.04414,0.03201,-0.02299,0.001766,-0.00813,0.005128571428571428,0.3918,1.176,3.17,1
319,1,0,0,0.405,0.07,0.5656,0.045,74.0000202554444,0.055,0.0286,0.045,0.0365,0.02335,0.013,0.035,0.015,0.0548,0.0509,0.0309,73.0,0.145,0.5169,0.068,0.12,0.0,0.0,0.33,0.35,0.009,0.005949,0.001518,0.001633,0.008652,0.006216,0.005155,0.002246,0.656339,0.01585,-0.0304,0.01898,-0.01612,0.001024,-0.0056395,0.0027500000000000055,0.3205,0.9689,5.47,1
320,1,0,0,0.41,0.07,0.5656,0.045,74.49998322747555,0.04,0.0286,0.045,0.0365,0.02335,0.013,0.0318,0.015,0.0493,0.0469,0.0385,73.0,0.1446,0.5969,0.068,0.13,0.0,0.0,0.33,0.35,0.009,0.006947,0.00602,0.000665,0.00066504,0.0005662,0.001531,0.005677,0.65958,0.01243,-0.02529,0.01518,-0.0133,0.0008517,-0.0047174999999999995,0.0023071428571428535,0.4019,0.8893,6.76,1
321,0,0,1,0.425,0.048,0.5656,0.072,72.99997971982306,0.035,0.042,0.045,0.04495,0.0265,0.0185,0.035,0.015,0.07,0.062,0.027,70.0,0.1383,0.52,0.1,0.135,0.0,0.0,0.33,0.35,0.0112,0.001633,0.005216,0.002562,0.002162,0.003483,0.00234,0.00085529,0.706623,-0.006263,0.01265,-0.006841,0.007141,0.001383,-0.008674999999999999,0.0054142857142857135,2.978,1.584,3.6,1
322,1,0,0,0.456,0.055,0.5656,0.045,72.99997971982306,0.04,0.0286,0.045,0.0365,0.02335,0.013,0.0318,0.015,0.0605,0.0298,0.0431,71.5,0.2316,0.5598,0.068,0.135,0.0,0.0,0.33,0.35,0.009,0.001146,0.000566,0.003504,0.00078343,0.001065,0.005812,0.002503,0.711376,0.01624,-0.04273,0.01942,-0.02594,0.002436,-0.009982999999999999,0.004671428571428571,0.2459,0.5729,4.42,1
323,0,0,1,0.41,0.07,0.5656,0.1,75.99998673512805,0.04,0.0286,0.0318,0.0365,0.025,0.0165,0.0289,0.015,0.0431,0.1,0.0303,76.0,0.1413,0.71,0.068,0.12,0.0,0.0,0.33,0.35,0.009,0.004529,0.000547,0.006932,0.0008852,0.008633,0.00099655,0.003717,0.654233,0.02193,-0.04442,0.02668,-0.02338,0.003221,-0.008284,0.007228571428571421,0.818,1.739,4.26,1
324,1,0,0,0.39,0.047,0.5656,0.04,74.0000202554444,0.04,0.027,0.037,0.0365,0.0216,0.0125,0.0286,0.015,0.03,0.025,0.036,72.0,0.1084,0.535,0.068,0.13,0.0,0.0,0.33,0.35,0.009,0.001834,0.00181,0.009762,0.004463,0.002655,0.002294,0.004995,0.580809,-0.002296,0.003819,-0.002577,0.001809,0.0007671,-0.0013735000000000002,0.00195,1.476,1.735,5.95,1
326,0,0,1,0.44,0.07,0.5656,0.045,73.49999998763374,0.055,0.0327,0.045,0.0365,0.02,0.0165,0.04,0.015,0.0497,0.067,0.0372,71.5,0.14,0.572,0.068,0.13,0.0,0.0,0.33,0.35,0.009,0.006708,0.003814,0.0016,0.001358,0.003018,0.008961,0.0005531,0.650149,0.05297,-0.1066,0.06496,-0.05244,0.004547,-0.018029999999999997,0.009285714285714277,0.4285,1.254,2.91,1
328,0,0,1,0.425,0.035,0.5656,0.072,72.50001674779189,0.035,0.0374,0.039,0.04745,0.023,0.01775,0.0312,0.015,0.06,0.062,0.025,70.0,0.165,0.505,0.1,0.135,0.0,0.0,0.33,0.35,0.0112,0.001789,0.008928,0.009166,0.00759,0.001631,0.00062131,0.00051221,0.691126,-0.0045,0.00929,-0.004891,0.005323,0.00174,-0.007444,0.0073714285714285704,2.873,2.024,4.95,1
331,1,0,0,0.405,0.01,0.5656,0.045,71.99999647998123,0.04,0.0286,0.045,0.0365,0.03335,0.018,0.0318,0.015,0.0477,0.0502,0.0266,69.5,0.125,0.3062,0.068,0.13,0.0,0.0,0.33,0.35,0.009,0.007361,0.008508,0.004684,0.002738,0.00092898,0.00085092,0.002342,0.636493,-0.003504,0.005547,-0.003496,0.003038,0.0002877,-0.0032955,0.0009357142857142859,0.9508,1.069,9.07,1
333,1,0,0,0.4255,0.0465,0.5656,0.015,72.99997971982306,0.04,0.0286,0.045,0.0365,0.022,0.017,0.0286,0.015,0.0559,0.0654,0.0325,70.0,0.13,0.482,0.068,0.135,0.0,0.0,0.33,0.35,0.008,0.001336,0.001611,0.005976,0.002134,0.002573,0.00063185,0.007206,0.680034,-0.002735,0.006061,-0.003141,0.003221,0.001013,-0.0034085,0.002235714285714285,1.318,1.326,7.37,1
334,1,0,0,0.43,0.055,0.5656,0.045,72.99997971982306,0.04,0.0292,0.045,0.0365,0.022,0.017,0.0286,0.015,0.0529,0.0513,0.025,69.0,0.1176,0.47,0.068,0.135,0.0,0.0,0.33,0.35,0.008,0.000946,0.000651,0.001822,0.00059246,0.008539,0.004984,0.00085155,0.625599,0.02365,-0.04008,0.02775,-0.01819,0.003269,-0.0057875,0.009178571428571425,0.3073,0.5924,3.07,1
335,1,0,0,0.343,-0.0523,0.5656,0.04,71.00001324013941,0.04,0.0277,0.045,0.0355,0.02335,0.015,0.026,0.015,0.0406,0.0287,0.0257,75.25,0.1146,0.2382,0.068,0.11,0.0,0.0,0.33,0.35,0.0112,0.001273,0.002027,0.007674,0.00904,0.002226,0.005482,0.0005662,0.519458,-0.003664,0.003289,-0.003311,0.001004,0.0008142,-0.0005522,0.0027042857142857138,0.9917,2.207,3.6,1
337,1,0,0,0.4255,0.0465,0.5656,0.045,74.0000202554444,0.04,0.0286,0.045,0.0365,0.022,0.017,0.0286,0.015,0.0555,0.0345,0.0343,70.0,0.1233,0.4902,0.068,0.135,0.0,0.0,0.33,0.35,0.008,0.003747,0.008831,0.000528,0.007925,0.006476,0.006787,0.00183,0.686409,-0.007978,0.01559,-0.008658,0.008543,0.0009247,-0.009339,0.002699999999999999,0.8145,0.6996,6.36,1
338,0,0,1,0.425,0.057,0.5656,0.045,74.49998322747555,0.04,0.0286,0.045,0.0365,0.02335,0.013,0.0318,0.015,0.0488,0.0475,0.0377,72.0,0.1154,0.5275,0.068,0.13,0.0,0.0,0.33,0.35,0.009,0.004341,0.003532,0.009634,0.007264,0.003481,0.006983,0.003959,0.633671,0.01729,-0.03022,0.01992,-0.01424,0.001379,-0.0045935,0.003664285714285717,0.9628,2.932,4.37,1
339,1,0,0,0.432,0.068,0.5656,0.045,74.49998322747555,0.04,0.0286,0.045,0.0365,0.02335,0.013,0.0318,0.015,0.0494,0.0571,0.0366,71.5,0.081,0.49,0.068,0.13,0.0,0.0,0.33,0.35,0.009,0.001833,0.007122,0.000887,0.003876,0.00092966,0.005906,0.00053013,0.637246,0.03949,-0.06504,0.04644,-0.02746,0.001359,-0.0083625,0.003078571428571434,0.1795,0.5989,4.23,1
340,1,0,0,0.465,0.07,0.5656,0.06,71.49997621217057,0.04,0.0267,0.036,0.0365,0.02245,0.01225,0.028,0.015,0.0408,0.0575,0.0311,71.5,0.1226,0.5,0.068,0.13,0.0,0.0,0.33,0.35,0.009,0.003378,0.000989,0.000584,0.002128,0.008077,0.001703,0.003242,0.700381,0.0221,-0.04784,0.02658,-0.02502,0.001783,-0.0088205,0.0036642857142857106,0.2677,0.7579,4.5,1
342,0,0,1,0.4,0.0275,0.5656,0.045,71.99999647998123,0.04,0.0286,0.045,0.0365,0.02335,0.013,0.0318,0.015,0.0452,0.0541,0.0288,66.5,0.12,0.325,0.068,0.135,0.0,0.0,0.33,0.35,0.009,0.00174,0.001114,0.004643,0.003856,0.001794,0.004392,0.001858,0.637064,-0.007424,0.01285,-0.007963,0.006822,0.002279,-0.007142,0.0062285714285714245,1.83,1.978,2.29,1
343,0,0,1,0.405,-0.025,0.5656,0.25,70.49999297232874,0.04,0.0286,0.045,0.0365,0.02335,0.0215,0.0318,0.015,0.0309,0.051,0.0192,61.5,0.08,0.37,0.068,0.13,0.0,0.0,0.33,0.35,0.009,0.006336,0.000582,0.00221,0.002262,0.005636,0.00084658,0.0006245,0.549616,-0.01369,0.02011,-0.01227,0.004706,0.002986,-0.001732,0.00807142857142857,0.7656,3.581,2.15,1
344,0,0,1,0.405,0.0,0.5656,0.045,68.60000762789541,0.04,0.0459,0.045,0.04745,0.02335,0.013,0.0318,0.015,0.0639,0.0487,0.0318,68.5,0.1,0.2987,0.068,0.135,0.0,0.0,0.33,0.35,0.009,0.006752,0.008773,0.0019,0.005374,0.007873,0.008495,0.00146,0.577766,-0.004011,0.005313,-0.004079,0.001846,0.001019,-0.00087385,0.002645,3.125,6.942,3.58,1
346,1,0,0,0.418,0.082,0.5656,0.045,71.99999647998123,0.04196,0.027,0.0338,0.0365,0.02285,0.015,0.0286,0.015,0.0342,0.0256,0.0346,73.3,0.1543,0.5956,0.068,0.13,0.0,0.0,0.33,0.35,0.0143,0.000534,0.001503,0.000548,0.00081439,0.004247,0.005212,0.009086,0.656402,0.01056,-0.02369,0.01342,-0.01281,0.001192,-0.0046415,0.002878571428571426,0.4254,0.7354,5.95,1
347,0,0,1,0.46,0.06,0.5656,0.04,69.99997270451806,0.04341,0.02543,0.032,0.034,0.01735,0.0105,0.0275,0.015,0.0346,0.0185,0.0294,70.0,0.0797,0.52,0.074,0.13,0.0,0.0,0.33,0.35,0.0106,0.003671,0.004626,0.00537,0.002313,0.001011,0.006198,0.003181,0.630384,0.02996,-0.05126,0.0354,-0.02112,0.003573,-0.006481000000000001,0.007885714285714284,0.7164,2.303,2.96,1
348,1,0,0,0.405,0.07,0.5656,0.045,74.0000202554444,0.04,0.02855,0.037,0.0365,0.02335,0.013,0.028,0.015,0.0407,0.0325,0.0325,72.5,0.11,0.5525,0.068,0.13,0.0,0.0,0.33,0.35,0.007,0.00145,0.007464,0.00053,0.00090815,0.002996,0.001669,0.00107,0.631186,0.03332,-0.05815,0.04,-0.02791,0.001116,-0.0094035,0.0031928571428571388,0.2011,0.5994,4.23,1
349,1,0,0,0.353,0.0,0.5656,0.045,72.99997971982306,0.04,0.0286,0.045,0.0365,0.02335,0.013,0.0318,0.015,0.0471,0.0474,0.0358,75.0,0.145,0.5134,0.068,0.13,0.0,0.0,0.33,0.35,0.009,0.001837,0.002844,0.001973,0.002799,0.001543,0.00073405,0.001138,0.610529,-0.005462,0.008501,-0.005387,0.004823,0.0007575,-0.0054535,0.002607142857142862,1.084,0.9005,3.64,1
351,1,0,0,0.22,0.01,0.5656,0.045,69.50000973248692,0.04,0.0267,0.0318,0.0365,0.02335,0.013,0.028,0.015,0.0379,0.0362,0.027,69.0,0.1,0.1862,0.068,0.13,0.0,0.0,0.33,0.35,0.009,0.001707,0.00158,0.003124,0.001114,0.002998,0.004234,0.008902,0.449116,-0.002066,0.003384,-0.002202,0.001806,0.0007553,-0.0018769999999999998,0.00257142857142857,1.244,1.058,6.02,1
352,1,0,0,0.425,0.03,0.5656,0.045,73.49999998763374,0.04,0.0292,0.045,0.0365,0.022,0.017,0.0318,0.015,0.0571,0.0534,0.0224,70.0,0.111,0.4,0.068,0.135,0.0,0.0,0.33,0.35,0.008,0.007339,0.001154,0.008238,0.001566,0.009126,0.001198,0.001355,0.60023,-0.003955,0.006207,-0.004266,0.002789,0.001652,-0.001924,0.003914285714285713,1.091,1.727,5.91,1
354,0,0,1,0.405,0.07,0.5656,0.045,74.0000202554444,0.04,0.0286,0.045,0.0365,0.02335,0.013,0.0318,0.015,0.0499,0.048,0.0359,73.0,0.145,0.552,0.068,0.13,0.0,0.0,0.33,0.35,0.009,0.00202,0.001285,0.002882,0.00282,0.001441,0.003828,0.00099074,0.653639,0.0405,-0.07886,0.04838,-0.04217,0.003086,-0.015,0.007999999999999995,0.4818,1.501,2.04,1
355,1,0,0,0.455,0.07,0.5656,0.07,70.49999297232874,0.04,0.0316,0.045,0.0365,0.02335,0.013,0.0318,0.015,0.0498,0.0493,0.0289,70.5,0.1465,0.4495,0.068,0.135,0.0,0.0,0.33,0.35,0.009,0.005197,0.002011,0.00501,0.003105,0.001331,0.00080964,0.002077,0.65349,0.01123,-0.02229,0.01331,-0.01159,0.001205,-0.0040605,0.002950000000000001,0.454,1.327,5.61,1
356,0,0,1,0.42,0.0,0.5656,0.2,69.99997270451806,0.04,0.05,0.045,0.0475,0.04,0.0215,0.04,0.015,0.0455,0.0534,0.03,63.5,0.1,0.3534,0.068,0.13,0.0,0.0,0.33,0.35,0.009,0.001317,0.001396,0.004447,0.004026,0.00706,0.00354,0.003887,0.605715,-0.001767,0.004431,-0.001754,0.001222,0.0004869,-0.0008279,0.0013485714285714288,2.397,8.888,4.7,1
357,1,0,0,0.425,0.02,0.5656,0.045,71.00001324013941,0.04,0.0292,0.045,0.0365,0.022,0.017,0.0318,0.015,0.0547,0.0518,0.0235,70.0,0.1119,0.4826,0.068,0.135,0.0,0.0,0.33,0.35,0.008,0.003613,0.001485,0.001833,0.001876,0.00152,0.009655,0.007122,0.675463,-0.003535,0.006622,-0.003745,0.003539,0.001033,-0.003541,0.0021857142857142843,1.278,1.236,6.57,1
358,1,0,0,0.39,0.065,0.5656,0.045,75.50002376309689,0.04,0.0286,0.045,0.0365,0.02335,0.013,0.0318,0.015,0.0551,0.0408,0.0292,73.0,0.12,0.3258,0.068,0.135,0.0,0.0,0.33,0.35,0.009,0.003097,0.000575,0.000524,0.005544,0.002366,0.00084318,0.00067164,0.649125,0.04009,-0.06736,0.04644,-0.03516,0.002388,-0.012209999999999999,0.0062857142857142894,0.1659,0.4771,2.39,1
360,1,0,0,0.43,0.026,0.5656,0.038,69.99997270451806,0.04,0.0327,0.04,0.0365,0.022,0.017,0.029,0.015,0.0408,0.0288,0.025,68.0,0.1023,0.38,0.068,0.135,0.0,0.0,0.33,0.35,0.008,0.003878,0.000856,0.001032,0.009439,0.005615,0.004851,0.00052819,0.650543,-0.01105,0.01868,-0.01159,0.009529,0.002459,-0.009287,0.005800000000000001,0.6329,0.6567,3.52,1
361,1,0,0,0.416,0.04,0.5656,0.072,72.99997971982306,0.035,0.0377,0.045,0.04495,0.0222,0.0185,0.0254,0.015,0.045,0.07,0.03,71.0,0.1165,0.435,0.068,0.135,0.0,0.0,0.33,0.35,0.0112,0.000596,0.002316,0.00577,0.00126,0.00063929,0.001921,0.003448,0.651663,-0.001392,0.002983,-0.001659,0.001534,0.0007795,-0.001575,0.001714285714285714,1.213,2.273,6.29,1
362,1,0,0,0.413,0.07,0.5656,0.045,75.00000349528622,0.04,0.0286,0.045,0.0365,0.02335,0.013,0.0318,0.015,0.0499,0.0486,0.0356,72.0,0.126,0.5147,0.068,0.13,0.0,0.0,0.33,0.35,0.009,0.000783,0.002527,0.001408,0.003255,0.00072155,0.004682,0.007353,0.641632,0.009258,-0.01718,0.01113,-0.008422,0.0007038,-0.002859,0.0017999999999999971,0.4864,1.422,5.74,1
363,0,0,1,0.41,0.015,0.5656,0.2,69.99997270451806,0.04,0.05,0.045,0.0475,0.04,0.0215,0.04,0.015,0.0455,0.0534,0.03,63.5,0.1,0.3534,0.068,0.13,0.0,0.0,0.33,0.35,0.009,0.000909,0.004011,0.007034,0.00059638,0.003685,0.003839,0.001412,0.616055,-0.001579,0.004555,-0.00169,0.001206,0.0004499,-0.00099505,0.001970714285714285,1.808,2.354,5.15,1
364,0,0,1,0.405,0.07,0.5656,0.045,74.0000202554444,0.04,0.0286,0.045,0.0365,0.02335,0.013,0.0318,0.015,0.0499,0.049,0.034,73.0,0.145,0.515,0.068,0.13,0.0,0.0,0.33,0.35,0.009,0.004916,0.006024,0.000742,0.002691,0.001999,0.003029,0.009819,0.653639,0.01859,-0.03636,0.02234,-0.01931,0.001116,-0.006881,0.003142857142857138,0.8769,2.432,4.59,1
365,1,0,0,0.44722,0.111,0.5656,0.045,74.0000202554444,0.04,0.0286,0.045,0.0365,0.02335,0.013,0.0318,0.015,0.053,0.0502,0.032,73.0,0.1425,0.5162,0.068,0.135,0.0,0.0,0.33,0.35,0.009,0.002918,0.002336,0.000717,0.001506,0.001506,0.001098,0.003076,0.684902,0.0175,-0.04036,0.02314,-0.02154,0.001269,-0.007696,0.002857142857142858,0.2807,0.7512,4.52,1
366,1,0,0,0.315,-0.03,0.5656,0.029,69.99997270451806,0.04,0.0286,0.045,0.0365,0.01985,0.015,0.0318,0.015,0.0319,0.0255,0.0234,72.5,0.0963,0.2055,0.068,0.135,0.0,0.0,0.33,0.35,0.0112,0.001243,0.001732,0.001387,0.009247,0.009648,0.008837,0.003101,0.509994,-0.002183,0.001982,-0.002115,0.0003576,0.0005977,-7.131e-05,0.001517,0.8463,2.722,3.71,1
367,1,0,0,0.425,0.066,0.5656,0.045,71.99999647998123,0.04,0.0286,0.045,0.0365,0.02335,0.013,0.0286,0.015,0.048,0.025,0.0379,72.0,0.1442,0.59,0.068,0.13,0.0,0.0,0.33,0.35,0.009,0.009146,0.000763,0.002259,0.001553,0.003036,0.003792,0.001469,0.669485,0.02231,-0.04548,0.02664,-0.02425,0.00208,-0.008664,0.004785714285714288,0.3068,0.8583,4.04,1
368,0,0,1,0.41,0.047,0.5656,0.195,72.50001674779189,0.049,0.0317,0.05,0.0365,0.02335,0.016,0.035,0.015,0.0477,0.1853,0.0379,73.5,0.185,0.6653,0.068,0.13,0.0,0.0,0.33,0.35,0.009,0.000582,0.002903,0.000667,0.00055189,0.001122,0.004041,0.003331,0.658571,-0.007258,0.01835,-0.008452,0.0109,0.002337,-0.013635,0.009642857142857146,2.127,0.8044,2.53,1
369,1,0,0,0.405,0.07,0.5656,0.045,73.49999998763374,0.04,0.0307,0.045,0.044,0.0285,0.013,0.036,0.015,0.0526,0.0284,0.0454,73.0,0.1409,0.56,0.068,0.13,0.0,0.0,0.33,0.35,0.009,0.0027,0.00118,0.009173,0.004312,0.006787,0.001319,0.001319,0.649093,0.009716,-0.01869,0.01161,-0.009699,0.0007936,-0.0037345,0.002135714285714284,0.518,1.513,6.72,1
370,1,0,0,0.41,0.07,0.5656,0.045,72.50001674779189,0.04,0.0286,0.045,0.0365,0.02335,0.013,0.0318,0.015,0.0505,0.0317,0.0385,73.0,0.1488,0.5917,0.068,0.13,0.0,0.0,0.33,0.35,0.009,0.003193,0.000928,0.000898,0.00056827,0.00083246,0.00089825,0.00069031,0.647546,0.03978,-0.07847,0.04816,-0.04125,0.002672,-0.01464,0.00614285714285714,0.1846,0.4762,2.69,1
371,0,0,1,0.425,0.035,0.5656,0.045,72.99997971982306,0.04,0.0286,0.045,0.0365,0.02335,0.013,0.0318,0.015,0.0626,0.0512,0.036,71.0,0.1,0.465,0.068,0.13,0.0,0.0,0.33,0.35,0.009,0.002748,0.008779,0.006807,0.0005096,0.004805,0.00553,0.00061995,0.61983,-0.01223,0.01974,-0.01324,0.008757,0.002627,-0.0056215,0.010178571428571427,1.835,1.566,3.45,1
373,1,0,0,0.435,0.073,0.5656,0.045,73.49999998763374,0.04,0.0286,0.045,0.0365,0.02335,0.013,0.0318,0.015,0.0507,0.0482,0.0357,72.0,0.115,0.5182,0.068,0.135,0.0,0.0,0.33,0.35,0.009,0.000935,0.004382,0.000628,0.00077544,0.004085,0.00083185,0.00052704,0.651148,0.05283,-0.09906,0.06386,-0.04737,0.001694,-0.01585,0.004428571428571434,0.1487,0.4369,3.55,1
374,1,0,0,0.435,0.073,0.5656,0.045,73.49999998763374,0.04,0.0286,0.045,0.0365,0.02335,0.013,0.0318,0.015,0.0507,0.0484,0.0354,72.0,0.12,0.5182,0.068,0.135,0.0,0.0,0.33,0.35,0.009,0.009733,0.000941,0.001534,0.00275,0.00059463,0.003264,0.009978,0.651148,0.009159,-0.0176,0.01116,-0.008435,0.001022,-0.0028244999999999998,0.0020785714285714288,0.5007,1.48,6.52,1
375,1,0,0,0.43,0.07,0.5656,0.045,74.49998322747555,0.04,0.0286,0.045,0.0365,0.02335,0.013,0.0318,0.015,0.0487,0.0494,0.0341,71.5,0.11,0.465,0.068,0.13,0.0,0.0,0.33,0.35,0.009,0.006757,0.001253,0.005102,0.003509,0.009377,0.006601,0.001978,0.648226,0.01338,-0.02429,0.01595,-0.01159,0.001377,-0.0038405,0.003192857142857142,0.4369,1.317,5.65,1
376,1,0,0,0.43,0.07,0.5656,0.045,74.0000202554444,0.04,0.0286,0.045,0.0365,0.02335,0.013,0.0318,0.015,0.0445,0.0389,0.0297,72.5,0.1006,0.4689,0.068,0.13,0.0,0.0,0.33,0.35,0.009,0.00764,0.00314,0.000867,0.003967,0.003214,0.001021,0.003368,0.669526,0.01628,-0.03031,0.01933,-0.01496,0.0008861,-0.0050555,0.0022928571428571434,0.3362,0.9868,5.32,1
377,1,0,0,0.39,0.005,0.5656,0.034,69.50000973248692,0.04,0.0327,0.04,0.0365,0.022,0.017,0.029,0.015,0.0408,0.0288,0.025,67.5,0.1002,0.36,0.068,0.135,0.0,0.0,0.33,0.35,0.008,0.000836,0.000584,0.003312,0.003896,0.00066261,0.003016,0.003216,0.617881,-0.002877,0.00472,-0.003077,0.002287,0.001229,-0.0020004999999999997,0.0028214285714285707,1.423,1.493,3.87,1
378,1,0,0,0.445,0.06,0.5656,0.055,74.0000202554444,0.04,0.0292,0.045,0.0365,0.022,0.017,0.0318,0.015,0.0571,0.0534,0.0224,71.0,0.09,0.355,0.068,0.135,0.0,0.0,0.33,0.35,0.008,0.003994,0.000757,0.001002,0.00070666,0.001947,0.001514,0.003976,0.672267,0.0156,-0.02757,0.01835,-0.0126,0.001782,-0.004027,0.004957142857142858,0.3844,0.6523,4.44,1
379,0,0,1,0.405,0.07,0.5656,0.045,82.5000210335487,0.04,0.0286,0.045,0.0365,0.02335,0.013,0.0318,0.015,0.0539,0.0516,0.0309,79.5,0.145,0.5176,0.068,0.13,0.0,0.0,0.33,0.35,0.009,0.00079,0.000646,0.001988,0.004064,0.007436,0.002089,0.00962,0.692181,0.01937,-0.04045,0.02333,-0.02258,0.002127,-0.008256,0.004428571428571434,0.8658,2.332,4.05,1
380,1,0,0,0.405,0.07,0.5656,0.045,72.99997971982306,0.04,0.0267,0.037,0.0365,0.02335,0.013,0.028,0.015,0.0419,0.034,0.0303,73.0,0.0815,0.534,0.068,0.13,0.0,0.0,0.33,0.35,0.007,0.001657,0.005846,0.003524,0.003524,0.00079963,0.00056952,0.005846,0.620868,0.008429,-0.01325,0.01006,-0.005606,0.0006158,-0.0017365,0.0015928571428571435,0.4936,1.573,6.62,1
381,1,0,0,0.405,0.07,0.5656,0.045,75.50002376309689,0.04,0.0286,0.045,0.0365,0.02335,0.013,0.0318,0.015,0.0551,0.0589,0.0234,73.5,0.145,0.3389,0.068,0.135,0.0,0.0,0.33,0.35,0.009,0.000687,0.001284,0.000508,0.005648,0.00057749,0.001349,0.001086,0.659361,0.0286,-0.0527,0.03342,-0.02949,0.00151,-0.010705,0.004642857142857139,0.2112,0.5799,2.35,1
382,1,0,0,0.38,0.06,0.5656,0.045,74.0000202554444,0.04,0.0286,0.045,0.0365,0.02335,0.013,0.0318,0.015,0.0485,0.041,0.0183,73.5,0.1,0.316,0.068,0.135,0.0,0.0,0.33,0.35,0.009,0.004265,0.001477,0.002613,0.00056994,0.0009664,0.00080609,0.003845,0.639997,0.01066,-0.01667,0.01253,-0.00826,0.001108,-0.002732,0.004485714285714286,0.4404,0.7109,4.45,1
383,1,0,0,0.42776,0.065,0.5656,0.045,74.0000202554444,0.04,0.0286,0.045,0.0365,0.02335,0.013,0.0318,0.015,0.0493,0.0468,0.0338,72.5,0.0703,0.55,0.068,0.13,0.0,0.0,0.33,0.35,0.009,0.000971,0.00079,0.002154,0.001624,0.00077829,0.001561,0.0008852,0.661242,0.02657,-0.0446,0.03143,-0.01944,0.002567,-0.006139,0.005214285714285718,0.2899,0.9246,2.59,1
384,1,0,0,0.36322,-0.017,0.5656,0.037,69.50000973248692,0.04,0.0286,0.043,0.0365,0.02335,0.015,0.0318,0.015,0.036,0.0347,0.0173,70.5,0.1136,0.2947,0.068,0.135,0.0,0.0,0.33,0.35,0.009,0.003653,0.007491,0.006529,0.00070563,0.001247,0.005945,0.00551,0.593003,-0.001948,0.002783,-0.001962,0.001464,0.000547,-0.0013905,0.002735714285714286,1.186,0.7496,7.28,1
385,1,0,0,0.425,-0.03,0.5656,0.045,74.0000202554444,0.04,0.0286,0.045,0.0365,0.02335,0.013,0.0318,0.015,0.0493,0.0468,0.0338,74.0,0.2274,0.52,0.068,0.13,0.0,0.0,0.33,0.35,0.009,0.004901,0.001573,0.001897,0.002212,0.004444,0.00979,0.00080491,0.565285,-0.004983,0.008987,-0.004667,0.005171,0.001294,-0.006265,0.003885714285714287,0.97,0.7898,4.49,1
386,1,0,0,0.403,0.072,0.5656,0.045,74.30002095697489,0.04,0.0267,0.037,0.0365,0.02335,0.013,0.028,0.015,0.0394,0.0342,0.0306,72.5,0.1202,0.5692,0.068,0.13,0.0,0.0,0.33,0.35,0.007,0.007502,0.000676,0.001792,0.00083612,0.002359,0.009891,0.0017,0.646311,0.02127,-0.03957,0.02581,-0.02023,0.002152,-0.0070905,0.0047357142857142815,0.2933,0.7937,3.64,1
387,1,0,0,0.403,0.072,0.5656,0.045,74.30002095697489,0.04,0.0267,0.037,0.0365,0.02335,0.013,0.028,0.015,0.0394,0.0342,0.0305,72.5,0.1221,0.5692,0.068,0.13,0.0,0.0,0.33,0.35,0.007,0.002456,0.000963,0.001161,0.001161,0.00079847,0.004306,0.009106,0.646375,0.009822,-0.01862,0.01201,-0.009449,0.0011,-0.0033109999999999997,0.0023999999999999994,0.472,1.134,5.9,1
388,1,0,0,0.395,0.07,0.5656,0.045,75.00000349528622,0.04,0.0267,0.037,0.0365,0.02335,0.013,0.028,0.015,0.04,0.02,0.025,73.0,0.1146,0.505,0.068,0.13,0.0,0.0,0.33,0.35,0.007,0.000521,0.001807,0.00171,0.007546,0.006303,0.002111,0.004542,0.648134,0.0117,-0.02116,0.01388,-0.01096,0.000774,-0.0037730000000000003,0.0022142857142857138,0.4135,1.176,5.05,1
392,0,0,1,0.415,0.025,0.5656,0.045,72.99997971982306,0.04,0.0286,0.045,0.0365,0.02335,0.013,0.0318,0.015,0.0528,0.0512,0.0309,71.0,0.1251,0.4651,0.068,0.13,0.0,0.0,0.33,0.35,0.009,0.002286,0.00189,0.00222,0.006988,0.004599,0.006457,0.002846,0.64594,-0.0085,0.01505,-0.008927,0.007911,0.001703,-0.007809999999999999,0.0047571428571428495,2.299,2.233,2.84,1
393,0,0,1,0.405,0.07,0.5656,0.045,88.00001479634801,0.04,0.0286,0.045,0.0365,0.02335,0.013,0.0318,0.015,0.0549,0.0539,0.0299,77.0,0.1507,0.4199,0.068,0.13,0.0,0.0,0.33,0.35,0.009,0.000776,0.000545,0.000871,0.00074052,0.004316,0.00056661,0.002865,0.709664,0.0377,-0.07955,0.04536,-0.04655,0.004226,-0.01756,0.00942857142857144,0.475,1.163,2.02,1
394,1,0,0,0.405,0.08,0.5656,0.045,75.99998673512805,0.06,0.0531,0.045,0.0365,0.02335,0.013,0.0318,0.015,0.0505,0.053,0.0477,73.6,0.14,0.579,0.068,0.13,0.0,0.0,0.33,0.35,0.009,0.007696,0.000701,0.000543,0.00098136,0.009254,0.00077431,0.003045,0.668259,0.0119,-0.02485,0.01525,-0.01275,0.002005,-0.004401,0.00597142857142857,0.2902,0.4697,5.16,1
395,1,0,0,0.405,0.07,0.5656,0.045,74.0000202554444,0.04,0.0286,0.045,0.0365,0.02335,0.013,0.0318,0.015,0.0499,0.0468,0.0385,73.0,0.1432,0.5968,0.068,0.13,0.0,0.0,0.33,0.35,0.009,0.002134,0.002134,0.004512,0.002826,0.004955,0.001217,0.002134,0.653639,0.01373,-0.02693,0.01649,-0.0142,0.001011,-0.005023,0.002742857142857141,0.4129,1.163,5.57,1
396,0,0,1,0.406,0.07,0.5656,0.045,73.49999998763374,0.04,0.0336,0.045,0.0365,0.02335,0.013,0.0318,0.015,0.0435,0.0327,0.0264,73.0,0.1714,0.5847,0.068,0.13,0.0,0.0,0.33,0.35,0.009,0.001843,0.003085,0.002744,0.00059944,0.004592,0.001718,0.004646,0.661768,0.01818,-0.03931,0.02225,-0.02253,0.001961,-0.0083365,0.005935714285714286,0.7901,1.836,3.75,1
397,0,0,1,0.406,0.07,0.5656,0.045,73.49999998763374,0.04,0.0336,0.045,0.0365,0.02335,0.013,0.0318,0.015,0.0435,0.0326,0.0268,73.0,0.1702,0.59,0.068,0.13,0.0,0.0,0.33,0.35,0.009,0.000595,0.001912,0.00086,0.00086031,0.00080433,0.00081379,0.003997,0.661834,0.025,-0.05423,0.03058,-0.0308,0.002212,-0.011505000000000001,0.005071428571428575,0.631,1.562,2.36,1
399,0,0,1,0.406,0.07,0.5656,0.045,73.49999998763374,0.04,0.0286,0.045,0.0365,0.02335,0.013,0.0318,0.015,0.0435,0.0327,0.0246,73.0,0.1695,0.5847,0.068,0.13,0.0,0.0,0.33,0.35,0.009,0.006248,0.00055,0.000641,0.002803,0.004058,0.009047,0.007034,0.661768,0.02108,-0.04525,0.02562,-0.02564,0.00232,-0.009511499999999999,0.004878571428571438,0.7862,2.091,3.51,1
400,0,0,1,0.425,0.0775,0.5656,0.045,74.0000202554444,0.04,0.0286,0.045,0.0365,0.02335,0.013,0.035,0.015,0.05,0.0287,0.035,72.0,0.12,0.5587,0.068,0.13,0.0,0.0,0.33,0.35,0.007,0.00936,0.006151,0.004983,0.002829,0.004478,0.00062564,0.009291,0.654208,0.01549,-0.02979,0.01891,-0.01461,0.001222,-0.0049575,0.002978571428571427,0.8431,3.069,5.4,1
401,1,0,0,0.39,0.035,0.5656,0.05,71.49997621217057,0.04,0.0286,0.045,0.031,0.02335,0.022,0.0318,0.015,0.0505,0.0225,0.0353,74.5,0.2125,0.5725,0.068,0.12,0.0,0.0,0.33,0.35,0.009,0.000702,0.006336,0.006486,0.00179,0.001921,0.005254,0.00078918,0.614693,-0.004271,0.008826,-0.004512,0.005402,0.001019,-0.0078255,0.0030214285714285755,0.934,0.745,5.8,1
402,1,0,0,0.438,0.055,0.5656,0.035,72.99997971982306,0.0508,0.0286,0.036,0.0365,0.02335,0.0145,0.0286,0.015,0.055,0.06,0.025,71.0,0.0901,0.45,0.068,0.135,0.0,0.0,0.33,0.35,0.009,0.000741,0.00728,0.000597,0.003997,0.00061273,0.001491,0.0007476,0.72855,0.06112,-0.1175,0.07065,-0.0601,0.001335,-0.020810000000000002,0.0034285714285714123,0.1419,0.4106,4.14,1
404,1,0,0,0.405,0.07,0.5656,0.045,74.0000202554444,0.04,0.0271,0.035,0.0285,0.02335,0.013,0.0288,0.015,0.0403,0.046,0.0348,73.0,0.165,0.606,0.068,0.13,0.0,0.0,0.33,0.35,0.009,0.007003,0.005936,0.002556,0.005542,0.00052511,0.008166,0.003297,0.648424,0.01996,-0.04153,0.02368,-0.02333,0.0008441,-0.0084655,0.002764285714285715,0.281,0.7694,6.18,1
405,1,0,0,0.388,0.011,0.5656,0.045,74.0000202554444,0.04,0.0286,0.045,0.0365,0.02335,0.013,0.0318,0.015,0.0404,0.0423,0.0245,72.0,0.099,0.2643,0.068,0.11,0.0,0.0,0.33,0.35,0.009,0.00937,0.004774,0.00421,0.001147,0.00906,0.00094129,0.001269,0.574694,-0.004149,0.005456,-0.004211,0.002382,0.000838,-0.001608,0.002785714285714285,0.8138,1.595,5.05,1
406,1,0,0,0.39,0.04,0.5656,0.045,71.99999647998123,0.04,0.0286,0.045,0.0365,0.02335,0.013,0.0318,0.015,0.051,0.0464,0.0375,75.0,0.161,0.5964,0.068,0.13,0.0,0.0,0.33,0.35,0.009,0.004506,0.000915,0.000705,0.00083063,0.002813,0.00096994,0.002653,0.623103,-0.004552,0.009225,-0.005106,0.005191,0.001438,-0.005732,0.003542857142857142,1.092,0.8238,4.1,1
407,1,0,0,0.375,0.045,0.5656,0.06,74.0000202554444,0.04,0.0286,0.045,0.0365,0.02335,0.015,0.0318,0.015,0.0457,0.0398,0.0309,71.0,0.1384,0.4498,0.068,0.13,0.0,0.0,0.33,0.35,0.0112,0.000807,0.003341,0.006605,0.002355,0.001418,0.002002,0.00421,0.577332,-0.00193,0.003175,-0.002132,0.001602,0.0005875,-0.0014295,0.0017357142857142866,1.038,2.013,5.51,1
408,0,0,1,0.407,0.065,0.5656,0.09,73.49999998763374,0.04,0.0286,0.045,0.0365,0.02335,0.013,0.0318,0.015,0.0501,0.0477,0.036,73.0,0.1058,0.5,0.068,0.13,0.0,0.0,0.33,0.35,0.009,0.009404,0.005686,0.001317,0.006429,0.00081977,0.002217,0.004268,0.646698,0.02309,-0.04022,0.02709,-0.01932,0.001217,-0.006362,0.003471428571428567,0.7378,2.188,3.45,1
409,1,0,0,0.385,0.07,0.5656,0.175,77.00002727074938,0.04,0.0256,0.035,0.0325,0.02335,0.013,0.0288,0.015,0.0499,0.049,0.034,72.0,0.145,0.649,0.068,0.13,0.0,0.0,0.33,0.35,0.009,0.009342,0.001979,0.007404,0.004216,0.001001,0.001302,0.003007,0.644807,0.01481,-0.02817,0.01775,-0.01497,0.0009577,-0.005363,0.002942857142857143,0.3245,1.021,5.7,1
411,1,0,0,0.42,0.065,0.5656,0.12,69.99997270451806,0.04,0.0243,0.0365,0.0365,0.02335,0.0145,0.0286,0.015,0.045,0.12,0.02,70.0,0.1,0.44,0.073,0.135,0.0,0.0,0.33,0.35,0.009,0.005486,0.001594,0.002479,0.004341,0.005304,0.002869,0.004148,0.667958,0.01435,-0.02557,0.01684,-0.01283,0.0009826,-0.0043774999999999994,0.002607142857142856,0.3674,1.068,5.75,1
412,1,0,0,0.435,0.073,0.5656,0.045,73.49999998763374,0.04,0.0286,0.045,0.0365,0.02335,0.013,0.0318,0.015,0.0514,0.0485,0.0351,72.0,0.115,0.5182,0.068,0.135,0.0,0.0,0.33,0.35,0.009,0.001257,0.001213,0.007442,0.005088,0.00053794,0.001206,0.001926,0.657384,0.01316,-0.02498,0.01579,-0.01214,0.001403,-0.004041,0.0032428571428571424,0.4438,1.322,4.89,1
413,1,0,0,0.425,0.055,0.5656,0.045,72.99997971982306,0.04,0.0286,0.04,0.03495,0.0185,0.013,0.0286,0.015,0.0416,0.0322,0.0391,70.5,0.1201,0.54,0.068,0.13,0.0,0.0,0.33,0.35,0.009,0.001306,0.000639,0.002425,0.008902,0.0007077,0.00082881,0.00052205,0.632196,0.0282,-0.04991,0.03209,-0.02451,0.004054,-0.008053000000000001,0.008000000000000007,0.2522,0.7588,2.66,1
414,1,0,0,0.425,0.055,0.5656,0.2,72.50001674779189,0.04,0.0317,0.045,0.03515,0.025,0.01275,0.0286,0.015,0.0484,0.1893,0.0423,71.0,0.12,0.69,0.068,0.13,0.0,0.0,0.33,0.35,0.009,0.003511,0.000803,0.005867,0.00253,0.002065,0.001643,0.001011,0.63849,0.01486,-0.02659,0.01724,-0.01263,0.001975,-0.004197,0.004714285714285711,0.3977,1.209,5.21,1
415,1,0,0,0.415,0.048,0.5656,0.045,74.49998322747555,0.04,0.0292,0.045,0.0365,0.022,0.017,0.0286,0.015,0.0529,0.09,0.03,70.0,0.1151,0.48,0.068,0.135,0.0,0.0,0.33,0.35,0.008,0.003589,0.001447,0.00955,0.003445,0.001299,0.001218,0.002621,0.660277,-0.003494,0.0068,-0.003913,0.003542,0.001209,-0.0034200000000000003,0.002971428571428572,1.681,1.61,6.39,1
416,1,0,0,0.4,0.07,0.5656,0.175,75.00000349528622,0.04,0.0256,0.035,0.0325,0.02335,0.013,0.0288,0.015,0.0499,0.049,0.034,73.0,0.1609,0.609,0.068,0.13,0.0,0.0,0.33,0.35,0.009,0.009634,0.004684,0.000501,0.00128,0.004509,0.001063,0.001289,0.682346,0.04967,-0.1064,0.05988,-0.06048,0.00119,-0.022574999999999998,0.0036428571428571426,0.1423,0.3573,4.4,1
417,1,0,0,0.275,0.025,0.5656,0.045,71.49997621217057,0.04,0.0286,0.045,0.0365,0.02335,0.013,0.0318,0.015,0.0464,0.031,0.0255,72.1,0.12,0.251,0.068,0.13,0.0,0.0,0.33,0.35,0.009,0.001359,0.001608,0.001148,0.003653,0.002304,0.00345,0.00253,0.485268,0.01792,-0.0391,0.02168,-0.0219,0.00102,-0.008095,0.003014285714285705,0.3285,0.8735,4.09,1
418,1,0,0,0.405,0.068,0.5656,0.045,72.99997971982306,0.04,0.0286,0.036,0.0365,0.02335,0.013,0.0318,0.015,0.0441,0.022,0.0367,73.0,0.161,0.582,0.068,0.13,0.0,0.0,0.33,0.35,0.009,0.00169,0.001383,0.007286,0.00101,0.00091549,0.005265,0.00067533,0.658594,0.01969,-0.04065,0.02364,-0.02282,0.00197,-0.0084135,0.004850000000000005,0.3137,0.8739,4.48,1
419,0,0,1,0.41,0.07,0.5656,0.045,75.99998673512805,0.08,0.0327,0.0318,0.0365,0.025,0.0165,0.0289,0.015,0.0431,0.07,0.0303,76.0,0.14,0.64,0.068,0.12,0.0,0.0,0.33,0.35,0.009,0.001119,0.000656,0.000664,0.00080139,0.004952,0.00759,0.00066943,0.646777,0.08137,-0.1584,0.1013,-0.07715,0.007108,-0.034485,0.020928571428571442,0.2912,0.5794,1.51,1
420,1,0,0,0.42,0.065,0.5656,0.12,71.00001324013941,0.04,0.0243,0.0365,0.0365,0.02335,0.0145,0.0286,0.015,0.045,0.12,0.02,70.0,0.105,0.48,0.073,0.135,0.0,0.0,0.33,0.35,0.009,0.002886,0.003336,0.003884,0.001561,0.003445,0.009705,0.001942,0.707556,0.02471,-0.04779,0.02912,-0.02581,0.001156,-0.009275,0.0031714285714285707,0.2835,0.7254,5.31,1
421,1,0,0,0.425,0.07,0.5656,0.055,72.99997971982306,0.04,0.0302,0.045,0.0365,0.02125,0.01275,0.0286,0.015,0.0518,0.0291,0.0461,70.5,0.125,0.54,0.068,0.13,0.0,0.0,0.33,0.35,0.009,0.000749,0.004038,0.009377,0.004038,0.004646,0.00060649,0.002499,0.649735,0.01054,-0.01994,0.01262,-0.009754,0.001017,-0.003293,0.0026714285714285724,0.5042,1.632,6.74,1
422,1,0,0,0.365,0.01,0.5656,0.04,70.49999297232874,0.04,0.0286,0.045,0.0365,0.02585,0.01475,0.0318,0.015,0.0467,0.04,0.0161,70.5,0.115,0.29,0.068,0.13,0.0,0.0,0.33,0.35,0.009,0.000535,0.000619,0.006811,0.008421,0.002857,0.00058514,0.003405,0.589477,-0.002147,0.00328,-0.002328,0.001526,0.000778,-0.0013935,0.002121428571428571,0.9866,1.719,4.8,1
423,1,0,0,0.41,0.05,0.5656,0.055,73.49999998763374,0.04,0.027,0.0317,0.0365,0.02335,0.013,0.0317,0.015,0.0399,0.0452,0.0346,73.5,0.1419,0.58,0.068,0.13,0.0,0.0,0.33,0.35,0.009,0.000532,0.000703,0.001008,0.001809,0.001177,0.00111,0.001452,0.650899,-0.007478,0.01557,-0.008313,0.00881,0.00196,-0.0100585,0.004735714285714288,0.8031,0.6504,2.48,1
424,0,0,1,0.405,0.07,0.5656,0.045,78.49997348262237,0.04,0.055,0.055,0.0365,0.0285,0.0215,0.0318,0.015,0.04,0.05,0.05,73.0,0.1042,0.55,0.068,0.13,0.0,0.0,0.33,0.35,0.009,0.001362,0.000735,0.002112,0.008065,0.002168,0.00081142,0.00078343,0.645655,0.01052,-0.01882,0.0124,-0.009277,0.002783,-0.003385,0.0068285714285714295,1.309,3.886,2.44,1
425,0,0,1,0.407,0.07,0.5656,0.04,72.50001674779189,0.075,0.0286,0.05,0.04,0.02335,0.013,0.0318,0.015,0.0442,0.0344,0.0236,72.0,0.0983,0.4394,0.068,0.13,0.0,0.0,0.33,0.35,0.009,0.001069,0.002092,0.008747,0.003761,0.005774,0.008154,0.001813,0.62298,0.01831,-0.02981,0.02268,-0.01271,0.002065,-0.0041294999999999995,0.004921428571428567,0.831,3.05,3.12,1
426,0,0,1,0.407,0.07,0.5656,0.04,72.50001674779189,0.075,0.0286,0.05,0.04,0.02335,0.013,0.0318,0.015,0.0442,0.0344,0.0236,72.0,0.0983,0.4394,0.068,0.13,0.0,0.0,0.33,0.35,0.009,0.001435,0.006514,0.000566,0.00051259,0.006947,0.006947,0.00097279,0.62298,0.05506,-0.08682,0.06423,-0.03528,0.002903,-0.008617,0.04861428571428571,0.2155,0.2846,2.42,1
427,0,0,1,0.407,0.07,0.5656,0.04,72.50001674779189,0.075,0.0286,0.05,0.04,0.02335,0.013,0.0318,0.015,0.0442,0.0344,0.0236,72.0,0.0983,0.4394,0.068,0.13,0.0,0.0,0.33,0.35,0.009,0.008828,0.001359,0.000643,0.006493,0.003846,0.00154,0.00148,0.62298,0.03343,-0.05417,0.04107,-0.02333,0.002426,-0.007461,0.005757142857142852,0.6059,1.867,2.23,1
428,1,0,0,0.385,-0.025,0.5656,0.06,71.49997621217057,0.04,0.0286,0.045,0.0365,0.02335,0.015,0.0318,0.015,0.0529,0.0502,0.0315,72.5,0.118,0.32,0.068,0.12,0.0,0.0,0.33,0.35,0.0112,0.001378,0.002693,0.000537,0.00511,0.001013,0.005095,0.00059856,0.600285,-0.01317,0.01741,-0.01237,0.008546,0.00107,-0.0072840000000000005,0.0032857142857142816,0.5016,0.5655,2.7,1
430,1,0,0,0.445,0.04,0.5656,0.05,72.50001674779189,0.04,0.0286,0.04,0.0365,0.02335,0.013,0.0318,0.015,0.05,0.07,0.025,72.5,0.115,0.53,0.068,0.13,0.0,0.0,0.33,0.35,0.009,0.003051,0.00284,0.000861,0.006762,0.002164,0.007702,0.0005011,0.704668,-0.01746,0.03471,-0.01865,0.01913,0.001701,-0.021385,0.0042142857142857156,0.432,0.3791,3.86,1
431,1,0,0,0.4,0.07,0.5656,0.045,72.99997971982306,0.031,0.0306,0.045,0.0365,0.02335,0.013,0.0318,0.015,0.0523,0.047,0.0367,74.5,0.145,0.587,0.068,0.13,0.0,0.0,0.33,0.35,0.009,0.00185,0.003259,0.000583,0.00785,0.005374,0.001528,0.003653,0.647734,0.01359,-0.02625,0.01595,-0.01411,0.0006647,-0.004904,0.002142857142857142,0.381,1.075,5.48,1
433,0,0,1,0.43,0.03,0.5656,0.055,74.0000202554444,0.04,0.0327,0.045,0.0525,0.02485,0.0145,0.0349,0.018,0.07,0.045,0.03,73.0,0.145,0.495,0.073,0.135,0.0,0.0,0.33,0.35,0.009,0.000533,0.000813,0.001102,0.00064304,0.007164,0.001003,0.004133,0.618635,-0.002206,0.005676,-0.002969,0.002558,0.001335,-0.0020585,0.0032785714285714297,2.754,2.955,3.11,1
434,0,0,1,0.43,0.03,0.5656,0.055,73.49999998763374,0.04,0.0327,0.045,0.0525,0.02485,0.0145,0.0349,0.018,0.07,0.045,0.03,71.5,0.145,0.495,0.073,0.135,0.0,0.0,0.33,0.35,0.009,0.00079,0.001581,0.000894,0.002669,0.004103,0.00251,0.004722,0.662235,-0.002683,0.005905,-0.003012,0.002973,0.0009494,-0.002979,0.001985714285714286,3.14,4.131,3.55,1
435,1,0,0,0.38,-0.02,0.5656,0.085,72.99997971982306,0.04,0.0286,0.045,0.0365,0.02335,0.013,0.0318,0.015,0.0482,0.0484,0.0337,75.0,0.1131,0.47,0.068,0.12,0.0,0.0,0.33,0.35,0.009,0.001835,0.000681,0.004389,0.002431,0.006553,0.001895,0.002452,0.609099,-0.003792,0.005606,-0.003681,0.002787,0.001173,-0.0024095,0.0028928571428571423,1.106,1.551,4.48,1
436,1,0,0,0.39,-0.01,0.5656,0.065,71.99999647998123,0.04,0.0296,0.045,0.037,0.02535,0.013,0.0348,0.015,0.0385,0.0659,0.0351,72.0,0.1307,0.2919,0.068,0.12,0.0,0.0,0.33,0.35,0.009,0.006589,0.002469,0.009373,0.00081827,0.001884,0.00070331,0.001054,0.614926,-0.003553,0.005638,-0.003524,0.003026,0.0008958,-0.0033885,0.003164285714285713,0.7964,1.024,5.46,1
437,0,0,1,0.385,0.04,0.5656,0.35,75.99998673512805,0.04,0.033,0.03,0.036,0.02335,0.013,0.08,0.015,0.02,0.0468,0.02,75.0,0.08,0.6068,0.068,0.13,0.0,0.0,0.33,0.35,0.009,0.000939,0.008857,0.005402,0.009697,0.002748,0.00816,0.001284,0.552412,-0.004066,0.009905,-0.005317,0.002309,0.001858,-0.0013,0.0023714285714285716,0.7807,2.252,3.38,1
438,1,0,0,0.39,-0.005,0.5656,0.055,74.0000202554444,0.04,0.0291,0.05,0.0405,0.02135,0.0155,0.0338,0.015,0.0449,0.0413,0.0361,72.5,0.1233,0.3813,0.068,0.13,0.0,0.0,0.33,0.35,0.009,0.001887,0.008053,0.000957,0.001182,0.002681,0.001268,0.003944,0.650405,-0.003118,0.005438,-0.003115,0.002997,0.0007208,-0.0033095,0.0017499999999999998,1.406,1.278,5.87,1
439,1,0,0,0.38,-0.02,0.5656,0.095,72.99997971982306,0.04,0.0286,0.045,0.0365,0.02385,0.0155,0.027,0.015,0.0482,0.0488,0.0337,75.0,0.1128,0.47,0.068,0.12,0.0,0.0,0.33,0.35,0.009,0.00397,0.001466,0.003101,0.004569,0.00962,0.007222,0.00056661,0.609099,-0.007279,0.009961,-0.0069,0.00502,0.001299,-0.004534,0.003799999999999996,0.8749,1.0,4.53,1
440,1,0,0,0.425,0.06,0.5656,0.045,71.99999647998123,0.068,0.0286,0.05,0.0365,0.02335,0.013,0.0286,0.015,0.0491,0.033,0.053,71.0,0.1328,0.408,0.073,0.135,0.0,0.0,0.33,0.35,0.009,0.008039,0.006676,0.000851,0.00051843,0.004223,0.00079993,0.00196,0.639722,0.02343,-0.04246,0.02745,-0.01888,0.00134,-0.005641,0.015071428571428569,0.1099,0.2444,5.33,1
441,1,0,0,0.425,0.025,0.5656,0.04,72.29999718151174,0.04,0.0286,0.04,0.0365,0.02335,0.013,0.0318,0.015,0.025,0.04,0.025,70.7,0.18,0.58,0.068,0.13,0.0,0.0,0.33,0.35,0.009,0.008065,0.002481,0.001595,0.00288,0.00053246,0.002272,0.001819,0.676219,-0.004633,0.01054,-0.004812,0.006574,0.001003,-0.009780500000000001,0.0030499999999999894,1.18,0.7719,4.66,1
443,0,0,1,0.405,0.07,0.5656,0.045,74.0000202554444,0.04,0.0436,0.055,0.0365,0.04335,0.013,0.0518,0.015,0.0777,0.0653,0.0468,73.0,0.145,0.5313,0.068,0.13,0.0,0.0,0.33,0.35,0.009,0.002876,0.003014,0.000913,0.002385,0.005941,0.00541,0.001621,0.640714,0.02582,-0.04645,0.03066,-0.0225,0.0005134,-0.007582500000000001,0.0014928571428571426,0.4581,1.016,4.09,1
444,0,0,1,0.415,0.07,0.5656,0.045,73.5,0.04,0.0336,0.045,0.0365,0.02335,0.013,0.0318,0.015,0.0435,0.0321,0.0278,73.0,0.1914,0.63,0.068,0.13,0.0,0.0,0.33,0.35,0.009,0.000979,0.000875,0.000569,0.00085592,0.008954,0.002998,0.003511,0.661965,0.02857,-0.06646,0.03518,-0.03847,0.0031,-0.014495000000000001,0.006357142857142858,0.5562,1.354,2.81,2
445,0,0,1,0.415,0.0,0.5656,0.035,75.0,0.04,0.0286,0.045,0.0365,0.02585,0.014,0.0318,0.015,0.0507,0.024,0.0394,73.0,0.1209,0.43,0.068,0.13,0.0,0.0,0.33,0.35,0.009,0.002074,0.006519,0.000913,0.002878,0.00311,0.0007863,0.00055675,0.668648,-0.02883,0.04913,-0.0282,0.02692,0.001716,-0.028714999999999997,0.004928571428571425,0.927,0.8415,2.68,2
446,0,0,1,0.417,0.0,0.5656,0.035,72.5,0.04,0.0286,0.045,0.0365,0.02585,0.014,0.0318,0.015,0.0524,0.0267,0.0387,73.5,0.1349,0.4437,0.068,0.13,0.0,0.0,0.33,0.35,0.009,0.002836,0.000724,0.002475,0.006322,0.004483,0.001591,0.00091282,0.651477,-0.01469,0.02541,-0.01459,0.01373,0.003036,-0.01464,0.008142857142857144,1.376,1.424,2.24,2
447,0,0,1,0.425,-0.005,0.5656,0.035,73.0,0.04,0.0286,0.045,0.0365,0.02585,0.014,0.0318,0.015,0.0514,0.032,0.0388,72.5,0.1734,0.469,0.068,0.13,0.0,0.0,0.33,0.35,0.009,0.008974,0.007185,0.009855,0.004633,0.002191,0.007143,0.001,0.659744,-0.008843,0.01669,-0.008624,0.009734,0.001348,-0.012615000000000001,0.004071428571428566,1.651,1.539,4.59,2
448,0,0,1,0.409,-0.01,0.5656,0.045,72.0,0.04,0.0286,0.045,0.0365,0.02585,0.014,0.0318,0.015,0.0526,0.0245,0.0375,72.5,0.1125,0.3745,0.068,0.13,0.0,0.0,0.33,0.35,0.009,0.001318,0.00635,0.001994,0.003501,0.001432,0.008941,0.001831,0.634839,-0.0119,0.01838,-0.01144,0.009263,0.001162,-0.008258999999999999,0.0035285714285714256,1.491,1.903,2.91,2
449,0,0,1,0.42,0.0,0.5656,0.045,74.0,0.04,0.0286,0.045,0.0365,0.02585,0.014,0.0318,0.015,0.0504,0.0281,0.0387,73.0,0.1845,0.4781,0.068,0.13,0.0,0.0,0.33,0.35,0.009,0.001265,0.002053,0.000587,0.001766,0.003346,0.002397,0.008532,0.69164,-0.005766,0.01274,-0.005734,0.007713,0.001366,-0.011245,0.00378571428571428,2.598,1.536,3.83,2
450,0,0,1,0.415,0.07,0.5656,0.045,73.5,0.04,0.0336,0.045,0.0365,0.02335,0.013,0.0318,0.015,0.0435,0.0321,0.0278,73.0,0.1914,0.63,0.068,0.13,0.0,0.0,0.33,0.35,0.009,0.004374,0.004381,0.009264,0.002212,0.00098965,0.001011,0.002719,0.661965,0.01588,-0.03613,0.01918,-0.02115,0.001563,-0.0079785,0.0044642857142857114,0.892,2.418,4.76,2
451,1,0,0,0.3683,-0.014,0.5656,0.037,77.0,0.04,0.0286,0.047,0.0365,0.02335,0.015,0.0318,0.015,0.0384,0.0358,0.0164,73.0,0.105,0.2758,0.068,0.135,0.0,0.0,0.33,0.35,0.009,0.002691,0.00106,0.001794,0.002553,0.001748,0.002221,0.002512,0.579859,-0.003309,0.00424,-0.003238,0.002045,0.0008743,-0.001716,0.0025285714285714278,1.025,1.502,3.4,2
452,1,0,0,0.422,0.06,0.5656,0.045,73.0,0.05,0.0286,0.047,0.0365,0.02335,0.013,0.0318,0.015,0.0483,0.0386,0.0571,71.0,0.142,0.4,0.1,0.13,0.0,0.0,0.33,0.35,0.009,0.00355,0.001602,0.003014,0.002441,0.00136,0.00061363,0.00053952,0.648338,0.02533,-0.0486,0.02988,-0.02465,0.001838,-0.00859,0.006728571428571429,0.257,0.678,3.63,2
454,1,0,0,0.36,-0.025,0.5656,0.045,68.1,0.04,0.0286,0.045,0.0365,0.02335,0.013,0.0318,0.015,0.0472,0.026,0.0376,73.0,0.1226,0.362,0.068,0.13,0.0,0.0,0.33,0.35,0.009,0.003483,0.001129,0.00448,0.001798,0.003314,0.0007155,0.002252,0.636747,-0.003919,0.006027,-0.003778,0.003367,0.0009563,-0.0038285000000000003,0.0028214285714285707,0.832,1.076,4.58,2
456,1,0,0,0.44,0.03982,0.5656,0.045,74.02165,0.04,0.0286,0.045,0.0365,0.02335,0.013,0.0318,0.015,0.0487,0.0486,0.0352,72.02165,0.175,0.57,0.068,0.13,0.0,0.0,0.33,0.35,0.009,0.000796,0.00138,0.001185,0.009027,0.00067188,0.008922,0.001279,0.673795,-0.006769,0.01517,-0.007349,0.008746,0.001384,-0.01114,0.004142857142857135,0.8916,0.6693,3.29,2
457,1,0,0,0.39,0.0325,0.5656,0.045,71.0,0.04,0.0286,0.045,0.0365,0.02335,0.013,0.0318,0.015,0.047,0.051,0.0313,69.0,0.1364,0.426,0.068,0.135,0.0,0.0,0.33,0.35,0.009,0.006654,0.008154,0.001525,0.00061139,0.001656,0.002104,0.00342,0.6447,-0.003705,0.007094,-0.004122,0.004019,0.0008046,-0.0045645,0.002835714285714284,1.013,0.8896,6.12,2
458,1,0,0,0.4405,0.06,0.5656,0.045,72.0,0.05,0.0286,0.045,0.0365,0.02335,0.013,0.0318,0.015,0.0523,0.0526,0.0343,71.0,0.1135,0.412,0.068,0.13,0.0,0.0,0.33,0.35,0.009,0.001357,0.001977,0.000935,0.002111,0.005593,0.00224,0.001018,0.653276,0.03271,-0.05936,0.03861,-0.02784,0.001731,-0.0092675,0.0041357142857142825,0.22,0.6681,3.35,2
459,1,0,0,0.36,0.03,0.5656,0.15,74.0,0.04,0.0286,0.045,0.0365,0.02335,0.013,0.0318,0.015,0.0478,0.0469,0.0376,74.0,0.18,0.58,0.068,0.135,0.0,0.0,0.33,0.35,0.009,0.00129,0.00093,0.000952,0.005254,0.007464,0.002859,0.007821,0.610177,-0.002014,0.004577,-0.002268,0.002427,0.0006406,-0.0029905,0.001892857142857143,1.32,1.415,6.34,2
460,1,0,0,0.44,0.069,0.5656,0.045,74.0,0.04,0.0286,0.037,0.0365,0.02335,0.013,0.0286,0.015,0.0517,0.0224,0.0371,73.0,0.1276,0.54,0.073,0.12,0.0,0.0,0.33,0.35,0.009,0.005032,0.000824,0.004711,0.00061588,0.001475,0.0091,0.006294,0.668246,0.01015,-0.02025,0.01228,-0.01013,0.001589,-0.0033545,0.005178571428571427,0.4971,0.5765,6.63,2
461,1,0,0,0.41,0.07,0.5656,0.21,72.0,0.04,0.0286,0.045,0.0365,0.02335,0.013,0.0318,0.015,0.0503,0.2033,0.0347,73.0,0.202,0.7433,0.068,0.13,0.0,0.0,0.33,0.35,0.009,0.00059,0.000893,0.000619,0.001732,0.006212,0.003481,0.0007046,0.649439,0.04093,-0.09468,0.04991,-0.05391,0.002217,-0.01999,0.00614285714285714,0.1558,0.4207,3.43,2
462,1,0,0,0.446,0.067,0.5656,0.057,73.0,0.04,0.0275,0.0365,0.0365,0.023,0.01325,0.0286,0.015,0.0525,0.06,0.0165,71.0,0.105,0.48,0.073,0.135,0.0,0.0,0.33,0.35,0.009,0.004303,0.002738,0.002173,0.001458,0.002135,0.00885,0.004901,0.71618,0.01589,-0.0318,0.01889,-0.01665,0.001138,-0.0058805,0.0026214285714285723,0.3632,0.9514,6.28,2
463,1,0,0,0.413,0.07,0.5656,0.21,72.0,0.04,0.0286,0.045,0.0365,0.02335,0.013,0.0318,0.015,0.0503,0.2033,0.0347,73.0,0.202,0.7433,0.068,0.13,0.0,0.0,0.33,0.35,0.009,0.001268,0.001003,0.000892,0.00087171,0.001493,0.00055879,0.001511,0.646674,0.02416,-0.05638,0.02984,-0.03179,0.001889,-0.011765000000000001,0.004357142857142865,0.233,0.6249,3.31,2
464,1,0,0,0.37,0.01,0.5656,0.04,75.0,0.04,0.0286,0.045,0.0365,0.02585,0.01475,0.0318,0.015,0.037,0.0395,0.0321,73.5,0.1,0.23,0.068,0.13,0.0,0.0,0.33,0.35,0.009,0.001568,0.003658,0.002338,0.001643,0.001745,0.005462,0.0034,0.5989,-0.003117,0.004522,-0.00317,0.002208,0.0005105,-0.0019485000000000001,0.0016642857142857136,0.9231,1.296,4.68,2
465,1,0,0,0.31,-0.01,0.5656,0.029,73.5,0.04,0.0286,0.045,0.0365,0.01985,0.015,0.0318,0.015,0.0306,0.026,0.0261,72.5,0.0884,0.206,0.068,0.135,0.0,0.0,0.33,0.35,0.0112,0.000632,0.003408,0.002826,0.004512,0.001217,0.005976,0.003408,0.5685,-0.002267,0.002727,-0.002247,0.001197,0.0005129,-0.0009525499999999999,0.0016921428571428558,1.138,1.468,3.77,2
466,1,0,0,0.44,0.075,0.5656,0.035,75.5,0.04,0.0286,0.045,0.0365,0.02585,0.014,0.0318,0.015,0.056,0.0247,0.0426,76.5,0.122,0.6247,0.068,0.13,0.0,0.0,0.33,0.35,0.009,0.005316,0.00276,0.008489,0.004408,0.001033,0.004014,0.001729,0.756542,0.02063,-0.0467,0.02475,-0.02614,0.0009929,-0.0094845,0.0026357142857142946,0.3393,0.9324,7.62,2
467,1,0,0,0.365,0.03,0.5656,0.18,74.0,0.04,0.0286,0.045,0.0365,0.02335,0.013,0.0318,0.015,0.0459,0.0468,0.038,74.0,0.1935,0.6,0.068,0.13,0.0,0.0,0.33,0.35,0.009,0.002602,0.000649,0.002981,0.002468,0.005017,0.00090352,0.00074487,0.636184,-0.004647,0.01017,-0.004997,0.006094,0.00172,-0.0094115,0.005021428571428574,0.6658,0.7732,4.08,2
468,1,0,0,0.38,0.05,0.5656,0.18,83.0,0.04,0.0286,0.045,0.0365,0.02335,0.013,0.0318,0.015,0.0487,0.0476,0.0361,74.0,0.16,0.6,0.068,0.13,0.0,0.0,0.33,0.35,0.009,0.007816,0.002465,0.007425,0.008941,0.00564,0.009606,0.00341,0.667483,-0.002331,0.005492,-0.002653,0.002981,0.0006299,-0.004086,0.002142857142857142,0.7791,1.328,7.56,2
469,1,0,0,0.38,0.07,0.5656,0.18,80.0,0.04,0.0286,0.045,0.0365,0.02335,0.013,0.0318,0.015,0.0487,0.0476,0.0361,74.0,0.18,0.6,0.068,0.13,0.0,0.0,0.33,0.35,0.009,0.006807,0.000565,0.001721,0.00095307,0.00057454,0.007029,0.0043,0.690411,0.01274,-0.02917,0.01572,-0.01733,0.001525,-0.006739500000000001,0.003092857142857144,0.3653,0.8188,4.88,2
470,0,0,1,0.365,-0.005,0.5656,0.037,74.0,0.04,0.0286,0.043,0.0365,0.02335,0.015,0.0318,0.015,0.036,0.0347,0.0173,69.0,0.0977,0.2947,0.068,0.135,0.0,0.0,0.33,0.35,0.009,0.004197,0.000513,0.000597,0.001074,0.00112,0.003156,0.002824,0.559287,-0.007623,0.009327,-0.007594,0.003986,0.002413,-0.0023204999999999996,0.00879285714285714,2.005,1.564,1.69,2
471,1,0,0,0.425,0.055,0.5656,0.16,73.0,0.04,0.0315,0.045,0.0315,0.025,0.01275,0.0286,0.015,0.0467,0.1494,0.0465,71.5,0.12,0.64,0.068,0.13,0.0,0.0,0.33,0.35,0.009,0.003266,0.001772,0.0092,0.002057,0.001084,0.00077205,0.00092019,0.640559,0.01472,-0.02651,0.01701,-0.01272,0.001643,-0.0042625,0.004064285714285715,0.402,1.228,5.9,2
472,0,0,1,0.415,0.07,0.5656,0.045,73.5,0.04,0.0336,0.045,0.0365,0.02335,0.013,0.0318,0.015,0.0435,0.0321,0.0278,73.0,0.1914,0.63,0.068,0.13,0.0,0.0,0.33,0.35,0.009,0.000661,0.001164,0.006059,0.005928,0.008583,0.004278,0.00074378,0.661965,0.02427,-0.05505,0.02884,-0.03246,0.003215,-0.012165,0.008642857142857136,0.7512,2.178,3.46,2
473,1,0,0,0.417,0.055,0.5656,0.053,72.0,0.0508,0.0286,0.036,0.0365,0.02335,0.0145,0.0286,0.015,0.055,0.06,0.025,71.0,0.0901,0.45,0.068,0.135,0.0,0.0,0.33,0.35,0.009,0.003085,0.006836,0.00164,0.005941,0.001298,0.003158,0.00099146,0.709094,0.03423,-0.0619,0.03938,-0.03169,0.001055,-0.010905000000000001,0.0027857142857142833,0.2299,0.6662,5.18,2
474,1,0,0,0.425,0.03,0.5656,0.054,73.5,0.04,0.0286,0.04,0.0365,0.022,0.017,0.0318,0.015,0.048,0.05,0.028,70.0,0.11,0.405,0.068,0.135,0.0,0.0,0.33,0.35,0.008,0.00153,0.002383,0.000585,0.00083246,0.001371,0.00080491,0.005648,0.636604,-0.003985,0.007233,-0.004309,0.003636,0.001083,-0.003131,0.0031142857142857153,1.153,0.9019,4.87,2
475,1,0,0,0.398,0.07,0.5656,0.03,73.5,0.0381,0.0254,0.0317,0.034,0.01735,0.0105,0.0286,0.015,0.0357,0.014,0.0285,72.0,0.1168,0.534,0.068,0.13,0.0,0.0,0.33,0.35,0.0106,0.008523,0.001821,0.000579,0.001469,0.00062701,0.00082851,0.002282,0.629843,0.02462,-0.04371,0.02963,-0.02187,0.002133,-0.0075455,0.004864285714285721,0.2452,0.7084,2.72,2
476,1,0,0,0.435,0.045,0.5656,0.045,72.5,0.04,0.0254,0.0318,0.03335,0.0205,0.013,0.0286,0.015,0.0389,0.0253,0.0407,73.0,0.2541,0.5753,0.068,0.13,0.0,0.0,0.33,0.35,0.009,0.00075,0.001215,0.001901,0.003054,0.001281,0.004032,0.00057119,0.646282,-0.007331,0.01975,-0.008022,0.01276,0.002665,-0.021705000000000002,0.007642857142857128,0.6513,0.3944,2.63,2
477,1,0,0,0.405,0.07,0.5656,0.045,74.0,0.04,0.0286,0.045,0.0365,0.02335,0.013,0.0318,0.015,0.0499,0.049,0.034,73.0,0.145,0.515,0.068,0.13,0.0,0.0,0.33,0.35,0.009,0.000729,0.00623,0.007232,0.00069538,0.004173,0.00282,0.00338,0.653639,0.01049,-0.02079,0.01281,-0.01103,0.0008888,-0.003933,0.002628571428571427,0.451,0.9431,7.17,2
478,0,0,1,0.35,-0.0145,0.5656,0.045,70.0,0.04,0.0292,0.045,0.0365,0.022,0.0185,0.0318,0.015,0.0231,0.0391,0.0233,74.0,0.08,0.265,0.068,0.135,0.0,0.0,0.33,0.35,0.008,0.005583,0.001888,0.005859,0.00081917,0.002937,0.007361,0.006664,0.587606,-0.003902,0.005033,-0.003794,0.002433,0.001245,-0.001745,0.006642857142857142,2.15,1.397,3.74,2
479,1,0,0,0.405,0.07,0.5656,0.045,74.0,0.04,0.0286,0.045,0.0365,0.02335,0.013,0.0318,0.015,0.0499,0.049,0.034,73.0,0.145,0.515,0.068,0.13,0.0,0.0,0.33,0.35,0.009,0.00242,0.004097,0.008172,0.001249,0.008124,0.00091081,0.005394,0.653639,0.00877,-0.0172,0.01062,-0.00916,0.0007739,-0.0032855000000000002,0.001892857142857143,0.4916,1.264,8.55,2
480,1,0,0,0.425,0.045,0.5656,0.045,72.5,0.04,0.0254,0.0318,0.03335,0.0205,0.013,0.0286,0.015,0.0413,0.0253,0.041,72.0,0.1395,0.4653,0.068,0.13,0.0,0.0,0.33,0.35,0.009,0.002987,0.005058,0.001171,0.00055068,0.006581,0.00064116,0.005028,0.594062,-0.004362,0.008331,-0.004907,0.004222,0.001288,-0.003436,0.005328571428571426,0.672,0.4943,5.54,2
481,1,0,0,0.4,0.045,0.5656,0.045,72.5,0.04,0.0254,0.0318,0.03335,0.0205,0.013,0.0286,0.015,0.0411,0.3209,0.0316,72.0,0.16,0.4709,0.068,0.13,0.0,0.0,0.33,0.35,0.009,0.000676,0.002256,0.001271,0.002736,0.005394,0.003933,0.004633,0.59261,-0.003668,0.01206,-0.004564,0.00424,0.00101,-0.003983,0.002857142857142858,0.7011,1.009,4.58,2
482,0,0,1,0.368,-0.02,0.5656,0.055,74.0,0.04,0.0286,0.045,0.0415,0.02335,0.013,0.0328,0.015,0.0466,0.0461,0.0365,74.5,0.1105,0.3661,0.068,0.12,0.0,0.0,0.33,0.35,0.009,0.003047,0.003283,0.001369,0.003527,0.00623,0.002895,0.00825,0.636458,-0.003926,0.006088,-0.003761,0.003198,0.0007517,-0.0032065,0.0021785714285714295,2.044,3.544,4.26,2
483,1,0,0,0.365,0.03,0.5656,0.18,75.0,0.04,0.0286,0.045,0.0365,0.02335,0.013,0.0318,0.015,0.0471,0.0466,0.0384,74.0,0.18,0.6,0.068,0.13,0.0,0.0,0.33,0.35,0.009,0.002677,0.001262,0.00251,0.00066116,0.004262,0.00094198,0.001879,0.638955,-0.003553,0.008133,-0.003963,0.004719,0.001306,-0.00677,0.004099999999999999,0.7644,0.8035,4.41,2
484,1,0,0,0.445,0.065,0.5656,0.045,73.5,0.04,0.0286,0.045,0.0365,0.02335,0.013,0.0318,0.015,0.0505,0.0519,0.0304,70.5,0.0946,0.43,0.068,0.135,0.0,0.0,0.33,0.35,0.009,0.004191,0.001247,0.006248,0.00302,0.001665,0.001405,0.005181,0.672435,0.01018,-0.01884,0.01208,-0.008844,0.00111,-0.002911,0.0023285714285714277,0.5457,1.603,6.57,2
485,0,0,1,0.407,0.07,0.5656,0.04,72.5,0.075,0.0286,0.05,0.04,0.02335,0.013,0.0318,0.015,0.0442,0.0344,0.0236,72.0,0.0983,0.4394,0.068,0.13,0.0,0.0,0.33,0.35,0.009,0.000798,0.000662,0.001689,0.007551,0.001161,0.0014,0.002961,0.62298,0.01861,-0.03065,0.02313,-0.013,0.002255,-0.005437,0.004685714285714288,0.9232,2.843,2.25,2
486,0,0,1,0.407,0.07,0.5656,0.04,72.5,0.075,0.0286,0.05,0.04,0.02335,0.013,0.0318,0.015,0.0442,0.0344,0.0236,72.0,0.0983,0.4394,0.068,0.13,0.0,0.0,0.33,0.35,0.009,0.001119,0.00921,0.00712,0.005878,0.001571,0.001847,0.00083887,0.62298,0.02389,-0.03846,0.02911,-0.01677,0.001848,-0.005419,0.004500000000000002,0.663,2.337,3.45,2
487,0,0,1,0.425,0.045,0.5656,0.03,73.0,0.041,0.0312,0.045,0.0365,0.02,0.014,0.037,0.015,0.0671,0.0199,0.0346,71.0,0.1245,0.4106,0.068,0.135,0.0,0.0,0.33,0.35,0.007,0.001485,0.00067,0.003067,0.003786,0.004061,0.00055553,0.001669,0.681689,-0.009696,0.02008,-0.01111,0.01052,0.004251,-0.01084,0.007857142857142858,1.17,1.685,2.22,2
488,0,0,1,0.43,0.015,0.5656,0.03,72.0,0.041,0.0312,0.045,0.0365,0.02,0.014,0.037,0.015,0.0362,0.0156,0.0307,71.0,0.0946,0.4563,0.068,0.135,0.0,0.0,0.33,0.35,0.007,0.000573,0.002922,0.003144,0.001762,0.002677,0.005661,0.001696,0.630077,-0.009473,0.01661,-0.009958,0.007896,0.002835,-0.006455499999999999,0.00607857142857143,1.13,2.382,2.22,2
489,1,0,0,0.43,0.065,0.5656,0.025,73.0,0.0381,0.0254,0.038,0.034,0.01735,0.0105,0.031,0.015,0.044,0.03,0.03,73.0,0.1492,0.52,0.068,0.135,0.0,0.0,0.33,0.3,0.0106,0.008677,0.001211,0.002872,0.0007564,0.009501,0.004763,0.004237,0.645649,0.01469,-0.03027,0.01803,-0.0158,0.002363,-0.0055385,0.0051642857142857115,0.328,0.6976,5.04,2
490,1,0,0,0.445,0.06,0.5656,0.045,72.5,0.038,0.0272,0.037,0.0365,0.02335,0.013,0.029,0.015,0.0564,0.0503,0.0291,70.0,0.111,0.4403,0.1,0.15,0.0,0.0,0.33,0.3,0.009,0.001575,0.002369,0.006185,0.005076,0.001241,0.00099947,0.004094,0.713034,0.01432,-0.02859,0.01663,-0.01488,0.0009475,-0.005164,0.003557142857142858,0.4206,1.197,6.61,2
491,1,0,0,0.407,0.072,0.5656,0.025,72.5,0.04,0.0282,0.036,0.01905,0.02335,0.013,0.031,0.015,0.0342,0.0229,0.0355,73.0,0.1513,0.5799,0.068,0.13,0.0,0.0,0.33,0.3,0.009,0.000907,0.001061,0.000715,0.001821,0.002929,0.008747,0.001218,0.637849,0.07959,-0.1592,0.09491,-0.08695,0.003348,-0.031365,0.007642857142857128,0.1014,0.2807,2.39,2
492,1,0,0,0.405,0.07,0.5656,0.045,74.0,0.04,0.0286,0.045,0.0365,0.02335,0.013,0.0318,0.015,0.0499,0.049,0.034,73.0,0.145,0.515,0.068,0.13,0.0,0.0,0.33,0.3,0.009,0.002153,0.004002,0.001228,0.00497,0.002243,0.002736,0.00061184,0.653639,0.03297,-0.06338,0.03882,-0.03441,0.001175,-0.012230000000000001,0.0032857142857142876,0.1911,0.5391,3.98,2
493,1,0,0,0.425,0.07,0.5656,0.03,74.0,0.034,0.02545,0.032,0.0365,0.018,0.0135,0.029,0.015,0.0312,0.0151,0.0262,73.0,0.1999,0.64,0.068,0.13,0.0,0.0,0.33,0.3,0.009,0.000699,0.003172,0.001946,0.009613,0.002299,0.008728,0.007323,0.670771,0.009847,-0.02468,0.01175,-0.01491,0.000922,-0.0055705,0.0024071428571428603,0.4523,1.177,6.53,2
494,1,0,0,0.39,0.002,0.5656,0.037,72.0,0.04,0.0286,0.047,0.0365,0.02335,0.015,0.0318,0.015,0.0411,0.0337,0.0236,73.5,0.1196,0.2737,0.068,0.135,0.0,0.0,0.33,0.3,0.009,0.003261,0.002867,0.00186,0.001286,0.003775,0.002448,0.004244,0.632164,-0.003045,0.004957,-0.003091,0.002746,0.0007319,-0.003185,0.0021,0.9605,0.9435,5.34,2
495,1,0,0,0.405,0.065,0.5656,0.015,72.5,0.04,0.0286,0.045,0.0365,0.02335,0.013,0.0318,0.015,0.048,0.0129,0.0348,71.0,0.13,0.48,0.068,0.13,0.0,0.0,0.33,0.3,0.009,0.001222,0.003256,0.000928,0.002156,0.004213,0.003,0.002965,0.623492,0.0142,-0.02487,0.01683,-0.01214,0.0008368,-0.0041225,0.002278571428571427,0.392,1.15,4.48,2
496,0,0,1,0.406,0.0,0.5656,0.045,74.5,0.04,0.0327,0.045,0.055,0.02335,0.013,0.0318,0.015,0.0552,0.0659,0.0396,72.0,0.163,0.57,0.068,0.13,0.0,0.0,0.33,0.3,0.009,0.007344,0.000886,0.003704,0.001496,0.003803,0.004376,0.00064966,0.615644,-0.00585,0.01086,-0.005991,0.005794,0.002518,-0.005858,0.005857142857142859,2.813,1.518,2.7,2
497,1,0,0,0.4,0.055,0.5656,0.045,74.0,0.04,0.0286,0.045,0.0365,0.02335,0.013,0.0318,0.015,0.0476,0.0468,0.0377,74.5,0.1431,0.5868,0.068,0.12,0.0,0.0,0.33,0.3,0.009,0.003927,0.007674,0.001411,0.002965,0.001044,0.00090683,0.004055,0.678,0.01415,-0.02812,0.01643,-0.01548,0.0006252,-0.0056170000000000005,0.0018857142857142818,0.3699,1.013,6.74,2
498,1,0,0,0.3683,-0.027,0.5656,0.037,77.0,0.04,0.0286,0.047,0.0365,0.02335,0.015,0.0318,0.015,0.0386,0.0362,0.0163,72.0,0.105,0.2762,0.068,0.135,0.0,0.0,0.33,0.3,0.009,0.003202,0.00922,0.004887,0.001445,0.00185,0.008226,0.002008,0.565607,-0.002776,0.003262,-0.002653,0.001498,0.0005867,-0.0011172,0.0020399999999999997,1.084,1.578,5.6,2
499,1,0,0,0.3683,-0.007,0.5656,0.037,77.0,0.04,0.0286,0.047,0.0365,0.02335,0.015,0.0318,0.015,0.0385,0.0366,0.0163,71.0,0.105,0.2766,0.068,0.135,0.0,0.0,0.33,0.3,0.009,0.005793,0.001564,0.005801,0.001385,0.00403,0.003414,0.001171,0.572977,-0.003273,0.00405,-0.003235,0.001889,0.001015,-0.00151,0.0033857142857142857,1.006,1.452,4.34,2
500,1,0,0,0.419,0.035,0.5656,0.057,72.0,0.04,0.03175,0.045,0.0365,0.02335,0.0165,0.0318,0.015,0.067,0.057,0.025,69.5,0.12,0.3302,0.068,0.13,0.0,0.0,0.33,0.3,0.009,0.004584,0.000851,0.003157,0.005913,0.005093,0.002967,0.001625,0.652246,-0.004515,0.007782,-0.004851,0.003966,0.001404,-0.0037654999999999998,0.003450000000000002,0.9747,1.136,4.83,2
501,1,0,0,0.418,0.068,0.5656,0.03,73.5,0.04,0.027,0.0318,0.0365,0.0175,0.013,0.0286,0.015,0.0337,0.0159,0.0357,73.0,0.165,0.5259,0.068,0.13,0.0,0.0,0.33,0.3,0.007,0.002184,0.000647,0.001134,0.003488,0.00061723,0.002399,0.003831,0.641213,0.0132,-0.0281,0.01606,-0.01546,0.001877,-0.0056295,0.003421428571428573,0.3538,0.9591,3.77,2
502,1,0,0,0.4,0.055,0.5656,0.03,74.0,0.04,0.0287,0.05,0.0365,0.02335,0.0165,0.0318,0.015,0.0455,0.0475,0.0367,73.5,0.15,0.56,0.068,0.13,0.0,0.0,0.33,0.3,0.009,0.001399,0.001883,0.000707,0.001002,0.006567,0.006086,0.007127,0.694386,0.013,-0.0274,0.01537,-0.01555,0.0009923,-0.0057859999999999995,0.002171428571428568,0.3906,0.9543,6.69,2
504,1,0,0,0.395,0.057,0.5656,0.045,75.0,0.04,0.0237,0.03,0.025,0.02335,0.013,0.027,0.015,0.0323,0.0128,0.0257,74.0,0.1407,0.5628,0.068,0.12,0.0,0.0,0.33,0.3,0.009,0.001715,0.000786,0.000915,0.006104,0.001697,0.002571,0.00092356,0.660498,0.07708,-0.1481,0.08787,-0.08484,0.002848,-0.031035,0.007928571428571427,0.107,0.2899,2.48,2
506,1,0,0,0.4,0.057,0.5656,0.045,74.0,0.04,0.0237,0.03,0.025,0.02335,0.013,0.027,0.015,0.0339,0.0126,0.0259,73.5,0.1463,0.5926,0.068,0.12,0.0,0.0,0.33,0.3,0.009,0.004082,0.00218,0.00436,0.001399,0.0005527,0.007827,0.00259,0.659662,0.03523,-0.06905,0.04076,-0.03904,0.001623,-0.01444,0.00471428571428572,0.1663,0.4608,4.59,2
507,1,0,0,0.406,0.072,0.5656,0.045,73.5,0.04,0.0286,0.045,0.0365,0.02335,0.013,0.0318,0.015,0.0494,0.0472,0.0375,72.3,0.1639,0.5942,0.068,0.13,0.0,0.0,0.33,0.3,0.009,0.005125,0.002532,0.000783,0.003504,0.004763,0.0013,0.00055961,0.653166,0.04104,-0.08421,0.04898,-0.04662,0.001423,-0.01684,0.0040000000000000105,0.155,0.4305,4.26,2
508,1,0,0,0.435,0.06,0.5656,0.045,73.0,0.04,0.0286,0.045,0.0365,0.022,0.017,0.0318,0.015,0.075,0.0534,0.025,70.0,0.1707,0.485,0.068,0.135,0.0,0.0,0.33,0.3,0.008,0.000648,0.000956,0.007431,0.003493,0.001963,0.004559,0.008779,0.713553,0.009697,-0.02099,0.01148,-0.01179,0.001148,-0.004331,0.0022857142857142855,0.5384,1.389,8.2,2
509,1,0,0,0.406,0.072,0.5656,0.045,73.5,0.04,0.0286,0.045,0.0365,0.02335,0.013,0.0318,0.015,0.0494,0.0472,0.0375,72.3,0.1639,0.5942,0.068,0.13,0.0,0.0,0.33,0.3,0.009,0.005518,0.006762,0.00389,0.000507,0.00614,0.00056744,0.008722,0.653166,0.008242,-0.0175,0.01022,-0.009496,0.0008026,-0.0033680000000000003,0.002971428571428572,0.5479,0.7534,9.8,2
510,1,0,0,0.406,0.072,0.5656,0.045,73.5,0.04,0.0286,0.045,0.0365,0.02335,0.013,0.0318,0.015,0.0494,0.0472,0.0375,72.3,0.1639,0.5942,0.068,0.13,0.0,0.0,0.33,0.3,0.009,0.000822,0.000565,0.000903,0.002097,0.00065061,0.00080315,0.008439,0.653166,0.009707,-0.02061,0.01199,-0.01111,0.001168,-0.0040195,0.0023785714285714248,0.4617,1.173,5.31,2
511,1,0,0,0.406,0.072,0.5656,0.045,73.5,0.04,0.0286,0.045,0.0365,0.02335,0.013,0.0318,0.015,0.0494,0.0472,0.0375,72.3,0.1639,0.5942,0.068,0.13,0.0,0.0,0.33,0.3,0.009,0.000693,0.003151,0.008446,0.00323,0.001162,0.002501,0.00086726,0.653166,0.01625,-0.03355,0.01949,-0.01849,0.001136,-0.0066925000000000005,0.003192857142857145,0.3358,0.9557,5.33,2
512,1,0,0,0.3683,-0.027,0.5656,0.037,77.0,0.04,0.0286,0.047,0.0365,0.02335,0.015,0.0318,0.015,0.0386,0.0362,0.0163,72.0,0.105,0.2762,0.068,0.135,0.0,0.0,0.33,0.3,0.009,0.001424,0.001272,0.007827,0.005566,0.006158,0.00097492,0.00053991,0.565607,-0.003909,0.004543,-0.003742,0.001905,0.001178,-0.0014935,0.003292857142857143,1.081,1.481,3.98,2
513,1,0,0,0.406,0.072,0.5656,0.045,73.5,0.04,0.0286,0.045,0.0365,0.02335,0.013,0.0318,0.015,0.0494,0.0472,0.0375,72.3,0.1639,0.5942,0.068,0.13,0.0,0.0,0.33,0.3,0.009,0.002669,0.009363,0.006382,0.007474,0.002131,0.001303,0.003566,0.653166,0.009578,-0.01984,0.01144,-0.01098,0.0005723,-0.0039215,0.0018642857142857137,0.4599,1.377,8.35,2
514,1,0,0,0.406,0.072,0.5656,0.045,73.5,0.04,0.0286,0.045,0.0365,0.02335,0.013,0.0318,0.015,0.0494,0.0472,0.0375,72.3,0.1639,0.5942,0.068,0.13,0.0,0.0,0.33,0.3,0.009,0.002528,0.000822,0.000621,0.006448,0.002001,0.005223,0.002744,0.653166,0.01672,-0.03475,0.02012,-0.0191,0.001227,-0.0068265,0.0032500000000000038,0.3237,0.8901,4.02,2
515,1,0,0,0.405,0.01,0.5656,0.045,72.0,0.04,0.0286,0.045,0.0365,0.03335,0.018,0.0318,0.015,0.048,0.05,0.0264,70.5,0.125,0.306,0.068,0.13,0.0,0.0,0.33,0.3,0.009,0.002118,0.00057,0.002181,0.005434,0.001452,0.004848,0.008805,0.639268,-0.002418,0.004096,-0.002461,0.002188,0.0005636,-0.0023495,0.0016071428571428597,1.248,1.605,6.62,2
517,1,0,0,0.418,0.066,0.5656,0.02,73.5,0.04,0.027,0.0318,0.0365,0.0175,0.0125,0.0286,0.015,0.0335,0.0147,0.0538,73.0,0.1511,0.5467,0.068,0.13,0.0,0.0,0.33,0.3,0.007,0.001025,0.001091,0.007524,0.003647,0.007243,0.003249,0.005732,0.639049,0.009128,-0.01938,0.01119,-0.0101,0.00141,-0.003563,0.0026714285714285694,0.4934,1.39,6.62,2
518,1,0,0,0.386,0.024,0.5656,0.065,74.0,0.04,0.0281,0.045,0.0365,0.02335,0.014,0.0318,0.015,0.0565,0.0501,0.0429,73.0,0.152,0.5161,0.068,0.12,0.0,0.0,0.33,0.3,0.009,0.000722,0.009898,0.009308,0.002452,0.002431,0.00508,0.003295,0.617309,-0.002776,0.004943,-0.002895,0.002649,0.0005769,-0.0027295,0.001764285714285716,1.025,1.604,7.35,2
519,1,0,0,0.3683,-0.027,0.5656,0.037,77.0,0.04,0.0286,0.047,0.0365,0.02335,0.015,0.0318,0.015,0.0386,0.0362,0.0163,72.0,0.105,0.2762,0.068,0.135,0.0,0.0,0.33,0.3,0.009,0.001078,0.000562,0.00076,0.00113,0.002538,0.003756,0.001106,0.565607,-0.006414,0.007692,-0.006122,0.003502,0.001695,-0.0025545000000000003,0.005535714285714286,0.8583,1.055,1.99,2
520,1,0,0,0.3683,-0.027,0.5656,0.037,77.0,0.04,0.0286,0.047,0.0365,0.02335,0.015,0.0318,0.015,0.0386,0.0362,0.0163,72.0,0.105,0.2762,0.068,0.135,0.0,0.0,0.33,0.3,0.009,0.000901,0.004823,0.000948,0.007447,0.008433,0.008001,0.001976,0.565607,-0.004247,0.004992,-0.004005,0.002196,0.0005496,-0.001637,0.001757142857142858,1.005,1.469,4.52,2
521,1,0,0,0.405,0.055,0.5656,0.037,73.5,0.04,0.0286,0.045,0.0365,0.02335,0.013,0.0318,0.015,0.0495,0.0319,0.0375,75.0,0.1584,0.5919,0.068,0.13,0.0,0.0,0.33,0.3,0.009,0.00062,0.002989,0.000711,0.00819,0.009949,0.00085717,0.00065875,0.660547,0.04098,-0.08154,0.04665,-0.04559,0.0012,-0.016315,0.0037857142857143046,0.1541,0.4264,4.4,2
522,1,0,0,0.48018,0.0762,0.5656,0.054,69.0,0.04,0.0286,0.0381,0.0349,0.02335,0.013,0.0318,0.015,0.04,0.051,0.038,65.0,0.154,0.4574,0.068,0.13,0.0,0.0,0.33,0.3,0.009,0.002047,0.000825,0.005446,0.008786,0.003312,0.002135,0.00070666,0.714316,0.02508,-0.05875,0.02964,-0.03327,0.0028,-0.012015,0.006071428571428571,0.2213,0.578,4.78,2
523,0,0,1,0.41808,0.07,0.5656,0.11,76.0,0.04,0.035,0.06,0.0365,0.02335,0.0155,0.0318,0.015,0.05,0.0334,0.04,76.0,0.13,0.5404,0.068,0.13,0.0,0.0,0.33,0.3,0.009,0.001469,0.000774,0.002846,0.003108,0.00537,0.002661,0.0007176,0.667602,0.03082,-0.05948,0.0366,-0.03147,0.004343,-0.01119,0.00985714285714285,0.7206,2.098,2.33,2
524,1,0,0,0.3683,-0.007,0.5656,0.037,77.0,0.04,0.0286,0.047,0.0365,0.02335,0.015,0.0318,0.015,0.0385,0.0366,0.0163,71.0,0.105,0.2766,0.068,0.135,0.0,0.0,0.33,0.3,0.009,0.0007,0.00582,0.003775,0.00076418,0.003261,0.00088975,0.003979,0.572977,-0.002167,0.003058,-0.002233,0.001382,0.0006029,-0.0009793,0.0029528571428571425,0.9779,0.8739,5.3,2
526,1,0,0,0.4207,0.07,0.5656,0.04,72.0,0.04,0.0311,0.052,0.0365,0.0305,0.0165,0.0318,0.015,0.0315,0.0397,0.0144,71.5,0.085,0.3397,0.068,0.135,0.0,0.0,0.33,0.3,0.009,0.000806,0.006099,0.002987,0.004319,0.00057707,0.002378,0.008818,0.645213,0.006872,-0.01159,0.008066,-0.005601,0.0003398,-0.0018795,0.000992857142857143,0.599,1.775,8.73,2
527,1,0,0,0.37547,0.07,0.5656,0.05,72.0,0.041,0.0307,0.045,0.0365,0.02485,0.0165,0.0318,0.015,0.0536,0.0637,0.0199,69.6,0.09,0.3637,0.068,0.135,0.0,0.0,0.33,0.3,0.009,0.000631,0.000919,0.001216,0.002387,0.003779,0.002848,0.006975,0.625886,0.008189,-0.01234,0.009852,-0.005456,0.0008369,-0.0017615,0.002007142857142857,0.5641,1.59,4.92,2
529,1,0,0,0.43,0.07,0.5656,0.045,74.0,0.04,0.0252,0.03,0.0365,0.02335,0.013,0.025,0.015,0.037,0.0263,0.0294,73.0,0.118,0.465,0.068,0.13,0.0,0.0,0.33,0.3,0.009,0.002045,0.003413,0.000505,0.006947,0.0006788,0.00084782,0.006572,0.643171,0.01125,-0.02132,0.01335,-0.01062,0.0006669,-0.003574,0.0018857142857142848,0.3932,1.141,5.88,2
530,1,0,0,0.406,0.072,0.5656,0.045,73.5,0.04,0.0286,0.045,0.0365,0.02335,0.013,0.0318,0.015,0.0494,0.0472,0.0375,72.3,0.1639,0.5942,0.068,0.13,0.0,0.0,0.33,0.3,0.009,0.001992,0.00139,0.00054,0.001136,0.00135,0.000701,0.00135,0.653166,0.02917,-0.06072,0.03554,-0.03321,0.001625,-0.012065,0.0042142857142857156,0.2197,0.5724,3.02,2
531,1,0,0,0.406,0.072,0.5656,0.045,73.5,0.04,0.0286,0.045,0.0365,0.02335,0.013,0.0318,0.015,0.0494,0.0472,0.0375,72.3,0.1639,0.5942,0.068,0.13,0.0,0.0,0.33,0.3,0.009,0.008359,0.006802,0.001962,0.007977,0.005558,0.00067238,0.002479,0.653166,0.01399,-0.02891,0.01665,-0.01605,0.0006512,-0.005726500000000001,0.002135714285714284,0.3685,1.015,7.06,2
532,0,0,1,0.4,0.067,0.5656,0.045,74.0,0.04,0.0286,0.045,0.042,0.02335,0.013,0.0318,0.015,0.0538,0.0479,0.036,73.0,0.143,0.5359,0.068,0.13,0.0,0.0,0.33,0.3,0.009,0.008226,0.001412,0.000853,0.00543,0.004866,0.001648,0.002775,0.639579,0.02121,-0.03955,0.02524,-0.0204,0.00157,-0.0070574999999999995,0.004164285714285709,0.7957,2.27,2.84,2
533,1,0,0,0.385,0.07,0.5656,0.045,74.0,0.04,0.0286,0.045,0.0365,0.02335,0.013,0.0318,0.015,0.0483,0.0512,0.0315,71.0,0.1612,0.4312,0.068,0.135,0.0,0.0,0.33,0.3,0.009,0.00089,0.001826,0.001212,0.005558,0.003941,0.00052358,0.001475,0.596585,0.01479,-0.02548,0.01747,-0.01343,0.0009807,-0.0047075,0.003064285714285718,0.3341,0.9485,3.48,2
534,1,0,0,0.405,0.01,0.5656,0.045,72.0,0.04,0.0286,0.045,0.0365,0.03335,0.018,0.0318,0.015,0.0479,0.0497,0.0269,69.0,0.125,0.3157,0.068,0.13,0.0,0.0,0.33,0.3,0.009,0.000952,0.000779,0.002397,0.00337,0.001379,0.00056331,0.003772,0.629766,-0.003264,0.005345,-0.003299,0.002822,0.0006273,-0.0028970000000000003,0.001900000000000001,1.105,1.267,4.55,2
535,0,0,1,0.425,0.068,0.5656,0.045,73.5,0.04,0.0286,0.045,0.0365,0.02335,0.013,0.0318,0.015,0.0476,0.049,0.0342,72.0,0.16,0.515,0.068,0.13,0.0,0.0,0.33,0.3,0.009,0.002707,0.00162,0.00065,0.002637,0.00732,0.001072,0.008661,0.663102,0.02046,-0.04313,0.02461,-0.02345,0.001672,-0.008476000000000001,0.004085714285714295,0.8259,2.127,4.03,2
536,1,0,0,0.48634,0.0762,0.5656,0.054,70.0,0.04,0.0286,0.0381,0.0349,0.02335,0.013,0.0318,0.015,0.04,0.051,0.038,65.0,0.144,0.4574,0.068,0.13,0.0,0.0,0.33,0.3,0.009,0.009776,0.000669,0.000568,0.00089825,0.00081439,0.001387,0.008262,0.687823,0.0147,-0.03372,0.0181,-0.01757,0.001857,-0.006201,0.0034571428571428574,0.3104,0.7027,5.54,2
537,1,0,0,0.45,0.08,0.5656,0.045,73.0,0.04,0.027,0.034,0.0365,0.02335,0.013,0.03,0.015,0.0425,0.0628,0.0312,73.0,0.16,0.55,0.068,0.135,0.0,0.0,0.33,0.3,0.009,0.000531,0.003587,0.001762,0.003144,0.002395,0.00076084,0.00263,0.724335,0.02008,-0.04925,0.02464,-0.02846,0.001033,-0.010589999999999999,0.002857142857142852,0.3021,0.7886,4.99,2
538,1,0,0,0.445,0.075,0.5656,0.045,73.0,0.04,0.027,0.034,0.0365,0.02335,0.013,0.03,0.015,0.0425,0.0628,0.0312,73.0,0.15,0.54,0.068,0.135,0.0,0.0,0.33,0.3,0.009,0.000779,0.001207,0.00906,0.009261,0.003033,0.005673,0.004788,0.717595,0.01231,-0.02901,0.01482,-0.01661,0.001084,-0.006026500000000001,0.0026928571428571405,0.4537,1.182,7.39,2
539,1,0,0,0.415,0.055,0.5656,0.045,74.0,0.04,0.0286,0.045,0.0365,0.02335,0.013,0.0318,0.015,0.0525,0.0512,0.0315,71.0,0.1021,0.4312,0.068,0.135,0.0,0.0,0.33,0.3,0.009,0.005136,0.008889,0.000646,0.00591,0.001143,0.001437,0.006615,0.629972,0.00991,-0.01611,0.01139,-0.007203,0.0005564,-0.0022695,0.0015071428571428558,0.4429,1.376,7.37,2
540,1,0,0,0.48686,0.0762,0.5656,0.045,70.0,0.04,0.0275,0.0381,0.0349,0.0222,0.016,0.0296,0.015,0.045,0.075,0.137,65.0,0.1524,0.483,0.068,0.13,0.0,0.0,0.33,0.3,0.009,0.000691,0.000799,0.003321,0.001847,0.002366,0.00813,0.009302,0.689679,0.0126,-0.03383,0.0162,-0.01587,0.001617,-0.005237,0.0029000000000000007,0.3791,1.136,6.67,2
541,1,0,0,0.43,0.065,0.5656,0.025,73.5,0.04,0.027,0.0318,0.0365,0.0215,0.013,0.0286,0.015,0.0322,0.0139,0.0358,72.5,0.1463,0.5189,0.068,0.13,0.0,0.0,0.33,0.3,0.007,0.00395,0.002756,0.00912,0.00096994,0.004225,0.002466,0.00055798,0.647814,0.02272,-0.04622,0.02707,-0.02491,0.002116,-0.008966,0.0052999999999999966,0.2815,0.7654,5.38,2
543,0,0,1,0.41209,0.07,0.5656,0.232,73.5,0.045,0.0475,0.045,0.0475,0.0325,0.0155,0.033,0.015,0.0497,0.0488,0.0365,72.0,0.1361,0.4649,0.068,0.13,0.0,0.0,0.33,0.3,0.009,0.000526,0.001063,0.000515,0.004019,0.00081112,0.00064046,0.006241,0.632841,0.007624,-0.01859,0.009919,-0.007388,0.0007152,-0.0024739999999999996,0.0018000000000000002,1.323,4.175,3.45,2
544,1,0,0,0.395,0.055,0.5656,0.045,74.0,0.04,0.0286,0.045,0.0365,0.02335,0.013,0.0318,0.015,0.0466,0.0472,0.0371,74.0,0.2,0.61,0.068,0.13,0.0,0.0,0.33,0.3,0.009,0.004014,0.002084,0.000817,0.002289,0.00053637,0.001433,0.007039,0.664404,0.01037,-0.02339,0.01225,-0.01383,0.0007124,-0.0052569999999999995,0.0020285714285714312,0.426,1.082,6.23,2
545,1,0,0,0.425,0.066,0.5656,0.045,72.0,0.04,0.0286,0.045,0.0365,0.02335,0.013,0.0318,0.015,0.0477,0.0466,0.0385,72.0,0.1803,0.645,0.068,0.13,0.0,0.0,0.33,0.3,0.009,0.004103,0.002562,0.006073,0.007154,0.001005,0.00050367,0.008961,0.691205,0.008547,-0.02001,0.01019,-0.01154,0.0006282,-0.0042405,0.0018214285714285713,0.5555,1.483,9.54,2
546,1,0,0,0.405,0.078,0.5656,0.04,74.0,0.0381,0.0254,0.0317,0.034,0.01735,0.0105,0.0286,0.015,0.0359,0.0191,0.0283,72.5,0.1327,0.58,0.068,0.13,0.0,0.0,0.33,0.3,0.0106,0.000649,0.002115,0.001036,0.002204,0.00138,0.002078,0.00328,0.662251,0.02038,-0.04137,0.02503,-0.02241,0.001781,-0.008085,0.004085714285714283,0.2743,0.7547,3.41,2
547,1,0,0,0.405,0.078,0.5656,0.04,74.0,0.0381,0.0254,0.0317,0.034,0.01735,0.0105,0.0286,0.015,0.0359,0.0191,0.0283,72.5,0.1327,0.58,0.068,0.13,0.0,0.0,0.33,0.3,0.0106,0.001712,0.00174,0.00785,0.00058343,0.001193,0.001258,0.001543,0.662251,0.02129,-0.04312,0.02636,-0.02355,0.003129,-0.0084615,0.00759285714285714,0.3004,0.4989,4.22,2
548,1,0,0,0.405,0.078,0.5656,0.04,74.0,0.0381,0.0254,0.0317,0.034,0.01735,0.0105,0.0286,0.015,0.0359,0.0191,0.0283,72.5,0.1327,0.58,0.068,0.13,0.0,0.0,0.33,0.3,0.0106,0.001494,0.008238,0.009047,0.00067435,0.002241,0.007096,0.00070357,0.662251,0.02785,-0.05594,0.03422,-0.03068,0.002932,-0.01117,0.006999999999999999,0.1974,0.5852,4.9,2
549,1,0,0,0.405,0.07,0.5656,0.045,73.0,0.04,0.0286,0.0318,0.0365,0.02335,0.013,0.0318,0.015,0.0499,0.0108,0.034,73.0,0.1319,0.5568,0.068,0.13,0.0,0.0,0.33,0.3,0.009,0.001011,0.005414,0.004322,0.001692,0.001295,0.002231,0.002218,0.653639,0.01444,-0.02718,0.0173,-0.01413,0.0008722,-0.004991499999999999,0.0023214285714285693,0.4048,1.126,5.52,2
550,1,0,0,0.3568,0.0,0.5656,0.045,72.0,0.04,0.0286,0.045,0.0365,0.025,0.019,0.0318,0.015,0.0395,0.038,0.0209,71.0,0.1004,0.285,0.068,0.13,0.0,0.0,0.33,0.3,0.009,0.001205,0.003273,0.003982,0.00072023,0.002142,0.007275,0.00131,0.576313,-0.00382,0.004738,-0.003811,0.00224,0.0007019,-0.0016695,0.003278571428571428,0.9949,0.864,3.85,2
551,1,0,0,0.405,0.07,0.5656,0.045,74.0,0.04,0.0286,0.045,0.0365,0.02335,0.013,0.0318,0.015,0.0499,0.049,0.034,73.0,0.145,0.515,0.068,0.13,0.0,0.0,0.33,0.3,0.009,0.001183,0.001019,0.00079,0.003018,0.003009,0.005036,0.009363,0.653639,0.009653,-0.01903,0.01168,-0.01006,0.0008972,-0.003578,0.0020857142857142836,0.4883,1.354,6.09,2
552,1,0,0,0.3683,-0.027,0.5656,0.037,77.0,0.04,0.0286,0.047,0.0365,0.02335,0.015,0.0318,0.015,0.0385,0.0362,0.0164,72.0,0.105,0.2762,0.068,0.135,0.0,0.0,0.33,0.3,0.009,0.001862,0.000695,0.005246,0.00080668,0.00402,0.00064022,0.003413,0.565565,-0.002212,0.002909,-0.002166,0.001276,0.001024,-0.0007274,0.0051371428571428575,0.9955,0.6709,4.23,2
554,1,0,0,0.395,0.045,0.5656,0.045,74.0,0.04,0.0286,0.045,0.0365,0.02335,0.013,0.0318,0.015,0.0496,0.0535,0.0346,72.0,0.1297,0.4835,0.068,0.13,0.0,0.0,0.33,0.3,0.009,0.002479,0.002114,0.001947,0.00057749,0.006257,0.00092356,0.001351,0.608809,-0.005518,0.009739,-0.006172,0.005044,0.001351,-0.004461,0.004571428571428571,1.037,0.8196,4.04,2
555,1,0,0,0.39,0.057,0.5656,0.045,74.0,0.04,0.0286,0.045,0.0365,0.02335,0.013,0.0318,0.015,0.0505,0.0489,0.0346,72.0,0.1214,0.4789,0.068,0.12,0.0,0.0,0.33,0.3,0.009,0.009418,0.000948,0.006438,0.008526,0.004992,0.006688,0.00093648,0.627379,0.01447,-0.02382,0.01651,-0.0119,0.001531,-0.0039615,0.0038642857142857125,0.423,1.263,4.88,2
556,1,0,0,0.405,0.07,0.5656,0.045,74.0,0.04,0.0286,0.045,0.0365,0.02335,0.013,0.0318,0.015,0.0499,0.049,0.034,73.0,0.145,0.515,0.068,0.13,0.0,0.0,0.33,0.3,0.009,0.00239,0.006722,0.00245,0.003642,0.00094959,0.001165,0.002032,0.653639,0.01519,-0.02939,0.01806,-0.01579,0.0007557,-0.005625,0.002271428571428569,0.3642,1.019,5.53,2
557,1,0,0,0.4255,0.05,0.5656,0.045,74.0,0.04,0.0286,0.045,0.0365,0.022,0.017,0.0286,0.015,0.0559,0.0342,0.0348,70.0,0.147,0.52,0.068,0.135,0.0,0.0,0.33,0.3,0.008,0.00196,0.00056,0.002364,0.00057707,0.0008008,0.003623,0.001713,0.683644,-0.00568,0.01235,-0.006382,0.0071,0.002834,-0.0082935,0.00713571428571429,0.969,0.5795,3.47,2
558,0,0,1,0.387,0.04346,0.5656,0.2,73.51515,0.04,0.0286,0.045,0.0365,0.02335,0.013,0.0318,0.015,0.0382,0.0448,0.0283,74.015,0.08,0.6048,0.068,0.13,0.0,0.0,0.33,0.3,0.009,0.006122,0.000506,0.001591,0.006415,0.001568,0.00059725,0.002029,0.598864,-0.009625,0.01642,-0.01093,0.006635,0.002949,-0.0043525,0.006207142857142856,1.297,2.267,2.06,2
559,1,0,0,0.405,0.07,0.5656,0.045,74.0,0.04,0.0286,0.045,0.0365,0.02335,0.013,0.0318,0.015,0.0499,0.049,0.034,73.0,0.145,0.515,0.068,0.13,0.0,0.0,0.33,0.3,0.009,0.001526,0.003549,0.000546,0.002265,0.003937,0.001902,0.002917,0.653639,0.01712,-0.03338,0.02054,-0.01779,0.0008363,-0.0063485,0.002392857142857144,0.3344,0.8808,4.7,2
560,0,0,1,0.405,0.07,0.5656,0.095,76.0,0.04,0.0286,0.045,0.0365,0.019,0.019,0.0318,0.015,0.0443,0.0464,0.0407,73.0,0.1097,0.6,0.068,0.12,0.0,0.0,0.33,0.3,0.009,0.001574,0.000562,0.000678,0.005837,0.008896,0.001729,0.001898,0.698376,0.05413,-0.1069,0.06431,-0.05747,0.004836,-0.020285,0.008928571428571435,0.441,1.23,2.24,2
561,1,0,0,0.41,0.07,0.5656,0.045,76.5,0.04,0.0286,0.045,0.0365,0.02335,0.013,0.0318,0.015,0.0485,0.0463,0.0402,74.5,0.12,0.6163,0.068,0.13,0.0,0.0,0.33,0.3,0.009,0.006457,0.000761,0.000819,0.00074979,0.007585,0.006438,0.00052014,0.661327,0.05017,-0.09551,0.06053,-0.04845,0.003161,-0.016800000000000002,0.006999999999999987,0.1577,0.09214,3.62,2
562,1,0,0,0.405,0.07,0.5656,0.045,75.0,0.04,0.0286,0.045,0.0365,0.02335,0.013,0.0318,0.015,0.0502,0.0458,0.0413,73.5,0.1,0.6058,0.068,0.13,0.0,0.0,0.33,0.3,0.009,0.001248,0.008446,0.00131,0.003663,0.00065682,0.001646,0.00149,0.656638,0.02281,-0.04031,0.02713,-0.01945,0.0008718,-0.0064765,0.0024071428571428542,0.2692,0.805,4.91,2
563,1,0,0,0.405,0.07,0.5656,0.045,76.5,0.04,0.0286,0.045,0.0365,0.02335,0.013,0.0318,0.015,0.0476,0.0464,0.0404,73.5,0.11,0.6064,0.068,0.13,0.0,0.0,0.33,0.3,0.009,0.001749,0.002013,0.001352,0.00051786,0.005254,0.002013,0.00839,0.66076,0.01029,-0.01939,0.01258,-0.009534,0.001073,-0.0031515,0.0038214285714285733,0.4848,0.5816,6.64,2
564,1,0,0,0.37,0.011,0.5656,0.065,73.0,0.04,0.0286,0.045,0.0365,0.02335,0.013,0.0272,0.015,0.0488,0.0639,0.0343,74.0,0.165,0.5339,0.068,0.12,0.0,0.0,0.33,0.3,0.009,0.001142,0.005219,0.004035,0.007781,0.00635,0.00113,0.00069538,0.621135,-0.00505,0.008664,-0.005117,0.004982,0.0007622,-0.006321,0.0027714285714285736,1.148,0.8967,5.54,2
565,0,0,1,0.405,0.07,0.5656,0.045,75.0,0.04,0.0331,0.045,0.0365,0.02335,0.013,0.0318,0.015,0.0518,0.0506,0.0429,75.0,0.145,0.6106,0.068,0.12,0.0,0.0,0.33,0.3,0.009,0.001115,0.003346,0.001167,0.006303,0.00059725,0.002687,0.005583,0.665996,0.02049,-0.0417,0.02453,-0.02233,0.001207,-0.0078685,0.0036357142857142847,0.7968,2.22,3.32,2
566,1,0,0,0.425,0.06,0.5656,0.15,69.5,0.03,0.13,0.046,0.13325,0.0265,0.018,0.0304,0.015,0.06,0.095,0.025,70.5,0.13,0.535,0.1,0.135,0.0,0.0,0.33,0.3,0.0112,0.000711,0.002677,0.000863,0.001814,0.00663,0.002367,0.0026,0.707476,0.009444,-0.01848,0.01101,-0.008876,0.000675,-0.003042,0.004371428571428569,0.1125,0.335,10.9,2
567,1,0,0,0.37,0.011,0.5656,0.065,73.0,0.04,0.0286,0.045,0.0365,0.02335,0.013,0.0272,0.015,0.049,0.0639,0.0342,74.0,0.165,0.5339,0.068,0.12,0.0,0.0,0.33,0.3,0.009,0.009898,0.003671,0.005292,0.00065538,0.007902,0.002286,0.001398,0.618768,-0.003841,0.00694,-0.003981,0.004056,0.0009601,-0.0049,0.0034714285714285732,1.321,0.9065,6.07,2
568,1,0,0,0.405,0.05,0.5656,0.045,73.5,0.04,0.0286,0.045,0.0365,0.02335,0.013,0.0318,0.015,0.0488,0.048,0.0356,73.0,0.167,0.57,0.068,0.13,0.0,0.0,0.33,0.3,0.009,0.000936,0.000957,0.006831,0.00089301,0.00055028,0.002101,0.005025,0.662757,-0.002208,0.005518,-0.002712,0.003184,0.001289,-0.004065,0.0030857142857142862,1.395,0.859,6.05,2
569,1,0,0,0.37,0.011,0.5656,0.065,73.0,0.04,0.0286,0.045,0.0365,0.02335,0.013,0.0272,0.015,0.049,0.0639,0.0342,74.0,0.165,0.5339,0.068,0.12,0.0,0.0,0.33,0.3,0.009,0.000558,0.000888,0.002957,0.00056125,0.00070305,0.006271,0.006198,0.618768,-0.002038,0.0044,-0.002358,0.002457,0.001133,-0.002706,0.005257142857142858,1.072,0.5598,4.87,2
570,1,0,0,0.40504,0.07,0.5656,0.065,74.0,0.04,0.0286,0.045,0.0365,0.02335,0.013,0.0318,0.015,0.0494,0.049,0.0339,73.0,0.145,0.515,0.068,0.13,0.0,0.0,0.33,0.3,0.009,0.000686,0.000789,0.001121,0.008589,0.001417,0.003529,0.00050589,0.653365,0.03731,-0.07165,0.04363,-0.03926,0.002329,-0.013864999999999999,0.005928571428571422,0.1736,0.4889,2.46,2
571,1,0,0,0.386,0.04,0.5656,0.08,73.0,0.04,0.0286,0.045,0.0365,0.02335,0.013,0.0318,0.015,0.0343,0.0238,0.0337,74.5,0.09,0.5638,0.068,0.13,0.0,0.0,0.33,0.3,0.009,0.005748,0.002212,0.006033,0.005486,0.00085467,0.002068,0.001705,0.563536,-0.003126,0.004331,-0.003395,0.001732,0.0008764,-0.0009667,0.0022328571428571436,0.9809,2.076,4.76,2
572,1,0,0,0.54,0.05,0.5656,0.068,67.0,0.056,0.03015,0.037,0.0365,0.0254,0.019,0.0349,0.018,0.0545,0.0637,0.0605,72.0,0.2588,0.65,0.1,0.16,0.0,0.0,0.33,0.3,0.01,0.001862,0.002356,0.002,0.00811,0.001126,0.001559,0.005956,0.746193,-0.002682,0.00947,-0.002999,0.005796,0.0008424,-0.0082475,0.003178571428571435,1.278,1.094,8.59,2
573,1,0,0,0.59,0.127,0.5656,0.057,72.0,0.056,0.03015,0.037,0.0365,0.0222,0.016,0.0349,0.016,0.0493,0.0557,0.0293,72.0,0.1197,0.5637,0.068,0.135,0.0,0.0,0.33,0.3,0.009,0.000816,0.007696,0.00294,0.002495,0.00198,0.0005156,0.002592,0.874184,0.028,-0.09221,0.0389,-0.05088,0.002239,-0.01848,0.003428571428571437,0.2549,0.7106,7.91,2
574,0,0,1,0.405,0.07,0.5656,0.063,75.0,0.04,0.03175,0.0381,0.0508,0.02705,0.019,0.0318,0.015,0.0466,0.0503,0.0394,76.0,0.2436,0.7003,0.068,0.12,0.0,0.0,0.33,0.3,0.009,0.000654,0.000569,0.00764,0.002927,0.00058215,0.00099728,0.002603,0.69171,0.01073,-0.03021,0.01338,-0.01886,0.001521,-0.008125,0.0036000000000000064,1.252,3.138,3.98,2
575,1,0,0,0.457,0.045,0.5656,0.06,72.0,0.04,0.027,0.033,0.0365,0.02335,0.013,0.0286,0.015,0.0447,0.0485,0.0604,72.0,0.2594,0.685,0.068,0.135,0.0,0.0,0.33,0.3,0.009,0.007143,0.009349,0.001235,0.004499,0.00085404,0.003602,0.006856,0.712646,-0.002349,0.007597,-0.002599,0.004815,0.000592,-0.007776,0.0019999999999999927,1.708,1.107,9.16,2
576,1,0,0,0.33,-0.05,0.5656,0.058,68.0,0.056,0.03175,0.0381,0.0365,0.022,0.019,0.0286,0.015,0.0427,0.0518,0.0355,73.0,0.115,0.2808,0.068,0.11,0.0,0.0,0.33,0.3,0.009,0.008424,0.004811,0.001886,0.002015,0.001311,0.004964,0.003601,0.516475,-0.002229,0.001928,-0.001934,0.0007285,0.0004603,-0.00019237,0.002129,1.246,1.315,5.25,2
577,1,0,0,0.405,0.07,0.5656,0.045,74.0,0.04,0.0327,0.05,0.05,0.03,0.019,0.04,0.015,0.0528,0.0459,0.0401,74.0,0.085,0.5859,0.068,0.12,0.0,0.0,0.33,0.3,0.009,0.000692,0.001615,0.002065,0.004272,0.003527,0.00083124,0.003828,0.608977,0.003867,-0.005985,0.004646,-0.002272,0.0003745,-0.0007837499999999999,0.0008635714285714289,0.7978,2.692,5.81,2
578,1,0,0,0.4255,0.05,0.5656,0.045,73.0,0.04,0.0286,0.045,0.0365,0.022,0.017,0.0286,0.015,0.0573,0.034,0.0344,71.0,0.14,0.52,0.068,0.135,0.0,0.0,0.33,0.3,0.008,0.005632,0.004529,0.000749,0.002095,0.00591,0.00096923,0.003924,0.676699,-0.004694,0.009641,-0.005136,0.005432,0.0009092,-0.006024,0.0022857142857142855,1.13,0.9037,6.85,2
580,1,0,0,0.425,0.07,0.5656,0.03,74.0,0.034,0.02545,0.032,0.0365,0.018,0.0135,0.029,0.015,0.0312,0.0151,0.0262,73.0,0.1999,0.64,0.068,0.13,0.0,0.0,0.33,0.3,0.009,0.008299,0.001519,0.001484,0.001613,0.003728,0.000507,0.003999,0.670771,0.01394,-0.03456,0.01698,-0.02073,0.001636,-0.0079235,0.003321428571428572,0.3328,0.7892,5.44,2
581,1,0,0,0.4572,0.075,0.5656,0.045,72.5,0.04,0.027,0.0286,0.03305,0.02335,0.013,0.0286,0.015,0.0389,0.0302,0.0392,72.5,0.1218,0.5552,0.068,0.13,0.0,0.0,0.33,0.3,0.009,0.000679,0.002878,0.002407,0.006131,0.003078,0.001894,0.004373,0.642625,0.01509,-0.03019,0.01814,-0.01451,0.001,-0.0047735,0.002607142857142862,0.3397,1.012,5.29,2
582,0,0,1,0.405,0.069,0.5656,0.045,73.0,0.04,0.0286,0.045,0.0365,0.02335,0.013,0.0318,0.015,0.0414,0.0488,0.024,73.0,0.14,0.5148,0.068,0.13,0.0,0.0,0.33,0.3,0.009,0.003042,0.001428,0.006772,0.002659,0.00097921,0.00092898,0.001799,0.638036,0.02367,-0.04438,0.02822,-0.02359,0.002368,-0.0083965,0.006221428571428572,0.8213,2.32,2.83,2
583,0,0,1,0.385,0.04,0.5656,0.08,79.0,0.04,0.0286,0.045,0.0365,0.02335,0.013,0.0318,0.015,0.04,0.0684,0.0391,73.0,0.1213,0.5684,0.068,0.12,0.0,0.0,0.33,0.3,0.009,0.009648,0.001138,0.002472,0.002047,0.001353,0.007086,0.005842,0.596895,-0.004775,0.008126,-0.005195,0.004093,0.001615,-0.00347,0.004085714285714283,2.774,3.022,3.01,2
584,1,0,0,0.38,-0.03,0.5656,0.045,78.0,0.04,0.0286,0.045,0.0365,0.02335,0.013,0.0318,0.015,0.0388,0.0267,0.0411,73.5,0.25,0.5267,0.068,0.12,0.0,0.0,0.33,0.3,0.009,0.00082,0.005147,0.004855,0.00082458,0.001317,0.00887,0.00313,0.546634,-0.001496,0.003116,-0.001465,0.001839,0.0006396,-0.0026455,0.002521428571428571,1.356,1.193,5.42,2
585,1,0,0,0.44,0.065,0.5656,0.045,73.0,0.04,0.0127,0.045,0.0365,0.02335,0.016,0.0318,0.015,0.0479,0.0442,0.0165,72.0,0.1749,0.52,0.068,0.135,0.0,0.0,0.33,0.3,0.009,0.00055,0.005673,0.002583,0.008709,0.00969,0.00543,0.001001,0.683793,0.03924,-0.08599,0.04528,-0.05041,0.001063,-0.018575,0.0035000000000000057,0.1542,0.4134,5.71,2
586,1,0,0,0.38589,0.0,0.5656,0.1,72.0,0.05,0.05,0.05,0.05,0.025,0.0165,0.04,0.015,0.05,0.06,0.06,70.1,0.1659,0.54,0.068,0.13,0.0,0.0,0.33,0.3,0.009,0.003797,0.00214,0.001455,0.00085404,0.001849,0.001042,0.004827,0.604771,-0.0008206,0.001771,-0.0009099,0.0009165,0.0004697,-0.00085505,0.0017092857142857142,1.869,1.125,7.12,2
587,0,0,1,0.405,0.07,0.5656,0.045,74.0,0.04,0.0286,0.045,0.0365,0.02335,0.013,0.0318,0.015,0.0492,0.0487,0.0345,73.0,0.145,0.5147,0.068,0.12,0.0,0.0,0.33,0.3,0.009,0.009207,0.005859,0.007966,0.006006,0.003616,0.001142,0.00078057,0.653255,0.03212,-0.06177,0.03774,-0.03362,0.001911,-0.011945,0.005357142857142849,0.663,1.881,3.82,2
589,1,0,0,0.4,0.07,0.5656,0.045,74.0,0.04,0.0286,0.045,0.0365,0.02335,0.013,0.0318,0.015,0.0429,0.0221,0.0331,73.0,0.11,0.52,0.068,0.12,0.0,0.0,0.33,0.3,0.009,0.00184,0.000957,0.001392,0.003972,0.006904,0.001577,0.00078658,0.643484,0.02836,-0.04955,0.03353,-0.02486,0.0019,-0.008476000000000001,0.004671428571428571,0.234,0.6847,3.26,2
590,1,0,0,0.454,0.07,0.5656,0.045,73.0,0.04,0.0286,0.036,0.0365,0.02335,0.013,0.0286,0.015,0.048,0.05,0.0321,72.0,0.125,0.5072,0.068,0.135,0.0,0.0,0.33,0.3,0.009,0.002439,0.00208,0.002605,0.005438,0.00343,0.001521,0.005227,0.676176,0.01184,-0.02421,0.01413,-0.01229,0.000916,-0.004196,0.002257142857142859,0.4375,1.264,6.3,2
591,0,0,1,0.43,0.045,0.5656,0.05,73.0,0.04,0.035,0.045,0.04,0.03,0.014,0.0286,0.015,0.0398,0.0368,0.0337,72.5,0.165,0.565,0.068,0.13,0.0,0.0,0.33,0.3,0.009,0.000585,0.001027,0.001238,0.001594,0.00064942,0.00055007,0.001347,0.63936,-0.008337,0.01798,-0.009097,0.01021,0.002025,-0.013219999999999999,0.005999999999999991,2.149,1.788,1.78,2
592,1,0,0,0.46,0.055,0.5656,0.045,70.0,0.04,0.0286,0.045,0.0365,0.02335,0.013,0.0318,0.015,0.0599,0.0654,0.0319,69.5,0.2315,0.5904,0.068,0.135,0.0,0.0,0.33,0.3,0.009,0.007954,0.000595,0.006267,0.00525,0.001802,0.00079905,0.00098064,0.707894,0.01935,-0.05009,0.02255,-0.03024,0.002402,-0.011485,0.005499999999999999,0.2317,0.5518,5.76,2
593,1,0,0,0.4,0.08,0.5656,0.025,75.0,0.0381,0.0254,0.0317,0.034,0.01735,0.0105,0.0286,0.015,0.0406,0.0142,0.0251,77.0,0.1375,0.6242,0.068,0.12,0.0,0.0,0.33,0.3,0.0106,0.003566,0.000873,0.001075,0.001526,0.002027,0.00602,0.001315,0.653946,0.03424,-0.06831,0.04214,-0.03709,0.003363,-0.013375000000000001,0.007071428571428568,0.1905,0.5269,2.73,2
594,1,0,0,0.405,0.06973,0.5656,0.045,72.96151,0.04,0.0286,0.045,0.0365,0.02335,0.013,0.0318,0.015,0.0511,0.0373,0.0376,71.46151,0.0905,0.5033,0.068,0.13,0.0,0.0,0.33,0.3,0.009,0.001553,0.001346,0.002974,0.002974,0.002532,0.006846,0.00127,0.624708,0.01587,-0.02513,0.0189,-0.01077,0.001479,-0.0033569999999999997,0.003428571428571428,0.3974,1.286,3.42,2
595,1,0,0,0.4,0.08,0.5656,0.025,75.0,0.0381,0.0254,0.0317,0.034,0.01735,0.0105,0.0286,0.015,0.0406,0.0142,0.0251,77.0,0.1474,0.6342,0.068,0.12,0.0,0.0,0.33,0.3,0.0106,0.000653,0.00939,0.00065,0.008935,0.00088326,0.001567,0.003018,0.653684,0.0202,-0.0417,0.02447,-0.02323,0.001261,-0.008264,0.003771428571428576,0.2403,0.6583,4.23,2
596,1,0,0,0.395,0.055,0.5656,0.045,73.0,0.04,0.0286,0.045,0.0365,0.02335,0.013,0.0318,0.015,0.0496,0.02,0.0346,73.0,0.18,0.52,0.068,0.13,0.0,0.0,0.33,0.3,0.009,0.002266,0.004532,0.002685,0.003973,0.009308,0.00054827,0.009308,0.635759,0.007522,-0.01485,0.008746,-0.008333,0.0004922,-0.0030645,0.001550000000000001,0.5705,1.557,9.02,2
597,1,0,0,0.42,0.07,0.5656,0.045,72.5,0.04,0.0286,0.045,0.0365,0.02335,0.013,0.0318,0.015,0.0481,0.0469,0.0377,72.5,0.1802,0.6353,0.068,0.13,0.0,0.0,0.33,0.3,0.009,0.001557,0.000836,0.003739,0.008012,0.00058003,0.005989,0.003056,0.692048,0.01338,-0.03138,0.01604,-0.0183,0.001229,-0.0067455,0.00312142857142857,0.4137,1.121,5.23,2
598,1,0,0,0.415,0.045,0.5656,0.045,75.5,0.04,0.0327,0.04,0.035,0.0225,0.013,0.0286,0.015,0.0538,0.0496,0.0274,70.8,0.1088,0.4926,0.068,0.135,0.0,0.0,0.33,0.3,0.009,0.006666,0.001238,0.002171,0.00090915,0.007406,0.00096464,0.004997,0.641845,-0.003387,0.006306,-0.003854,0.003203,0.001384,-0.0027285,0.003921428571428571,1.262,0.8031,5.77,2
599,1,0,0,0.42,0.067,0.5656,0.04,72.0,0.04,0.0286,0.048,0.0365,0.02335,0.013,0.0318,0.015,0.0455,0.04,0.029,70.0,0.105,0.41,0.072,0.135,0.0,0.0,0.33,0.3,0.009,0.001087,0.007388,0.00159,0.00082579,0.00092019,0.005644,0.00508,0.712196,0.01496,-0.02979,0.01793,-0.01601,0.0009112,-0.005771,0.0022000000000000006,0.342,0.8912,6.48,2
600,1,0,0,0.435,0.07,0.5656,0.06,72.0,0.04,0.0369,0.05,0.0429,0.02335,0.015,0.035,0.015,0.0489,0.037,0.0422,72.0,0.2,0.54,0.068,0.135,0.0,0.0,0.33,0.3,0.0123,0.002937,0.003953,0.008863,0.008671,0.00937,0.002632,0.00068129,0.693227,0.00868,-0.02068,0.01015,-0.0126,0.000965,-0.004772,0.0026571428571428566,0.4893,1.131,9.76,2
601,0,0,1,0.43,0.0,0.5656,0.045,75.0,0.04,0.0286,0.045,0.0365,0.02335,0.013,0.0318,0.015,0.0448,0.0473,0.0379,73.0,0.145,0.5133,0.068,0.13,0.0,0.0,0.33,0.3,0.009,0.00085,0.001914,0.00066,0.004398,0.001343,0.008286,0.002248,0.613789,-0.0113,0.01984,-0.01116,0.01022,0.001849,-0.0095325,0.005449999999999998,1.707,1.67,1.95,2
602,1,0,0,0.46,0.061,0.5656,0.04,73.0,0.0381,0.0254,0.0317,0.034,0.01735,0.0105,0.0286,0.015,0.0362,0.0189,0.0281,73.0,0.0984,0.5389,0.068,0.13,0.0,0.0,0.33,0.3,0.0106,0.001269,0.004179,0.009705,0.001004,0.007393,0.001412,0.003221,0.65459,0.01668,-0.03154,0.0198,-0.01473,0.002197,-0.0048775,0.004149999999999999,0.3652,0.8924,5.93,2
603,1,0,0,0.438,0.075,0.5656,0.06,72.0,0.04,0.0369,0.05,0.0429,0.02335,0.015,0.035,0.015,0.0492,0.0371,0.042,72.0,0.2,0.54,0.068,0.135,0.0,0.0,0.33,0.3,0.0123,0.003658,0.002157,0.006792,0.001247,0.003476,0.001098,0.00057328,0.696743,0.009946,-0.02424,0.01209,-0.01465,0.00157,-0.0056264999999999996,0.003664285714285717,0.3194,0.6489,7.08,2
604,1,0,0,0.445,0.07,0.5656,0.045,73.0,0.068,0.0286,0.045,0.0365,0.02335,0.013,0.0289,0.015,0.0512,0.0527,0.0292,70.0,0.1071,0.4068,0.068,0.135,0.0,0.0,0.33,0.3,0.009,0.006836,0.002558,0.001076,0.004701,0.001801,0.009268,0.00265,0.65847,0.01741,-0.03218,0.02134,-0.01467,0.001126,-0.0048355,0.0026642857142857145,0.3466,1.048,4.84,2
605,1,0,0,0.375,-0.007,0.5656,0.05,74.0,0.047,0.0302,0.05,0.0365,0.0265,0.0165,0.0318,0.015,0.0463,0.045,0.0275,75.0,0.12,0.365,0.073,0.13,0.0,0.0,0.33,0.3,0.0112,0.003346,0.002479,0.005575,0.001519,0.00087235,0.004623,0.00079439,0.643296,-0.004561,0.006985,-0.00441,0.003966,0.000825,-0.0044995,0.0028642857142857163,1.044,0.9674,4.84,2
606,1,0,0,0.3,0.013,0.5656,0.045,72.5,0.04,0.0286,0.0318,0.0365,0.024,0.013,0.0318,0.015,0.039,0.0251,0.0263,74.0,0.3364,0.4801,0.068,0.13,0.0,0.0,0.33,0.3,0.009,0.006429,0.000656,0.001309,0.001446,0.001092,0.003478,0.007983,0.525308,-0.0003002,0.001244,-0.0004773,0.0008549,0.0005143,-0.0027495,0.002007142857142857,0.6296,0.6201,5.24,2
607,1,0,0,0.375,0.05,0.5656,0.045,74.5,0.04,0.0286,0.045,0.0365,0.0205,0.013,0.0318,0.015,0.0469,0.075,0.0344,74.0,0.145,0.575,0.068,0.135,0.0,0.0,0.33,0.3,0.009,0.002575,0.000753,0.006952,0.008299,0.001847,0.001234,0.00555,0.618664,-0.0019,0.004,-0.002333,0.002129,0.0009931,-0.0022995000000000003,0.0021785714285714295,2.05,1.707,6.58,2
608,1,0,0,0.43,0.065,0.5656,0.02,73.0,0.0381,0.027,0.0317,0.034,0.02125,0.0105,0.0286,0.015,0.03614,0.0189,0.03967,73.0,0.1475,0.5839,0.068,0.13,0.0,0.0,0.33,0.3,0.0146,0.000867,0.003828,0.004616,0.002111,0.001256,0.001085,0.002362,0.656607,0.01746,-0.03668,0.02079,-0.01957,0.001255,-0.0069715,0.0033499999999999984,0.3361,0.9144,5.0,2
609,1,0,0,0.405,0.078,0.5656,0.04,74.0,0.0381,0.0254,0.0317,0.034,0.01735,0.0105,0.0286,0.015,0.0359,0.0191,0.0283,72.5,0.1327,0.58,0.068,0.13,0.0,0.0,0.33,0.3,0.0106,0.007716,0.000897,0.007727,0.00060009,0.004889,0.00094785,0.00099984,0.662251,0.02533,-0.05108,0.03127,-0.02796,0.004421,-0.010068,0.009885714285714284,0.2693,0.4861,4.17,2
610,1,0,0,0.375,0.04,0.5656,0.045,74.0,0.04,0.0286,0.045,0.0365,0.0205,0.013,0.0318,0.015,0.05,0.075,0.0344,74.0,0.145,0.575,0.068,0.135,0.0,0.0,0.33,0.3,0.009,0.00137,0.00904,0.003514,0.001652,0.004151,0.002156,0.004151,0.612283,-0.002628,0.004969,-0.002947,0.002658,0.0007639,-0.0027105000000000002,0.0020642857142857125,1.505,1.46,6.45,2
611,0,0,1,0.4,0.02,0.5656,0.295,72.0,0.046,0.0312,0.046,0.0365,0.02,0.014,0.037,0.015,0.05,0.285,0.04,72.0,0.15,0.675,0.068,0.135,0.0,0.0,0.33,0.3,0.007,0.003361,0.000557,0.007393,0.00614,0.001188,0.003506,0.00071812,0.614463,-0.007667,0.01464,-0.008437,0.007616,0.004826,-0.0075485,0.008492857142857135,2.048,2.244,3.11,2
612,1,0,0,0.406,0.07,0.5656,0.045,74.0,0.04,0.0286,0.045,0.0365,0.02335,0.013,0.0318,0.015,0.0499,0.032,0.0335,73.0,0.103,0.547,0.068,0.13,0.0,0.0,0.33,0.3,0.009,0.004411,0.00123,0.000866,0.001503,0.00064445,0.00091015,0.001462,0.653194,0.02606,-0.04567,0.03118,-0.02209,0.00164,-0.0074465,0.003892857142857145,0.2513,0.7607,3.25,2
613,1,0,0,0.41,0.07,0.5656,0.045,73.5,0.04,0.0286,0.045,0.0365,0.02335,0.013,0.0318,0.015,0.0499,0.0319,0.0285,73.0,0.1118,0.5619,0.068,0.13,0.0,0.0,0.33,0.3,0.009,0.003982,0.008166,0.005422,0.001243,0.00088133,0.002342,0.006596,0.653448,0.008645,-0.01562,0.01041,-0.00768,0.0007107,-0.0026295,0.0017214285714285706,0.5554,1.592,8.59,2
614,1,0,0,0.425,0.075,0.5656,0.045,73.5,0.04,0.0286,0.045,0.0365,0.02335,0.013,0.0318,0.015,0.0494,0.0484,0.0353,72.0,0.17,0.575,0.068,0.13,0.0,0.0,0.33,0.3,0.009,0.006693,0.002895,0.009978,0.003999,0.008178,0.004746,0.00072551,0.678448,0.01858,-0.04111,0.02229,-0.0234,0.001331,-0.008597,0.0035285714285714256,0.2635,0.764,7.55,2
615,0,0,1,0.405,0.067,0.5656,0.045,73.3,0.055,0.03745,0.056,0.04155,0.03,0.019,0.0349,0.015,0.05,0.05,0.03,73.3,0.1902,0.58,0.068,0.13,0.0,0.0,0.33,0.3,0.009,0.006086,0.006221,0.004698,0.001299,0.003579,0.001445,0.007307,0.657804,0.008563,-0.019,0.01057,-0.0108,0.000707,-0.0040535,0.002007142857142857,1.281,3.272,7.07,2
616,0,0,1,0.41,0.072,0.5656,0.045,73.0,0.055,0.03745,0.056,0.04155,0.03,0.019,0.0349,0.015,0.05,0.05,0.025,72.5,0.185,0.56,0.068,0.13,0.0,0.0,0.33,0.3,0.009,0.002021,0.00079,0.005829,0.003916,0.00059681,0.001504,0.002063,0.660795,0.01201,-0.02619,0.01476,-0.01495,0.001595,-0.0062450000000000006,0.004228571428571425,1.173,3.276,3.67,2
617,1,0,0,0.385,0.037,0.5656,0.06,75.0,0.04,0.0286,0.045,0.0365,0.02335,0.013,0.0318,0.015,0.0495,0.0355,0.0418,75.0,0.1152,0.6055,0.068,0.13,0.0,0.0,0.33,0.3,0.005,0.009712,0.001076,0.00069,0.003808,0.001459,0.001328,0.004539,0.633213,-0.003928,0.007005,-0.004269,0.003625,0.0008829,-0.003346,0.002257142857142859,1.198,1.142,4.67,2
618,0,0,1,0.439,0.053,0.5656,0.3,73.0,0.045,0.0307,0.054,0.0365,0.02335,0.015,0.0349,0.015,0.0459,0.2975,0.0198,71.0,0.11,0.75,0.086,0.135,0.0,0.0,0.33,0.3,0.0112,0.00347,0.002439,0.003896,0.003312,0.00096499,0.002534,0.00064069,0.700074,-0.01448,0.02948,-0.0158,0.01635,0.003216,-0.017759999999999998,0.00871428571428573,1.652,1.425,3.29,2
619,0,0,1,0.405,0.07,0.5656,0.045,74.0,0.04,0.0336,0.045,0.0365,0.02335,0.013,0.0318,0.015,0.0492,0.0483,0.0345,73.0,0.145,0.5143,0.068,0.13,0.0,0.0,0.33,0.3,0.009,0.003348,0.000903,0.002097,0.00090286,0.001039,0.002712,0.00055879,0.653255,0.04138,-0.08058,0.04991,-0.04326,0.00492,-0.01555,0.011714285714285707,0.5555,1.307,1.76,2
620,1,0,0,0.406,0.07,0.5656,0.045,74.0,0.04,0.0286,0.045,0.0365,0.02335,0.013,0.0318,0.015,0.0426,0.032,0.0335,73.0,0.1038,0.547,0.068,0.13,0.0,0.0,0.33,0.3,0.009,0.002638,0.00105,0.001513,0.009783,0.007995,0.001963,0.001482,0.648782,0.02083,-0.03681,0.02442,-0.01845,0.001431,-0.006107,0.0036142857142857166,0.2915,0.86,4.23,2
621,1,0,0,0.41,0.07,0.5656,0.045,73.5,0.04,0.0286,0.045,0.0365,0.02335,0.013,0.0318,0.015,0.0466,0.0319,0.0285,73.0,0.1118,0.5619,0.068,0.13,0.0,0.0,0.33,0.3,0.009,0.004078,0.001758,0.005408,0.002373,0.001113,0.005581,0.000994,0.651643,0.01735,-0.03104,0.02062,-0.01554,0.00148,-0.005326,0.0036142857142857105,0.3771,1.133,4.65,2
623,1,0,0,0.405,0.07,0.5656,0.025,73.0,0.04,0.0286,0.036,0.0317,0.0215,0.013,0.0286,0.015,0.0409,0.0123,0.0292,74.0,0.1404,0.575,0.068,0.13,0.0,0.0,0.33,0.3,0.009,0.001322,0.005833,0.000511,0.008202,0.002534,0.0005903,0.00918,0.661316,0.01575,-0.03157,0.01865,-0.01734,0.0007436,-0.0061505,0.0024214285714285705,0.3234,0.8878,6.72,2
624,1,0,0,0.43212,0.027,0.5656,0.045,74.0,0.04,0.0286,0.045,0.0365,0.02335,0.013,0.0318,0.015,0.0485,0.0414,0.0315,71.0,0.141,0.4214,0.068,0.135,0.0,0.0,0.33,0.3,0.009,0.001008,0.001025,0.001299,0.004698,0.003573,0.007691,0.00564,0.626693,-0.003011,0.00585,-0.003271,0.003022,0.0009275,-0.0029565,0.0021785714285714264,1.138,1.356,4.97,2
625,0,0,1,0.406,0.063,0.5656,0.045,73.0,0.04,0.03,0.045,0.0365,0.02335,0.013,0.0346,0.015,0.0464,0.0438,0.0379,73.0,0.157,0.55,0.068,0.13,0.0,0.0,0.33,0.3,0.009,0.001687,0.006983,0.001239,0.00057161,0.002575,0.005047,0.001322,0.64371,0.0449,-0.08914,0.05372,-0.048,0.002125,-0.017275,0.006357142857142845,0.4723,1.04,2.74,2
626,1,0,0,0.43,0.0375,0.5656,0.035,76.5,0.055,0.027,0.042,0.0365,0.017,0.017,0.0286,0.015,0.03,0.04,0.04,73.0,0.1522,0.45,0.068,0.135,0.0,0.0,0.33,0.3,0.009,0.003388,0.009053,0.009712,0.00083185,0.003634,0.004182,0.008539,0.719298,-0.002615,0.006234,-0.002646,0.003933,0.00164,-0.005248,0.0043285714285714325,0.5036,0.518,10.03,2
627,0,0,1,0.4,0.061,0.5656,0.045,78.0,0.04,0.0286,0.045,0.0365,0.02335,0.013,0.0318,0.015,0.047,0.0477,0.0388,72.5,0.1541,0.5877,0.068,0.13,0.0,0.0,0.33,0.3,0.009,0.007442,0.005958,0.000594,0.003842,0.005587,0.002801,0.001754,0.66685,0.04592,-0.09278,0.05374,-0.05149,0.001525,-0.018674999999999997,0.004928571428571425,0.452,1.239,3.33,2
628,1,0,0,0.406,0.068,0.5656,0.045,74.5,0.04,0.0286,0.045,0.0365,0.02335,0.013,0.0318,0.015,0.0483,0.0335,0.0365,71.0,0.1016,0.48,0.068,0.13,0.0,0.0,0.33,0.3,0.009,0.006142,0.001441,0.005221,0.005709,0.00059834,0.008211,0.002883,0.630727,0.01001,-0.01661,0.01182,-0.007663,0.0009995,-0.002463,0.0024428571428571416,0.4258,1.472,5.24,2
629,1,0,0,0.44,0.06,0.5656,0.045,74.0,0.04,0.0286,0.045,0.0365,0.02335,0.013,0.0318,0.015,0.0467,0.0488,0.0352,71.0,0.1838,0.5388,0.068,0.13,0.0,0.0,0.33,0.3,0.009,0.001861,0.001763,0.002594,0.00063788,0.007502,0.007458,0.007502,0.649454,0.008971,-0.01992,0.01084,-0.01089,0.001156,-0.0038894999999999997,0.003335714285714285,0.4329,0.8897,7.42,2
630,1,0,0,0.44,0.06,0.5656,0.045,74.5,0.04,0.0286,0.045,0.0365,0.02335,0.013,0.0318,0.015,0.0474,0.0485,0.036,71.0,0.115,0.4885,0.068,0.13,0.0,0.0,0.33,0.3,0.009,0.006792,0.002583,0.005876,0.001737,0.001594,0.001169,0.006882,0.640789,0.008166,-0.01488,0.009631,-0.006917,0.0008515,-0.0022789999999999998,0.0019428571428571435,0.5836,1.647,7.58,2
631,1,0,0,0.37,-0.011,0.5656,0.037,77.5,0.04,0.0286,0.047,0.0365,0.02335,0.015,0.0318,0.015,0.0388,0.0344,0.0228,73.5,0.115,0.2874,0.068,0.135,0.0,0.0,0.33,0.3,0.009,0.007793,0.001022,0.004247,0.0005407,0.00052281,0.003078,0.001916,0.641712,-0.003621,0.005654,-0.003541,0.003237,0.001289,-0.0038345000000000002,0.006007142857142858,0.7371,0.5147,4.24,2
632,1,0,0,0.365,0.035,0.5656,0.045,74.0,0.04,0.0286,0.045,0.0365,0.02335,0.013,0.0318,0.015,0.0483,0.25,0.0341,75.0,0.0891,0.47,0.068,0.135,0.0,0.0,0.33,0.3,0.009,0.005076,0.000886,0.002791,0.00532,0.005816,0.002215,0.00079555,0.630598,-0.006971,0.01233,-0.007636,0.005412,0.001549,-0.004422000000000001,0.0039428571428571394,0.9126,1.064,4.24,2
633,1,0,0,0.365,0.035,0.5656,0.045,74.0,0.04,0.0286,0.045,0.0365,0.02335,0.013,0.0318,0.015,0.0483,0.048,0.0341,75.0,0.1119,0.47,0.068,0.135,0.0,0.0,0.33,0.3,0.009,0.000583,0.003197,0.001839,0.001072,0.002903,0.0012,0.00092221,0.628107,-0.007132,0.01162,-0.007638,0.006224,0.001028,-0.0060955,0.0031357142857142864,0.9187,0.88,3.23,2
634,1,0,0,0.406,0.068,0.5656,0.045,74.5,0.04,0.0286,0.045,0.0365,0.02335,0.013,0.0318,0.015,0.0461,0.0336,0.0363,71.0,0.1057,0.48,0.068,0.13,0.0,0.0,0.33,0.3,0.009,0.000538,0.002501,0.006434,0.003336,0.002218,0.00317,0.001636,0.62966,0.01205,-0.02038,0.01429,-0.009473,0.001045,-0.0031105,0.0026785714285714308,0.3938,1.313,4.57,2
635,0,0,1,0.355,-0.0445,0.5656,0.045,68.0,0.04,0.0352,0.045,0.045,0.02335,0.013,0.0318,0.015,0.041,0.0497,0.0301,74.0,0.1,0.2197,0.068,0.13,0.0,0.0,0.33,0.3,0.009,0.001729,0.004014,0.005837,0.00067781,0.001502,0.001305,0.00056207,0.515044,-0.003702,0.003998,-0.003494,0.000501,0.001221,0.000117,0.006174285714285714,1.922,2.012,2.15,2
636,1,0,0,0.39,0.057,0.5656,0.06,75.0,0.04,0.0286,0.045,0.0365,0.02335,0.013,0.0318,0.015,0.0552,0.0361,0.0398,75.5,0.115,0.5961,0.068,0.13,0.0,0.0,0.33,0.3,0.005,0.002114,0.000883,0.006983,0.00086853,0.00083979,0.008773,0.007065,0.634638,0.007514,-0.01284,0.00897,-0.006014,0.001133,-0.0019525,0.0033500000000000014,0.5902,0.8747,6.6,2
637,0,0,1,0.42472,0.015,0.5656,0.05,69.0,0.05,0.05,0.045,0.054,0.045,0.029,0.04,0.018,0.0437,0.0338,0.0397,65.0,0.1054,0.3338,0.08,0.135,0.0,0.0,0.33,0.3,0.009,0.002234,0.001715,0.001979,0.005936,0.002828,0.002621,0.002111,0.655538,-0.00277,0.004792,-0.002787,0.002413,0.0003885,-0.0022329999999999997,0.0013714285714285705,2.46,5.561,4.51,2
638,0,0,1,0.4,0.03,0.5656,0.045,72.5,0.04,0.0302,0.045,0.0365,0.02335,0.013,0.0318,0.015,0.0554,0.06,0.0275,72.5,0.1132,0.35,0.068,0.135,0.0,0.0,0.33,0.3,0.009,0.006354,0.004319,0.000869,0.001893,0.00052243,0.001199,0.005058,0.624228,-0.006898,0.01139,-0.007351,0.005703,0.001301,-0.0049215000000000005,0.003564285714285716,1.987,2.32,3.15,2
639,0,0,1,0.40859,0.02,0.5656,0.045,58.1,0.04,0.0302,0.045,0.05,0.03,0.0215,0.0318,0.015,0.0554,0.01,0.0275,68.5,0.1385,0.3,0.068,0.135,0.0,0.0,0.33,0.3,0.009,0.002566,0.001446,0.005058,0.00091081,0.00084906,0.002521,0.004526,0.629928,-0.002106,0.004449,-0.002416,0.002194,0.0007747,-0.0027625,0.002349999999999999,1.778,2.842,4.05,2
640,0,0,1,0.405,0.02,0.5656,0.045,71.5,0.04,0.0485,0.045,0.052,0.03,0.0215,0.0318,0.015,0.0626,0.0551,0.0442,67.5,0.12,0.3951,0.068,0.13,0.0,0.0,0.33,0.3,0.009,0.008623,0.003719,0.002557,0.001122,0.002353,0.00059008,0.002102,0.629594,-0.002646,0.004483,-0.00279,0.002186,0.0007067,-0.0018015,0.0018642857142857137,4.543,3.466,4.63,2
641,1,0,0,0.425,0.07,0.5656,0.045,74.0,0.04,0.0286,0.045,0.0365,0.02335,0.013,0.0318,0.015,0.0463,0.032,0.0285,73.0,0.1131,0.562,0.068,0.13,0.0,0.0,0.33,0.3,0.009,0.001994,0.006378,0.005335,0.001308,0.008226,0.001243,0.002869,0.654553,0.01228,-0.0228,0.01473,-0.01122,0.0009099,-0.0038315,0.0021928571428571427,0.4909,1.371,7.26,2
642,1,0,0,0.405,0.02,0.5656,0.045,74.0,0.04,0.0375,0.045,0.046,0.02335,0.019,0.0318,0.015,0.0545,0.0431,0.0317,66.0,0.12,0.3431,0.068,0.13,0.0,0.0,0.33,0.3,0.009,0.006856,0.001042,0.000615,0.001264,0.0033,0.003186,0.001404,0.667321,-0.00456,0.007967,-0.004659,0.004385,0.001161,-0.0047244999999999995,0.0027500000000000055,1.047,0.9656,4.36,2
643,1,0,0,0.405,0.02,0.5656,0.045,70.5,0.04,0.0286,0.045,0.0365,0.02335,0.0175,0.0318,0.015,0.047,0.0538,0.0289,65.5,0.118,0.3738,0.068,0.13,0.0,0.0,0.33,0.3,0.009,0.001045,0.000624,0.002262,0.00221,0.001121,0.001593,0.00063929,0.661807,-0.008633,0.01502,-0.00896,0.00824,0.002357,-0.0090305,0.005750000000000001,0.7872,0.6254,2.53,2
644,1,0,0,0.405,0.02,0.5656,0.045,70.0,0.04,0.04,0.045,0.045,0.0425,0.0265,0.0318,0.015,0.0585,0.0577,0.0319,69.0,0.12,0.3777,0.068,0.13,0.0,0.0,0.33,0.3,0.009,0.000876,0.000659,0.000558,0.0006573,0.001531,0.001782,0.003682,0.630597,-0.002438,0.004115,-0.00251,0.00204,0.0004356,-0.0017715,0.0014928571428571426,1.492,0.7784,5.13,2
645,1,0,0,0.425,0.07,0.5656,0.045,74.0,0.04,0.0286,0.045,0.0365,0.02335,0.013,0.0318,0.015,0.0463,0.032,0.0285,73.0,0.1131,0.562,0.068,0.13,0.0,0.0,0.33,0.3,0.009,0.0007,0.001523,0.001541,0.00088004,0.00069335,0.001546,0.001875,0.654553,0.02007,-0.03749,0.0242,-0.01839,0.001634,-0.006274999999999999,0.0036142857142857166,0.314,0.8415,3.14,2
646,1,0,0,0.37,0.049,0.5656,0.045,74.0,0.04,0.0286,0.045,0.0365,0.02335,0.013,0.0318,0.015,0.0487,0.0484,0.0351,75.0,0.1409,0.47,0.068,0.13,0.0,0.0,0.33,0.3,0.009,0.002226,0.001319,0.007651,0.00095866,0.007154,0.00448,0.001777,0.638129,-0.003249,0.006279,-0.003716,0.003609,0.001252,-0.0043029999999999995,0.0034142857142857148,1.31,1.112,5.49,2
647,1,0,0,0.37,0.049,0.5656,0.045,74.0,0.04,0.0286,0.045,0.0365,0.02335,0.013,0.0318,0.015,0.0487,0.23,0.0351,75.0,0.0398,0.47,0.068,0.13,0.0,0.0,0.33,0.3,0.009,0.000681,0.000734,0.006122,0.0007886,0.001393,0.00064728,0.001845,0.6403,-0.004178,0.008023,-0.005079,0.002795,0.001706,-0.0014805,0.005207142857142857,0.9392,0.767,3.58,2
648,1,0,0,0.38,0.06,0.5656,0.15,74.0,0.04,0.0286,0.045,0.0365,0.02335,0.013,0.0318,0.015,0.0461,0.047,0.038,74.0,0.2033,0.6,0.068,0.13,0.0,0.0,0.33,0.3,0.009,0.001055,0.004727,0.001161,0.004818,0.0006687,0.001702,0.00261,0.673987,0.01493,-0.03457,0.01765,-0.02099,0.0005937,-0.008084500000000001,0.002321428571428576,0.3425,0.8943,4.76,2
649,1,0,0,0.41,0.07,0.5656,0.025,73.0,0.04,0.027,0.036,0.0365,0.02125,0.0125,0.0286,0.005,0.037,0.0156,0.0275,74.0,0.1404,0.58,0.068,0.13,0.0,0.0,0.33,0.3,0.009,0.001586,0.002569,0.000899,0.001444,0.002708,0.001907,0.001208,0.659163,0.03165,-0.0637,0.03809,-0.03475,0.00168,-0.012595,0.004357142857142853,0.2079,0.4426,3.27,2
650,0,0,1,0.393,0.01,0.5656,0.06,70.5,0.04,0.0446,0.05,0.0505,0.02335,0.0165,0.0318,0.015,0.0529,0.0205,0.0364,70.5,0.0862,0.4015,0.068,0.13,0.0,0.0,0.33,0.3,0.009,0.004984,0.003764,0.000527,0.001224,0.00092424,0.001511,0.002681,0.5891,-0.003899,0.005563,-0.004029,0.002183,0.0009841,-0.00113095,0.002329285714285714,2.363,4.426,2.86,2
651,1,0,0,0.39,0.057,0.5656,0.06,75.0,0.04,0.0286,0.045,0.0365,0.02335,0.013,0.0318,0.015,0.0552,0.0361,0.0398,75.5,0.115,0.5961,0.068,0.13,0.0,0.0,0.33,0.3,0.005,0.001518,0.002306,0.00319,0.009812,0.001411,0.003018,0.003314,0.634638,0.01094,-0.01826,0.01255,-0.008876,0.0007208,-0.002887,0.002057142857142854,0.4647,1.384,5.2,2
652,1,0,0,0.415,0.075,0.5656,0.045,74.5,0.04,0.0286,0.035,0.0365,0.02335,0.013,0.0318,0.015,0.0471,0.049,0.0335,73.0,0.138,0.519,0.068,0.13,0.0,0.0,0.33,0.3,0.009,0.000537,0.001875,0.00132,0.002516,0.00275,0.001047,0.007524,0.652121,0.009972,-0.01985,0.01218,-0.01026,0.0008249,-0.003608,0.002014285714285715,0.4644,1.306,5.77,2
653,0,0,1,0.405,0.02,0.5656,0.045,79.5,0.04,0.05,0.045,0.05,0.04,0.029,0.0318,0.015,0.0373,0.0432,0.0217,70.1,0.1,0.2132,0.068,0.13,0.0,0.0,0.33,0.3,0.009,0.003237,0.004055,0.002488,0.001394,0.0011,0.00308,0.001222,0.607397,-0.002527,0.00397,-0.002578,0.001686,0.0003652,-0.001464,0.0013571428571428575,2.961,3.017,4.41,2
654,1,0,0,0.425,0.065,0.5656,0.045,73.49999998763374,0.04,0.0286,0.045,0.0365,0.02335,0.013,0.0318,0.015,0.0489,0.048,0.0364,71.5,0.1451,0.56,0.068,0.135,0.0,0.0,0.33,0.3,0.009,0.001126,0.001127,0.005041,0.001751,0.002193,0.008308,0.001784,0.669441,0.01585,-0.03249,0.01895,-0.01727,0.001602,-0.006156999999999999,0.0037000000000000015,0.3354,1.006,4.54,3
655,1,0,0,0.405,0.07,0.5656,0.045,74.0000202554444,0.04,0.0286,0.045,0.0365,0.02335,0.013,0.0318,0.015,0.0499,0.049,0.034,73.0,0.145,0.515,0.068,0.13,0.0,0.0,0.33,0.3,0.009,0.000632,0.000826,0.001416,0.003573,0.009073,0.002376,0.001643,0.653639,0.02002,-0.03899,0.02397,-0.02085,0.001566,-0.007419500000000001,0.004007142857142856,0.297,0.8301,3.87,3
656,0,0,1,0.405,0.07,0.5656,0.045,73.49999998763374,0.04,0.0286,0.045,0.0365,0.02335,0.013,0.0318,0.015,0.0483,0.0479,0.0359,73.0,0.171,0.565,0.068,0.13,0.0,0.0,0.33,0.3,0.009,0.003842,0.005923,0.000782,0.0005411,0.00086409,0.00582,0.007618,0.656324,0.02012,-0.04329,0.02477,-0.02407,0.0016,-0.008767,0.005314285714285713,0.8027,1.442,4.09,3
657,0,0,1,0.405,0.07,0.5656,0.045,73.49999998763374,0.04,0.0286,0.045,0.0365,0.02335,0.013,0.0318,0.015,0.0494,0.0477,0.0361,73.5,0.1553,0.56,0.068,0.13,0.0,0.0,0.33,0.3,0.009,0.004118,0.008646,0.008323,0.0007287,0.002068,0.005181,0.002436,0.650068,0.02292,-0.04633,0.02794,-0.02498,0.00179,-0.008993000000000001,0.005057142857142846,0.7222,1.803,4.42,3
658,0,0,1,0.405,0.07,0.5656,0.045,73.49999998763374,0.04,0.0286,0.045,0.0365,0.02335,0.013,0.0318,0.015,0.0485,0.0476,0.0362,73.5,0.1746,0.58,0.068,0.13,0.0,0.0,0.33,0.3,0.009,0.001695,0.00718,0.004142,0.005494,0.009934,0.003873,0.005665,0.659372,0.01711,-0.03678,0.02051,-0.02083,0.00103,-0.0076255,0.0033642857142857146,0.8065,2.556,5.2,3
659,0,0,1,0.405,0.07,0.5656,0.045,74.0000202554444,0.04,0.0286,0.045,0.0365,0.02335,0.013,0.0318,0.015,0.0488,0.0481,0.0357,73.0,0.15,0.54,0.068,0.13,0.0,0.0,0.33,0.3,0.009,0.00912,0.00274,0.005744,0.0027,0.001382,0.00537,0.00254,0.650478,0.02263,-0.04454,0.02713,-0.02393,0.001719,-0.0085635,0.004807142857142856,0.8341,2.308,3.36,3
660,0,0,1,0.405,0.07,0.5656,0.045,82.00000076573804,0.04,0.0625,0.045,0.07,0.025,0.0235,0.075,0.015,0.05,0.0512,0.0475,85.0,0.076,0.5172,0.068,0.13,0.0,0.0,0.33,0.3,0.02,0.001389,0.008359,0.000937,0.0041,0.004431,0.005566,0.006443,0.728676,0.003344,-0.006936,0.00404,-0.003395,0.0006191,-0.0012075,0.0006357142857142864,2.096,3.907,7.12,3
661,1,0,0,0.425,0.065,0.5656,0.045,73.49999998763374,0.04,0.0286,0.045,0.0365,0.02335,0.013,0.0318,0.015,0.0493,0.0474,0.0372,72.0,0.105,0.52,0.068,0.13,0.0,0.0,0.33,0.3,0.009,0.001956,0.000902,0.000666,0.007601,0.001523,0.00324,0.002189,0.640365,0.01959,-0.03437,0.02295,-0.01598,0.00144,-0.005095499999999999,0.0033499999999999984,0.2902,0.8901,3.42,3
662,1,0,0,0.431,0.068,0.5656,0.045,72.99997971982306,0.04,0.0282,0.045,0.0365,0.0205,0.013,0.031,0.015,0.0469,0.075,0.0344,71.5,0.125,0.532,0.068,0.135,0.0,0.0,0.33,0.3,0.009,0.004743,0.008818,0.002704,0.003956,0.002596,0.00079613,0.00065251,0.659876,0.02684,-0.05203,0.03173,-0.02638,0.001617,-0.009024500000000001,0.003949999999999997,0.2528,0.739,5.44,3
663,1,0,0,0.37,0.048,0.5656,0.045,74.0000202554444,0.04,0.0286,0.045,0.0365,0.02335,0.013,0.0318,0.015,0.0502,0.0488,0.0341,73.5,0.1111,0.47,0.068,0.135,0.0,0.0,0.33,0.3,0.009,0.000515,0.000621,0.001442,0.002777,0.001511,0.001865,0.001718,0.62752,-0.005372,0.009228,-0.006028,0.004817,0.001509,-0.0045505,0.0037499999999999955,1.016,0.9756,2.59,3
665,1,0,0,0.415,0.07,0.5656,0.045,72.99997971982306,0.04,0.027,0.0338,0.0286,0.02335,0.013,0.0286,0.015,0.0421,0.0456,0.0348,73.0,0.12,0.5656,0.068,0.13,0.0,0.0,0.33,0.3,0.009,0.002508,0.004629,0.008608,0.00064163,0.001069,0.00061318,0.003918,0.618521,0.01475,-0.02621,0.01774,-0.01229,0.00122,-0.004019,0.004842857142857141,0.3688,0.6135,6.36,3
666,1,0,0,0.41,0.07,0.5656,0.045,72.99997971982306,0.04,0.0286,0.045,0.0365,0.02335,0.013,0.0318,0.015,0.0499,0.0467,0.0383,73.0,0.145,0.5967,0.068,0.13,0.0,0.0,0.33,0.3,0.009,0.004646,0.000862,0.000785,0.001141,0.006448,0.002146,0.006081,0.653639,0.01175,-0.02365,0.01436,-0.01231,0.001259,-0.00436,0.0025999999999999977,0.3971,1.054,6.07,3
668,1,0,0,0.37,0.048,0.5656,0.025,74.0000202554444,0.04,0.0286,0.045,0.0365,0.02335,0.013,0.0318,0.015,0.049,0.0488,0.0311,73.5,0.0271,0.47,0.068,0.135,0.0,0.0,0.33,0.3,0.009,0.001165,0.005522,0.00628,0.009187,0.003438,0.003242,0.008172,0.626409,-0.00239,0.003125,-0.002675,0.001093,0.0004891,-0.00048645,0.001143571428571428,1.465,2.844,7.46,3
669,1,0,0,0.825,0.075,0.5656,0.25,73.49999998763374,0.04,0.0327,0.045,0.0365,0.026,0.014,0.0318,0.015,0.0441,0.2516,0.0336,72.0,0.14,0.6,0.068,0.135,0.0,0.0,0.33,0.3,0.009,0.001393,0.001026,0.005039,0.007169,0.00979,0.00060782,0.004265,0.701659,0.01286,-0.04001,0.01555,-0.01581,0.002126,-0.0045255,0.0030214285714285694,0.418,1.395,8.56,3
670,1,0,0,0.405,0.078,0.5656,0.04,75.00000349528622,0.0381,0.0254,0.0317,0.034,0.01735,0.0105,0.0286,0.015,0.0363,0.0193,0.0279,73.5,0.1314,0.58,0.068,0.13,0.0,0.0,0.33,0.3,0.0106,0.000561,0.001035,0.001925,0.002869,0.004781,0.002742,0.00087618,0.668844,0.03694,-0.07464,0.04485,-0.04119,0.00342,-0.014945,0.00778571428571429,0.1934,0.5293,2.59,3
673,0,0,1,0.31,0.001,0.5656,0.037,69.99997270451806,0.04,0.0286,0.045,0.0365,0.02335,0.0165,0.0318,0.015,0.0538,0.0577,0.0238,70.5,0.11,0.2577,0.068,0.13,0.0,0.0,0.33,0.3,0.009,0.000984,0.006382,0.001676,0.003009,0.00505,0.001912,0.00661,0.54445,-0.003572,0.003788,-0.003606,0.00147,0.0006355,-0.0007666,0.0021785714285714277,2.89,5.217,3.2,3
674,1,0,0,0.405,-0.163,0.5656,0.045,79.99997699027486,0.04,0.0286,0.045,0.0365,0.02335,0.013,0.0318,0.015,0.0542,0.0509,0.0307,81.0,0.1588,0.5169,0.068,0.12,0.0,0.0,0.33,0.3,0.009,0.001386,0.000902,0.000741,0.002213,0.00076084,0.001431,0.001273,0.606573,-0.008659,0.01063,-0.006374,0.005937,0.001212,-0.006554,0.0035714285714285744,0.8563,0.7172,2.64,3
675,1,0,0,0.31,0.0,0.5656,0.045,71.49997621217057,0.04,0.0331,0.045,0.048,0.02785,0.013,0.0318,0.015,0.0498,0.0558,0.0275,70.5,0.12,0.2058,0.068,0.13,0.0,0.0,0.33,0.3,0.009,0.000525,0.007169,0.00073,0.002702,0.003626,0.001397,0.004272,0.580124,-0.001125,0.001766,-0.001134,0.000744,0.0001722,-0.00071465,0.0006507142857142864,1.797,2.846,6.03,3
676,1,0,0,0.43,0.075,0.5656,0.035,74.0000202554444,0.04,0.0302,0.044,0.01905,0.02335,0.013,0.035,0.015,0.053,0.0358,0.0328,72.0,0.168,0.54,0.068,0.13,0.0,0.0,0.33,0.3,0.009,0.005438,0.008036,0.004816,0.005665,0.004309,0.004386,0.004677,0.67988,0.02221,-0.04822,0.0263,-0.02752,0.001367,-0.0100505,0.002992857142857137,0.2611,0.6826,7.93,3
677,1,0,0,0.32,-0.005,0.5656,0.07,72.99997971982306,0.04,0.0361,0.045,0.0545,0.02735,0.0215,0.035,0.015,0.0602,0.0702,0.0152,73.0,0.12,0.2402,0.068,0.13,0.0,0.0,0.33,0.3,0.009,0.006472,0.006973,0.001035,0.00813,0.001897,0.001252,0.002925,0.600054,-0.001038,0.001361,-0.001027,0.0006765,0.0001521,-0.0007126,0.0005714285714285714,2.888,2.782,7.3,3
678,0,0,1,0.405,0.07,0.5656,0.045,74.0000202554444,0.08,0.0286,0.045,0.1,0.02335,0.013,0.08,0.015,0.0769,0.0784,0.034,73.0,0.145,0.5444,0.068,0.12,0.0,0.0,0.33,0.3,0.009,0.006762,0.004753,0.000565,0.004041,0.001072,0.002625,0.004118,0.626145,0.0009601,-0.005472,0.001826,-0.001036,0.0003287,-0.0003295,0.0003228571428571429,0.8555,9.512,5.9,3
679,1,0,0,0.34,0.016,0.5656,0.045,71.49997621217057,0.04,0.0286,0.045,0.0365,0.02335,0.013,0.0318,0.015,0.0496,0.02,0.0346,72.5,0.1006,0.32,0.068,0.12,0.0,0.0,0.33,0.3,0.009,0.009143,0.004537,0.001039,0.003492,0.001798,0.006347,0.00083398,0.506601,0.02772,-0.04779,0.03289,-0.02274,0.001084,-0.0075055,0.0029071428571428525,0.2236,0.6813,4.36,3
680,1,0,0,0.405,0.07,0.5656,0.045,74.0000202554444,0.04,0.027,0.034,0.0365,0.02335,0.013,0.0286,0.015,0.0435,0.0476,0.0315,73.0,0.145,0.515,0.068,0.13,0.0,0.0,0.33,0.3,0.009,0.003089,0.000788,0.008018,0.009501,0.004694,0.00105,0.004325,0.650151,0.009955,-0.01954,0.0118,-0.01069,0.001063,-0.0037575,0.0026214285714285723,0.4731,1.309,6.74,3
681,0,0,1,0.40914,0.06,0.5656,0.045,74.0000202554444,0.04,0.0327,0.045,0.0365,0.026,0.021,0.041,0.015,0.0533,0.0522,0.0384,73.5,0.14,0.5072,0.068,0.13,0.0,0.0,0.33,0.3,0.009,0.003627,0.002498,0.000559,0.001835,0.002524,0.001219,0.004769,0.644576,0.02395,-0.04449,0.02806,-0.02274,0.00131,-0.0079235,0.0032642857142857135,0.6716,1.987,3.55,3
682,1,0,0,0.36,0.05,0.5656,0.09,74.49998322747555,0.04,0.027,0.04,0.0365,0.02335,0.013,0.0286,0.015,0.035,0.04,0.02,73.5,0.09,0.38,0.068,0.12,0.0,0.0,0.33,0.3,0.009,0.001511,0.005603,0.001141,0.00078457,0.002097,0.001476,0.008844,0.57794,-0.002137,0.003404,-0.00246,0.001504,0.0005543,-0.00092375,0.002689285714285713,1.098,0.8907,6.09,3
683,1,0,0,0.4,0.0616,0.5656,0.06,74.0000202554444,0.038,0.03025,0.038,0.0365,0.0254,0.016,0.0319,0.015,0.0403,0.0418,0.0309,74.0,0.1259,0.5921,0.068,0.12,0.0,0.0,0.33,0.3,0.009,0.001254,0.001864,0.002095,0.00074924,0.00188,0.002176,0.001615,0.640907,0.01786,-0.03242,0.02102,-0.01673,0.001168,-0.005877,0.002971428571428569,0.3252,0.9808,3.85,3
684,1,0,0,0.392,-0.008,0.5656,0.045,74.49998322747555,0.04,0.0286,0.045,0.0365,0.02335,0.013,0.0318,0.015,0.045,0.028,0.0369,74.5,0.1227,0.368,0.068,0.13,0.0,0.0,0.33,0.3,0.009,0.006826,0.004681,0.000984,0.005185,0.00514,0.002402,0.001558,0.65076,-0.006847,0.01112,-0.006641,0.006171,0.0007098,-0.006911499999999999,0.0024214285714285705,0.9123,0.7654,5.01,3
685,1,0,0,0.405,0.032,0.5656,0.045,74.0000202554444,0.04,0.0286,0.045,0.0365,0.02335,0.013,0.0318,0.015,0.0457,0.032,0.039,72.0,0.1386,0.552,0.068,0.13,0.0,0.0,0.33,0.3,0.009,0.000852,0.004698,0.007502,0.007691,0.00060428,0.00090484,0.008024,0.654289,-0.002227,0.004437,-0.002391,0.0024,0.0004827,-0.0026820000000000004,0.0015142857142857137,1.36,1.682,8.58,3
686,1,0,0,0.405,0.045,0.5656,0.045,74.0000202554444,0.04,0.0286,0.045,0.0365,0.02335,0.013,0.0318,0.015,0.0464,0.032,0.039,72.0,0.1266,0.552,0.068,0.13,0.0,0.0,0.33,0.3,0.009,0.003273,0.006149,0.001223,0.00063602,0.001324,0.00057328,0.0006793,0.66368,-0.01133,0.02178,-0.01226,0.01229,0.001268,-0.013485,0.00378571428571428,0.6769,0.5712,4.41,3
687,0,0,1,0.405,0.07,0.5656,0.068,74.0000202554444,0.04,0.0405,0.055,0.0505,0.02685,0.013,0.0318,0.015,0.0558,0.0603,0.0358,73.0,0.1374,0.5,0.068,0.13,0.0,0.0,0.33,0.3,0.003,0.001628,0.004763,0.009585,0.00092288,0.002004,0.002124,0.004493,0.647456,0.005288,-0.01031,0.006602,-0.00517,0.0007638,-0.001817,0.0018285714285714279,1.957,4.094,5.82,3
688,1,0,0,0.405,0.02,0.5656,0.045,74.0000202554444,0.04,0.0286,0.045,0.0365,0.02335,0.013,0.0318,0.015,0.0513,0.0564,0.0253,72.0,0.11,0.2964,0.068,0.13,0.0,0.0,0.33,0.3,0.009,0.004532,0.001857,0.003443,0.0005813,0.003493,0.005262,0.007562,0.60823,-0.002352,0.003982,-0.002575,0.001875,0.0008825,-0.001312,0.0043571428571428554,0.9404,0.7134,6.34,3
689,0,0,1,0.405,0.07,0.5656,0.218,74.0000202554444,0.04,0.0386,0.055,0.0535,0.03,0.013,0.0438,0.015,0.0555,0.194,0.0356,73.0,0.153,0.635,0.068,0.13,0.0,0.0,0.33,0.3,0.009,0.001937,0.000906,0.003167,0.002551,0.002867,0.00706,0.004121,0.655517,0.006669,-0.01377,0.008175,-0.007149,0.0008477,-0.002828,0.0018571428571428586,1.726,4.286,4.29,3
690,1,0,0,0.405,0.02,0.5656,0.045,74.0000202554444,0.04,0.0286,0.045,0.0365,0.02335,0.013,0.0318,0.015,0.0513,0.0564,0.0253,72.0,0.11,0.2964,0.068,0.13,0.0,0.0,0.33,0.3,0.009,0.002249,0.00916,0.000731,0.00073137,0.00055229,0.00099146,0.001003,0.60823,-0.00948,0.01429,-0.009768,0.006991,0.001047,-0.0056545,0.003335714285714288,0.6694,0.7816,4.15,3
691,0,0,1,0.405,0.07,0.5656,0.06,73.49999998763374,0.04,0.038,0.045,0.0485,0.02335,0.013,0.0318,0.015,0.0499,0.0491,0.0326,73.0,0.145,0.4991,0.068,0.13,0.0,0.0,0.33,0.3,0.009,0.00131,0.003317,0.006167,0.00054149,0.005799,0.00123,0.006077,0.642997,0.00593,-0.01198,0.007569,-0.006158,0.001122,-0.0021205,0.003078571428571428,1.48,1.961,5.32,3
692,1,0,0,0.45,0.07,0.5656,0.045,72.99997971982306,0.055,0.0286,0.045,0.0381,0.02335,0.013,0.0301,0.015,0.0495,0.0541,0.034,70.0,0.1634,0.575,0.068,0.135,0.0,0.0,0.33,0.3,0.009,0.004148,0.005144,0.002461,0.001405,0.005971,0.004328,0.001707,0.683374,0.01937,-0.04399,0.02396,-0.02354,0.001276,-0.0085025,0.0028785714285714326,0.3377,0.939,6.49,3
693,1,0,0,0.43365,0.0775,0.5656,0.045,72.99997971982306,0.04,0.0286,0.045,0.0365,0.02335,0.013,0.0318,0.015,0.0503,0.0482,0.05,73.0,0.145,0.5282,0.068,0.135,0.0,0.0,0.33,0.3,0.009,0.006068,0.000683,0.00127,0.00051072,0.007954,0.002454,0.002468,0.66062,0.01837,-0.03925,0.02295,-0.02014,0.002246,-0.006936,0.0057,0.3232,0.5787,4.76,3
694,1,0,0,0.39,-0.005,0.5656,0.06,72.99997971982306,0.04,0.0286,0.045,0.045,0.02335,0.016,0.03,0.015,0.053,0.04,0.033,74.0,0.11,0.44,0.068,0.12,0.0,0.0,0.33,0.3,0.009,0.000815,0.000608,0.000725,0.0033,0.003076,0.003261,0.00059073,0.655963,-0.01037,0.01647,-0.01011,0.008852,0.001806,-0.008935,0.004728571428571424,0.6517,0.5495,2.24,3
695,0,0,1,0.399,0.068,0.5656,0.045,72.99997971982306,0.04,0.0286,0.045,0.0365,0.02335,0.013,0.0318,0.015,0.0441,0.0398,0.0361,73.0,0.18,0.58,0.068,0.13,0.0,0.0,0.33,0.3,0.009,0.003811,0.00105,0.001677,0.00172,0.002702,0.004047,0.001794,0.663798,0.03734,-0.08146,0.04502,-0.04746,0.002848,-0.017855000000000003,0.007499999999999991,0.4736,1.273,2.36,3
696,0,0,1,0.40172,0.067,0.5656,0.1,72.99997971982306,0.04,0.0286,0.045,0.0365,0.02335,0.013,0.0318,0.015,0.0482,0.0278,0.0233,73.0,0.1695,0.56,0.068,0.13,0.0,0.0,0.33,0.3,0.009,0.000548,0.002041,0.000773,0.004916,0.001094,0.005159,0.001897,0.648404,0.03678,-0.07518,0.04365,-0.04199,0.001889,-0.015345,0.006214285714285709,0.5183,1.394,1.88,3
697,1,0,0,0.41,0.07,0.5656,0.045,73.49999998763374,0.04,0.0286,0.045,0.0365,0.02335,0.013,0.0318,0.015,0.0465,0.0319,0.0335,73.0,0.1185,0.5619,0.068,0.13,0.0,0.0,0.33,0.3,0.009,0.001431,0.004389,0.002438,0.002069,0.007344,0.00588,0.002149,0.650664,0.01603,-0.02949,0.01917,-0.0148,0.0009026,-0.0050945,0.002392857142857144,0.3764,1.095,5.46,3
698,1,0,0,0.3429,-0.0434,0.5656,0.033,71.00001324013941,0.04,0.0286,0.038,0.0365,0.02335,0.0165,0.0318,0.015,0.036,0.0292,0.0267,75.0,0.11,0.2512,0.068,0.13,0.0,0.0,0.33,0.3,0.009,0.002874,0.00076,0.002429,0.007725,0.004873,0.007296,0.001196,0.520176,-0.003681,0.003455,-0.003421,0.001181,0.0009354,-0.0005781499999999999,0.0025549999999999995,0.8895,1.75,3.24,3
699,1,0,0,0.425,0.07,0.5656,0.03,74.0000202554444,0.034,0.02545,0.032,0.0365,0.018,0.0135,0.029,0.015,0.032,0.0151,0.0262,73.0,0.1095,0.55,0.068,0.13,0.0,0.0,0.33,0.3,0.009,0.000655,0.002397,0.000779,0.002318,0.00424,0.001732,0.001227,0.656812,0.03352,-0.06376,0.03977,-0.03267,0.002196,-0.01132,0.005285714285714293,0.195,0.5623,2.76,3
700,1,0,0,0.405,0.01,0.5656,0.045,78.00001051059121,0.04,0.0286,0.045,0.049,0.0367,0.015,0.0318,0.015,0.0608,0.0484,0.0249,72.5,0.1098,0.2784,0.068,0.13,0.0,0.0,0.33,0.3,0.009,0.000765,0.006914,0.003347,0.002763,0.005275,0.00197,0.00095971,0.608407,-0.003612,0.005282,-0.003608,0.002351,0.0002326,-0.0017699999999999999,0.0007285714285714276,0.9235,1.394,7.25,3
701,1,0,0,0.37783,0.01,0.5656,0.045,73.49999998763374,0.04,0.0286,0.045,0.049,0.0367,0.015,0.0318,0.015,0.0633,0.0434,0.0256,66.6,0.0975,0.3134,0.068,0.13,0.0,0.0,0.33,0.3,0.009,0.00172,0.007861,0.004923,0.002386,0.00083857,0.001379,0.00142,0.589965,-0.002619,0.003287,-0.002617,0.001344,0.0001826,-0.00077625,0.0005878571428571428,1.084,2.479,7.53,3
702,1,0,0,0.3778,0.01,0.5656,0.045,73.49999998763374,0.04,0.0286,0.045,0.049,0.0367,0.015,0.0318,0.015,0.0587,0.0404,0.0262,72.1,0.11,0.2804,0.068,0.13,0.0,0.0,0.33,0.3,0.009,0.000974,0.008006,0.000719,0.006958,0.001833,0.00058215,0.00090815,0.622486,-0.004908,0.007219,-0.004933,0.003474,0.0001879,-0.0031095000000000003,0.0006642857142857125,0.9758,1.08,6.6,3
703,1,0,0,0.37896,0.01,0.5656,0.045,74.0000202554444,0.04,0.0286,0.045,0.0365,0.02335,0.013,0.0318,0.015,0.0513,0.0558,0.0255,73.0,0.11,0.3003,0.068,0.13,0.0,0.0,0.33,0.3,0.009,0.001732,0.005047,0.002903,0.00078171,0.00057077,0.003321,0.001179,0.606614,-0.005212,0.007619,-0.00536,0.00378,0.0008909,-0.003208,0.003271428571428572,0.9849,1.09,3.91,3
704,0,0,1,0.425,0.06,0.5656,0.045,72.99997971982306,0.04,0.0286,0.045,0.0365,0.02335,0.013,0.0318,0.015,0.0491,0.0472,0.0375,72.0,0.145,0.56,0.068,0.13,0.0,0.0,0.33,0.3,0.009,0.002279,0.005006,0.000868,0.00061453,0.001884,0.004586,0.001087,0.636699,0.05875,-0.1126,0.06964,-0.05664,0.002567,-0.0196,0.00685714285714285,0.4089,1.161,2.39,3
705,1,0,0,0.405,0.07,0.5656,0.045,74.0000202554444,0.04,0.0302,0.038,0.0365,0.02335,0.013,0.035,0.015,0.0407,0.023,0.0346,72.5,0.1546,0.593,0.068,0.13,0.0,0.0,0.33,0.3,0.007,0.005458,0.006354,0.001012,0.006028,0.006317,0.004499,0.003058,0.664889,0.01464,-0.03064,0.01742,-0.01719,0.0006351,-0.0062334999999999995,0.002021428571428567,0.3507,0.9521,6.81,3
706,0,0,1,0.405,0.07,0.5656,0.045,74.0000202554444,0.04,0.0286,0.045,0.0365,0.02335,0.013,0.0318,0.015,0.0499,0.049,0.034,73.0,0.145,0.515,0.068,0.135,0.0,0.0,0.33,0.3,0.009,0.003937,0.004983,0.00423,0.003835,0.00053226,0.00073701,0.00062977,0.653639,0.0398,-0.07649,0.047,-0.04143,0.00216,-0.014790000000000001,0.005857142857142853,0.5591,1.585,2.9,3
707,1,0,0,0.44,0.08,0.5656,0.045,73.49999998763374,0.04,0.0296,0.05,0.03755,0.02335,0.013,0.0318,0.015,0.0601,0.0487,0.0399,71.5,0.15,0.5487,0.068,0.13,0.0,0.0,0.33,0.3,0.009,0.002804,0.005408,0.001758,0.003451,0.003421,0.003838,0.006464,0.673644,0.00965,-0.0206,0.01186,-0.0107,0.0006569,-0.003739,0.0016857142857142863,0.4953,1.406,7.89,3
708,1,0,0,0.32,0.001,0.5656,0.045,74.0000202554444,0.04,0.0411,0.045,0.05,0.03285,0.019,0.0318,0.015,0.0482,0.0575,0.0241,73.0,0.12,0.2275,0.068,0.13,0.0,0.0,0.33,0.3,0.009,0.00908,0.000787,0.002078,0.00354,0.007663,0.005088,0.004743,0.598483,-0.0007876,0.001126,-0.0007975,0.0005789,0.0002289,-0.00064025,0.0007464285714285713,3.023,2.99,7.48,3
709,1,0,0,0.31861,0.005,0.5656,0.225,75.99998673512805,0.04,0.0286,0.045,0.0365,0.02335,0.014,0.0318,0.015,0.0422,0.0508,0.0379,75.5,0.285,0.63,0.068,0.12,0.0,0.0,0.33,0.3,0.009,0.005795,0.009227,0.001852,0.002756,0.001123,0.005711,0.001047,0.578632,-0.002342,0.00591,-0.002309,0.003682,0.000437,-0.0077375000000000005,0.0022214285714285747,0.7979,0.7776,5.27,3
710,1,0,0,0.39422,0.045,0.5656,0.075,75.50002376309689,0.04,0.0377,0.045,0.0365,0.035,0.019,0.0318,0.015,0.0611,0.0457,0.0423,75.5,0.1974,0.615,0.068,0.12,0.0,0.0,0.33,0.3,0.009,0.000918,0.002379,0.003016,0.002023,0.00050037,0.005808,0.004259,0.681461,-0.001961,0.004528,-0.002119,0.002785,0.0003549,-0.004196,0.0012428571428571467,1.729,1.099,6.99,3
711,1,0,0,0.405,0.0,0.5656,0.045,71.99999647998123,0.04,0.0286,0.045,0.0415,0.02335,0.013,0.0318,0.015,0.0568,0.0551,0.0262,71.0,0.11,0.2951,0.068,0.13,0.0,0.0,0.33,0.3,0.009,0.006028,0.000815,0.003438,0.003753,0.001165,0.001178,0.00055716,0.583162,-0.005734,0.007758,-0.005761,0.003221,0.001638,-0.0020945,0.003978571428571429,0.8878,1.164,3.14,3
712,1,0,0,0.39456,0.0,0.5656,0.045,72.50001674779189,0.04,0.0286,0.045,0.0365,0.02335,0.013,0.0318,0.015,0.0604,0.0487,0.0327,71.1,0.11,0.3547,0.068,0.135,0.0,0.0,0.33,0.3,0.009,0.005628,0.000904,0.008136,0.001819,0.001701,0.001721,0.00189,0.614459,-0.003944,0.005935,-0.004028,0.002801,0.001287,-0.002156,0.0032571428571428556,1.111,1.609,4.74,3
714,0,0,1,0.40706,0.08,0.5656,0.075,77.00002727074938,0.04,0.0377,0.06,0.0365,0.0325,0.0215,0.0318,0.015,0.0612,0.0614,0.0497,75.5,0.2,0.615,0.068,0.12,0.0,0.0,0.33,0.3,0.009,0.007742,0.005402,0.006457,0.00402,0.00088585,0.001873,0.00055472,0.671904,0.01667,-0.03815,0.02015,-0.02253,0.0009277,-0.0084735,0.0026785714285714308,0.7974,2.178,5.82,3
715,1,0,0,0.38,0.0,0.5656,0.02,69.99997270451806,0.04,0.0286,0.045,0.0365,0.02335,0.013,0.0318,0.015,0.0511,0.0231,0.0237,68.5,0.11,0.3,0.068,0.135,0.0,0.0,0.33,0.3,0.009,0.00111,0.000758,0.001543,0.001278,0.001715,0.002955,0.009033,0.622956,-0.002526,0.004311,-0.002725,0.00211,0.0009355,-0.00195,0.0025857142857142862,1.133,1.198,5.28,3
716,1,0,0,0.405,0.05,0.5656,0.07,74.0000202554444,0.04,0.027,0.0317,0.0349,0.02295,0.016,0.0286,0.015,0.0428,0.0443,0.0371,74.0,0.145,0.6543,0.068,0.13,0.0,0.0,0.33,0.3,0.009,0.00378,0.00097,0.008728,0.004532,0.0032,0.00052167,0.00052167,0.642232,-0.006839,0.01334,-0.007476,0.007483,0.002235,-0.008574499999999999,0.005535714285714283,0.82,0.8092,5.48,3
717,1,0,0,0.405,0.07,0.5656,0.15,74.0000202554444,0.04,0.0286,0.045,0.0365,0.02335,0.0165,0.0318,0.015,0.0499,0.049,0.034,73.0,0.145,0.515,0.068,0.13,0.0,0.0,0.33,0.3,0.009,0.002553,0.001101,0.001328,0.002161,0.004531,0.00739,0.008561,0.653639,0.009425,-0.01899,0.01147,-0.00984,0.0009083,-0.00353,0.0021,0.5008,1.241,6.64,3
718,1,0,0,0.42,0.06,0.5656,0.175,77.00002727074938,0.04,0.0286,0.045,0.0365,0.02335,0.015,0.0318,0.015,0.0472,0.0529,0.0357,70.0,0.1629,0.52,0.068,0.13,0.0,0.0,0.33,0.3,0.009,0.000521,0.006225,0.006678,0.002558,0.005285,0.00136,0.002777,0.636003,0.009825,-0.02,0.01164,-0.01027,0.0007433,-0.0036965,0.0021071428571428578,0.3467,1.385,6.98,3
719,1,0,0,0.43,0.07,0.5656,0.045,74.0000202554444,0.04,0.0286,0.045,0.0365,0.02335,0.013,0.0318,0.015,0.0469,0.0487,0.0349,72.0,0.145,0.5147,0.068,0.13,0.0,0.0,0.33,0.3,0.009,0.001952,0.002459,0.00378,0.002367,0.001247,0.003973,0.001277,0.675689,0.01899,-0.03944,0.02267,-0.02139,0.001302,-0.0076825,0.0033642857142857146,0.2698,0.8049,4.49,3
720,1,0,0,0.405,0.065,0.5656,0.035,74.0000202554444,0.04,0.0286,0.04,0.0365,0.0234,0.013,0.0318,0.015,0.0522,0.0215,0.039,72.0,0.0991,0.52,0.068,0.13,0.0,0.0,0.33,0.3,0.009,0.001591,0.003936,0.003856,0.004643,0.007469,0.001115,0.001468,0.635208,0.01511,-0.02481,0.0177,-0.01134,0.0009404,-0.0036414999999999998,0.0024357142857142837,0.3998,1.241,5.15,3
721,1,0,0,0.38625,0.047,0.5656,0.125,72.99997971982306,0.04,0.0286,0.034,0.0365,0.02335,0.0115,0.0298,0.015,0.04,0.0404,0.0357,75.0,0.1007,0.5704,0.068,0.12,0.0,0.0,0.33,0.3,0.009,0.001084,0.001326,0.000904,0.00642,0.0092,0.003608,0.00060916,0.583691,-0.01068,0.01602,-0.01164,0.007197,0.001632,-0.0051215,0.004164285714285715,0.5818,0.752,2.84,3
722,0,0,1,0.405,0.069,0.5656,0.045,72.99997971982306,0.04,0.0327,0.045,0.0365,0.03,0.0165,0.034,0.015,0.051,0.035,0.034,73.0,0.051,0.486,0.068,0.13,0.0,0.0,0.33,0.3,0.009,0.002155,0.005767,0.002108,0.00082307,0.003026,0.001156,0.007225,0.638412,0.01444,-0.02117,0.01719,-0.007927,0.0008521,-0.0022835,0.0030642857142857117,0.9695,2.06,4.49,3
723,1,0,0,0.43,0.07,0.5656,0.045,72.99997971982306,0.04,0.0286,0.045,0.0365,0.02335,0.013,0.0318,0.015,0.0494,0.0497,0.0332,71.0,0.1631,0.5157,0.068,0.135,0.0,0.0,0.33,0.3,0.009,0.001753,0.000503,0.000612,0.001047,0.003114,0.002366,0.004029,0.662963,0.01489,-0.03197,0.01822,-0.01734,0.001813,-0.0062900000000000005,0.003428571428571431,0.319,0.7721,4.12,3
724,1,0,0,0.4,0.065,0.5656,0.035,74.0000202554444,0.04,0.0286,0.04,0.0365,0.0234,0.013,0.0318,0.015,0.04,0.0215,0.025,72.0,0.0889,0.52,0.068,0.13,0.0,0.0,0.33,0.3,0.009,0.00084,0.001408,0.001738,0.001435,0.001562,0.001233,0.001271,0.628683,0.02032,-0.03244,0.024,-0.01478,0.001552,-0.004826499999999999,0.0037357142857142854,0.3205,0.9896,2.78,3
725,0,0,1,0.385,0.068,0.5656,0.16,82.99998400557985,0.04,0.0315,0.045,0.0365,0.0275,0.02,0.0318,0.015,0.0294,0.0112,0.0326,72.0,0.12,0.502,0.068,0.13,0.0,0.0,0.33,0.3,0.01,0.002115,0.008514,0.008818,0.007185,0.004194,0.001551,0.00203,0.695328,0.01976,-0.04064,0.02331,-0.02305,0.0008611,-0.0085865,0.002950000000000001,0.5654,2.256,4.98,3
726,0,0,1,0.38,0.0,0.5656,0.045,74.0000202554444,0.04,0.0286,0.05,0.0431,0.02335,0.013,0.0318,0.015,0.0534,0.0335,0.0276,70.0,0.112,0.3027,0.068,0.13,0.0,0.0,0.33,0.3,0.009,0.003304,0.003618,0.002233,0.001572,0.006055,0.00050073,0.005644,0.582144,-0.003185,0.00467,-0.003288,0.002054,0.000881,-0.0014125000000000001,0.0023928571428571428,1.812,4.377,3.64,3
727,0,0,1,0.3896,0.0,0.5656,0.045,72.50001674779189,0.04,0.0321,0.045,0.0501,0.037,0.0215,0.0318,0.015,0.0574,0.0394,0.0316,64.5,0.1104,0.3455,0.068,0.135,0.0,0.0,0.33,0.3,0.009,0.000826,0.005212,0.000785,0.004228,0.002667,0.004542,0.001613,0.5991,-0.00599,0.008288,-0.005873,0.003716,0.0003756,-0.003061,0.001171428571428572,2.649,3.418,3.51,3
729,1,0,0,0.385,-0.007,0.5656,0.055,75.00000349528622,0.04,0.0286,0.045,0.0365,0.02335,0.015,0.03,0.015,0.0446,0.0396,0.0338,73.0,0.1108,0.41,0.068,0.12,0.0,0.0,0.33,0.3,0.0112,0.006767,0.0043,0.001247,0.002653,0.00063463,0.002194,0.00904,0.653438,-0.003067,0.004943,-0.002976,0.002725,0.0005148,-0.0028795,0.0015214285714285718,1.564,1.388,7.58,3
730,1,0,0,0.445,0.06,0.5656,0.045,74.0000202554444,0.04,0.0286,0.045,0.0365,0.02335,0.013,0.0318,0.015,0.0334,0.0402,0.0239,69.5,0.09,0.393,0.068,0.135,0.0,0.0,0.33,0.3,0.009,0.001007,0.004966,0.00635,0.002937,0.001147,0.001209,0.001245,0.668694,0.01663,-0.03015,0.01922,-0.01482,0.00113,-0.0050155,0.0028071428571428514,0.3796,1.068,5.4,3
731,0,0,1,0.37,-0.01,0.5656,0.045,74.0000202554444,0.04,0.0286,0.049,0.0365,0.02335,0.013,0.0318,0.015,0.0519,0.0341,0.027,72.0,0.11,0.3001,0.068,0.13,0.0,0.0,0.33,0.3,0.009,0.003904,0.000752,0.006345,0.001681,0.00062724,0.002554,0.009585,0.60039,-0.003662,0.005588,-0.003789,0.002626,0.001489,-0.0021579999999999998,0.004157142857142856,1.792,3.252,3.69,3
732,1,0,0,0.398,0.06,0.5656,0.045,74.0000202554444,0.04,0.0286,0.045,0.0365,0.02335,0.013,0.0318,0.015,0.0492,0.0468,0.0385,73.0,0.1637,0.6068,0.068,0.12,0.0,0.0,0.33,0.3,0.009,0.001823,0.005732,0.006443,0.00051522,0.002734,0.0007077,0.002348,0.646371,0.01238,-0.02497,0.01483,-0.01356,0.0009672,-0.0048645,0.003407142857142857,0.4268,0.8424,6.72,3
733,0,0,1,0.405,0.0,0.5656,0.045,60.00002571454078,0.04,0.0286,0.045,0.0365,0.027,0.0165,0.03,0.015,0.0346,0.012,0.0212,74.0,0.1,0.312,0.068,0.135,0.0,0.0,0.33,0.3,0.009,0.001107,0.006068,0.002501,0.002439,0.002698,0.00050923,0.001148,0.552446,-0.01025,0.01279,-0.01016,0.005135,0.001189,-0.0029170000000000003,0.003428571428571428,1.44,2.642,2.69,3
734,1,0,0,0.405,0.07,0.5656,0.045,74.0000202554444,0.04,0.0286,0.036,0.0365,0.02285,0.013,0.0318,0.015,0.0477,0.0483,0.0353,73.0,0.185,0.58,0.0673,0.13,0.0,0.0,0.33,0.3,0.009,0.008421,0.000863,0.002564,0.002628,0.008335,0.001107,0.003119,0.654397,0.01273,-0.02786,0.01546,-0.01594,0.00128,-0.0059245,0.003050000000000002,0.3917,1.012,5.73,3
736,0,0,1,0.38,-0.08,0.5656,0.012,74.0000202554444,0.04,0.0286,0.045,0.0365,0.02335,0.013,0.0318,0.015,0.0297,0.017,0.0158,75.0,0.06,0.077,0.068,0.135,0.0,0.0,0.33,0.3,0.009,0.005829,0.002279,0.005661,0.00089105,0.005546,0.001741,0.00236,0.696279,-0.01042,0.02027,-0.007123,0.006554,0.001703,-0.0059900000000000005,0.005400000000000004,0.4619,0.7456,3.07,3
737,1,0,0,0.41,0.07,0.5656,0.045,74.49998322747555,0.04,0.0286,0.045,0.0365,0.02335,0.013,0.0318,0.015,0.0491,0.0484,0.0358,72.0,0.129,0.52,0.068,0.13,0.0,0.0,0.33,0.3,0.009,0.004026,0.005653,0.002091,0.001915,0.005363,0.00103,0.00092694,0.649534,0.02388,-0.04448,0.02847,-0.02276,0.001082,-0.007913,0.0029000000000000007,0.281,0.8162,5.32,3
738,1,0,0,0.4,0.07,0.5656,0.055,75.00000349528622,0.04,0.0256,0.035,0.0325,0.02335,0.013,0.0288,0.015,0.0499,0.049,0.034,73.0,0.1609,0.609,0.068,0.13,0.0,0.0,0.33,0.3,0.009,0.002901,0.009459,0.004633,0.009855,0.006171,0.009295,0.00073352,0.682346,0.0314,-0.06598,0.03665,-0.03862,0.001051,-0.01415,0.003142857142857151,0.1855,0.5712,6.83,3
739,0,0,1,0.42,0.01,0.5656,0.01,75.00000349528622,0.04,0.0307,0.045,0.0365,0.0275,0.0165,0.032,0.015,0.0496,0.01,0.0257,73.0,0.12,0.25,0.068,0.13,0.0,0.0,0.33,0.3,0.009,0.002281,0.00119,0.00719,0.00053441,0.005367,0.007942,0.002338,0.630125,-0.005854,0.009847,-0.006001,0.005005,0.001985,-0.0048465,0.008921428571428571,1.452,1.442,3.17,3
741,0,0,1,0.37883,0.0,0.5656,0.045,72.50001674779189,0.04,0.0286,0.045,0.0415,0.02335,0.013,0.0318,0.015,0.0531,0.0348,0.0263,72.0,0.105,0.3148,0.068,0.135,0.0,0.0,0.33,0.3,0.009,0.001673,0.000842,0.004582,0.001453,0.005212,0.00066845,0.001037,0.59414,-0.007847,0.01106,-0.008036,0.005026,0.002595,-0.0037135000000000002,0.006821428571428572,1.375,2.677,1.95,3
742,0,0,1,0.37883,0.0,0.5656,0.045,72.50001674779189,0.04,0.0286,0.045,0.0415,0.02335,0.013,0.0318,0.015,0.0531,0.0348,0.0263,72.0,0.105,0.3148,0.068,0.135,0.0,0.0,0.33,0.3,0.009,0.00064,0.008286,0.006872,0.00397,0.00155,0.003259,0.003202,0.59414,-0.004362,0.006276,-0.004377,0.002744,0.000863,-0.0019950000000000002,0.0025142857142857146,1.728,4.019,3.58,3
743,0,0,1,0.37883,0.0,0.5656,0.045,72.50001674779189,0.04,0.0286,0.045,0.0415,0.02335,0.013,0.0318,0.015,0.0531,0.0348,0.0263,72.0,0.105,0.3148,0.068,0.135,0.0,0.0,0.33,0.3,0.009,0.006892,0.002946,0.000765,0.001471,0.008824,0.005963,0.001598,0.59414,-0.009975,0.01353,-0.009915,0.006323,0.00153,-0.004581,0.004342857142857136,1.745,2.172,2.41,3
744,0,0,1,0.42,0.02,0.5656,0.045,72.99997971982306,0.04,0.0286,0.045,0.115,0.045,0.0265,0.04,0.015,0.08,0.0505,0.08,69.5,0.145,0.5005,0.068,0.135,0.0,0.0,0.33,0.3,0.009,0.004542,0.005343,0.000606,0.001548,0.004265,0.007524,0.005084,0.639902,-0.0004338,0.001015,-0.0004569,0.000313,0.000221,-0.00028845,0.0010292857142857141,3.252,8.117,10.13,3
745,1,0,0,0.63149,0.075,0.5656,0.15,73.49999998763374,0.04,0.0286,0.0318,0.0365,0.025,0.0165,0.0318,0.015,0.0421,0.225,0.033,72.0,0.0929,0.5,0.068,0.135,0.0,0.0,0.33,0.3,0.009,0.009578,0.005174,0.003278,0.008372,0.00091282,0.009425,0.007861,0.670802,0.01111,-0.02685,0.01337,-0.01034,0.0009355,-0.002917,0.001771428571428571,0.4289,1.48,11.02,3
746,0,0,1,0.42,0.01,0.5656,0.01,75.00000349528622,0.04,0.0307,0.045,0.0365,0.0275,0.0165,0.032,0.015,0.0496,0.01,0.0257,73.0,0.12,0.25,0.068,0.13,0.0,0.0,0.33,0.3,0.009,0.004354,0.000619,0.003767,0.00063509,0.00171,0.002415,0.001651,0.630125,-0.007806,0.01284,-0.0079,0.006568,0.002682,-0.0075014999999999995,0.009392857142857137,1.516,1.15,2.37,3
747,1,0,0,0.44,0.07,0.5656,0.045,72.99997971982306,0.04,0.0286,0.045,0.0365,0.024,0.013,0.0318,0.015,0.0482,0.0502,0.0329,70.0,0.1819,0.5162,0.068,0.135,0.0,0.0,0.33,0.3,0.009,0.003307,0.000797,0.004064,0.001988,0.001823,0.001291,0.0005929,0.662916,0.02176,-0.04807,0.02606,-0.02713,0.002532,-0.009982,0.005828571428571434,0.256,0.6692,3.98,3
748,1,0,0,0.405,0.078,0.5656,0.04,75.00000349528622,0.0381,0.0254,0.0317,0.034,0.01735,0.0105,0.0286,0.015,0.0363,0.0193,0.0279,73.5,0.1314,0.58,0.068,0.13,0.0,0.0,0.33,0.3,0.0106,0.00058,0.003825,0.002347,0.007971,0.00090154,0.002354,0.004176,0.668844,0.01568,-0.03207,0.01895,-0.01772,0.00125,-0.006315,0.003271428571428572,0.3375,0.9215,4.78,3
750,1,0,0,0.42377,0.06,0.5656,0.085,76.50000700293872,0.04,0.0409,0.045,0.0365,0.0325,0.0165,0.0318,0.015,0.0464,0.04,0.0377,75.0,0.2239,0.67,0.068,0.13,0.0,0.0,0.33,0.3,0.009,0.00134,0.005786,0.00235,0.002596,0.001067,0.001937,0.0009055,0.664455,0.01128,-0.02744,0.01315,-0.01669,0.0004629,-0.006419,0.001414285714285716,0.4178,1.09,6.93,3
752,0,0,1,0.38,0.02,0.5656,0.02,74.49998322747555,0.04,0.0459,0.045,0.03995,0.02335,0.014,0.0318,0.015,0.0488,0.0215,0.0283,69.0,0.125,0.2715,0.068,0.135,0.0,0.0,0.33,0.3,0.009,0.004549,0.000909,0.002989,0.001171,0.00143,0.001125,0.001119,0.582811,-0.002717,0.004642,-0.003126,0.002012,0.002146,-0.0016625,0.007692857142857141,2.797,2.973,2.12,3
753,1,0,0,0.38934,0.05,0.5656,0.045,75.50002376309689,0.04,0.027,0.0286,0.0286,0.02,0.013,0.0286,0.015,0.0361,0.0455,0.029,75.5,0.123,0.5955,0.068,0.13,0.0,0.0,0.33,0.3,0.009,0.009884,0.001321,0.00107,0.001045,0.00053013,0.00075309,0.006046,0.635345,-0.006445,0.01225,-0.007201,0.006837,0.001919,-0.007282,0.004957142857142858,0.744,0.6455,4.3,3
754,0,0,1,0.42595,0.1405,0.5656,0.045,79.99997699027486,0.04,0.0286,0.045,0.0365,0.02335,0.013,0.0318,0.015,0.0571,0.0551,0.025,75.5,0.1569,0.5555,0.068,0.13,0.0,0.0,0.33,0.3,0.009,0.000704,0.001775,0.002551,0.003167,0.004715,0.003864,0.008464,0.759345,0.02049,-0.05646,0.02913,-0.03426,0.001954,-0.013139999999999999,0.004428571428571434,0.7779,1.891,4.38,3
755,1,0,0,0.405,0.0,0.5656,0.045,69.59999086773723,0.04,0.0286,0.055,0.0465,0.02985,0.021,0.0318,0.015,0.0623,0.0421,0.0253,64.6,0.1229,0.3521,0.068,0.135,0.0,0.0,0.33,0.3,0.009,0.002188,0.008232,0.005611,0.002638,0.009641,0.00076979,0.00084534,0.575122,-0.003452,0.004422,-0.003396,0.0019,0.0003909,-0.001214,0.0011285714285714295,0.9171,1.741,8.01,3
756,0,0,1,0.405,0.06,0.5656,0.045,79.99997699027486,0.04,0.0286,0.045,0.0365,0.02335,0.013,0.0318,0.015,0.0493,0.0501,0.0347,73.0,0.145,0.5161,0.068,0.13,0.0,0.0,0.33,0.3,0.009,0.004434,0.004434,0.001089,0.007776,0.00078457,0.006299,0.00073998,0.644943,0.05639,-0.105,0.06466,-0.05642,0.00204,-0.019715,0.00592857142857141,0.3824,1.088,2.49,3
757,0,0,1,0.37378,0.0,0.5656,0.045,74.0000202554444,0.04,0.0286,0.05,0.0365,0.0247,0.01885,0.0318,0.015,0.0534,0.0355,0.026,72.0,0.116,0.3255,0.068,0.13,0.0,0.0,0.33,0.3,0.009,0.005004,0.002059,0.001592,0.001314,0.007027,0.008259,0.003752,0.608111,-0.006836,0.009633,-0.006753,0.004977,0.001318,-0.004464,0.00402857142857143,2.093,2.155,3.23,3
758,1,0,0,0.37378,0.0,0.5656,0.045,74.0000202554444,0.04,0.0286,0.055,0.0365,0.02335,0.013,0.0318,0.015,0.0542,0.0301,0.0275,72.5,0.11,0.3301,0.068,0.135,0.0,0.0,0.33,0.3,0.009,0.000989,0.009027,0.0009,0.00099437,0.007101,0.002392,0.00549,0.607357,-0.003188,0.004823,-0.003245,0.002327,0.0005874,-0.0018935000000000002,0.0020928571428571433,1.252,1.175,6.44,3
759,1,0,0,0.43,0.07,0.5656,0.045,75.00000349528622,0.04,0.0286,0.045,0.0365,0.02335,0.013,0.0318,0.015,0.0489,0.0503,0.0327,72.0,0.13,0.4803,0.068,0.13,0.0,0.0,0.33,0.3,0.009,0.000714,0.004148,0.004017,0.002541,0.003723,0.004017,0.003087,0.682968,0.0134,-0.02719,0.01602,-0.0144,0.0008786,-0.005107,0.0022857142857142855,0.3743,1.096,5.98,3
760,1,0,0,0.405,0.07,0.5656,0.045,74.0000202554444,0.04,0.0271,0.04,0.036,0.02335,0.013,0.0288,0.015,0.0403,0.046,0.0348,73.0,0.1661,0.606,0.068,0.13,0.0,0.0,0.33,0.3,0.009,0.000551,0.000584,0.00297,0.00097136,0.001626,0.001533,0.003864,0.665336,0.0131,-0.02906,0.01618,-0.01635,0.001725,-0.0060685,0.0034785714285714255,0.3482,0.8195,4.34,3
761,0,0,1,0.39,0.058,0.5656,0.045,75.00000349528622,0.04,0.0286,0.045,0.0365,0.02335,0.013,0.0318,0.015,0.0489,0.0313,0.0346,75.0,0.1281,0.6013,0.068,0.13,0.0,0.0,0.33,0.3,0.009,0.003212,0.001221,0.002779,0.003674,0.00337,0.002472,0.003254,0.647271,0.02419,-0.04329,0.02824,-0.02237,0.001913,-0.0078055,0.005035714285714285,0.7702,2.195,2.91,3
762,1,0,0,0.415,0.08,0.5656,0.045,74.49998322747555,0.04,0.0286,0.035,0.0365,0.02335,0.013,0.0318,0.015,0.0467,0.049,0.0335,73.0,0.1249,0.509,0.068,0.13,0.0,0.0,0.33,0.3,0.009,0.009241,0.000664,0.002673,0.001301,0.007185,0.00082458,0.00077772,0.664269,0.02576,-0.05048,0.03161,-0.02636,0.00273,-0.009291,0.005914285714285718,0.275,0.7891,3.73,3
763,0,0,1,0.39,0.058,0.5656,0.045,75.00000349528622,0.04,0.0286,0.045,0.0365,0.02,0.015,0.0318,0.015,0.0489,0.0313,0.0346,75.0,0.1281,0.6013,0.068,0.12,0.0,0.0,0.33,0.3,0.009,0.00819,0.000696,0.002304,0.001441,0.00090882,0.001409,0.001276,0.647271,0.04084,-0.07276,0.04788,-0.03767,0.004771,-0.013235,0.00992857142857142,0.5793,1.635,2.23,3
764,1,0,0,0.44,0.07,0.5656,0.045,72.99997971982306,0.04,0.0286,0.045,0.0365,0.024,0.013,0.0318,0.015,0.0482,0.0502,0.0329,70.0,0.1819,0.5162,0.068,0.135,0.0,0.0,0.33,0.3,0.009,0.00732,0.001639,0.007331,0.005384,0.00071315,0.00060406,0.00058024,0.662916,0.01802,-0.03951,0.02124,-0.02248,0.001687,-0.0082255,0.00425,0.2872,0.7581,5.34,3
765,1,0,0,0.38746,0.07,0.5656,0.045,77.49999024278054,0.04,0.0286,0.045,0.0365,0.02335,0.013,0.0318,0.015,0.05,0.0523,0.0347,76.0,0.1491,0.543,0.068,0.13,0.0,0.0,0.33,0.3,0.009,0.000507,0.004041,0.004916,0.00077261,0.004858,0.006176,0.004322,0.656213,0.009806,-0.01958,0.012,-0.01066,0.0008357,-0.0038715,0.0023785714285714282,0.4803,1.01,6.52,3
766,0,0,1,0.38063,0.01,0.5656,0.045,74.0000202554444,0.04,0.0336,0.055,0.0365,0.0337,0.02185,0.0318,0.015,0.0522,0.0345,0.0267,72.0,0.11,0.3405,0.068,0.135,0.0,0.0,0.33,0.3,0.009,0.000542,0.005355,0.007409,0.007409,0.002252,0.00061453,0.005292,0.628807,-0.003542,0.005456,-0.003583,0.00272,0.0004223,-0.002619,0.0014999999999999976,3.252,4.278,5.06,3
767,1,0,0,0.45,0.075,0.5656,0.045,73.49999998763374,0.04,0.0358,0.05,0.0429,0.02335,0.015,0.0348,0.015,0.0537,0.0527,0.0344,71.0,0.15,0.49,0.068,0.135,0.0,0.0,0.33,0.3,0.0123,0.006081,0.001425,0.001932,0.001128,0.00062816,0.00057202,0.00076642,0.671642,0.01594,-0.03391,0.0195,-0.01786,0.00184,-0.0063285,0.0038642857142857125,0.11,0.3508,4.14,3
768,0,0,1,0.48,0.05,0.5656,0.045,67.00002298499258,0.04,0.0352,0.045,0.0365,0.02335,0.013,0.0318,0.015,0.0423,0.0639,0.0349,65.0,0.1619,0.4439,0.068,0.13,0.0,0.0,0.33,0.3,0.009,0.005765,0.005335,0.002359,0.001014,0.006963,0.00071498,0.004623,0.628726,-0.004935,0.01134,-0.005756,0.00592,0.001878,-0.0059015000000000005,0.004449999999999996,1.835,2.0,4.48,3
769,1,0,0,0.445,0.07,0.5656,0.045,71.99999647998123,0.04,0.0286,0.045,0.0365,0.02335,0.013,0.0318,0.015,0.0428,0.0231,0.0332,71.0,0.128,0.5531,0.068,0.135,0.0,0.0,0.33,0.3,0.009,0.006424,0.006086,0.001138,0.002899,0.00651,0.00089562,0.002068,0.645509,0.01893,-0.03682,0.02256,-0.01815,0.0009398,-0.006154,0.0024428571428571446,0.3084,0.818,6.22,3
770,1,0,0,0.415,0.08,0.5656,0.045,74.49998322747555,0.04,0.0286,0.035,0.0365,0.02335,0.013,0.0318,0.015,0.0465,0.049,0.0335,73.0,0.1256,0.509,0.068,0.13,0.0,0.0,0.33,0.3,0.009,0.007227,0.004798,0.00134,0.001018,0.00272,0.007185,0.00051635,0.666715,0.0407,-0.08002,0.04978,-0.0421,0.001451,-0.0149,0.0038571428571428485,0.1847,0.4796,4.36,3
772,1,0,0,0.46,0.061,0.5656,0.045,71.99999647998123,0.04,0.0286,0.036,0.0365,0.02335,0.013,0.0318,0.015,0.038,0.017,0.03,72.0,0.1514,0.596,0.068,0.13,0.0,0.0,0.33,0.3,0.009,0.007232,0.00127,0.002985,0.00080609,0.00083124,0.004058,0.004923,0.682362,0.01262,-0.02821,0.01509,-0.01524,0.001518,-0.0054835000000000005,0.0030642857142857117,0.3588,0.893,6.15,3
773,0,0,1,0.37898,0.0,0.5656,0.045,74.0000202554444,0.04,0.0286,0.045,0.0365,0.02335,0.013,0.0318,0.015,0.052,0.0294,0.0272,72.5,0.1,0.3184,0.068,0.13,0.0,0.0,0.33,0.3,0.009,0.007913,0.005442,0.005442,0.00052396,0.00869,0.004512,0.003742,0.603527,-0.005646,0.008278,-0.005798,0.003879,0.001403,-0.0025795,0.007550000000000001,1.512,1.033,3.77,3
774,1,0,0,0.405,0.07,0.5656,0.045,74.0000202554444,0.04,0.0286,0.045,0.0365,0.02335,0.015,0.0318,0.015,0.0496,0.0492,0.0289,73.0,0.145,0.5152,0.068,0.13,0.0,0.0,0.33,0.3,0.009,0.006144,0.004848,0.00201,0.00065347,0.00912,0.003071,0.00705,0.651454,0.009599,-0.01871,0.01166,-0.009968,0.0008142,-0.003534,0.0025571428571428585,0.4797,0.8626,8.56,3
775,0,0,1,0.38023,0.0,0.5656,0.045,74.0000202554444,0.04,0.0271,0.055,0.0365,0.0227,0.0165,0.031,0.015,0.0536,0.0366,0.0227,72.0,0.11,0.2956,0.068,0.13,0.0,0.0,0.33,0.3,0.009,0.003825,0.009726,0.001929,0.003463,0.00055961,0.00078572,0.009173,0.60788,-0.004623,0.006575,-0.004601,0.003248,0.0008677,-0.00275,0.002614285714285714,2.094,3.345,4.37,3
777,1,0,0,0.44,0.065,0.5656,0.045,72.99997971982306,0.04,0.0286,0.036,0.0365,0.02335,0.013,0.0286,0.015,0.0478,0.0485,0.0345,72.0,0.1174,0.5535,0.068,0.13,0.0,0.0,0.33,0.3,0.009,0.000766,0.001224,0.001621,0.00084164,0.002842,0.002197,0.003898,0.694876,0.017,-0.03507,0.02045,-0.01802,0.001642,-0.0063245,0.0031499999999999966,0.3421,0.7934,4.41,3
778,1,0,0,0.405,0.067,0.5656,0.045,74.0000202554444,0.04,0.0254,0.0318,0.0365,0.02335,0.013,0.0286,0.015,0.0385,0.0191,0.0331,73.0,0.1611,0.5891,0.068,0.13,0.0,0.0,0.33,0.3,0.009,0.004395,0.00328,0.001849,0.00088975,0.003709,0.001279,0.006737,0.661904,0.01131,-0.02406,0.01368,-0.01352,0.0008807,-0.0050175,0.002007142857142857,0.4329,0.994,6.98,3
779,1,0,0,0.405,0.07,0.5656,0.045,74.0000202554444,0.04,0.0286,0.036,0.0365,0.0235,0.013,0.0286,0.015,0.0477,0.0483,0.0353,73.0,0.185,0.54,0.0673,0.13,0.0,0.0,0.33,0.3,0.009,0.00116,0.001074,0.008059,0.00083124,0.001771,0.00347,0.004064,0.654397,0.009529,-0.02109,0.01176,-0.01208,0.001336,-0.0044919999999999995,0.0033857142857142827,0.3975,0.8068,6.07,3
780,1,0,0,0.43,0.0425,0.5656,0.032,68.00000622483442,0.055,0.027,0.042,0.0159,0.017,0.0135,0.0286,0.015,0.025,0.035,0.035,68.0,0.1038,0.38,0.068,0.135,0.0,0.0,0.33,0.3,0.009,0.001238,0.001298,0.00541,0.00070614,0.002558,0.004926,0.002588,0.700604,-0.0122,0.02467,-0.01282,0.01353,0.006454,-0.01585,0.02485714285714287,0.1154,0.2275,3.68,3
781,1,0,0,0.43,0.0375,0.5656,0.035,67.49998595702374,0.055,0.027,0.042,0.0365,0.017,0.017,0.0286,0.015,0.03,0.04,0.04,67.5,0.1522,0.45,0.068,0.135,0.0,0.0,0.33,0.3,0.009,0.001897,0.00087,0.000758,0.002383,0.00064728,0.006529,0.00077148,0.68661,-0.01182,0.02613,-0.01255,0.01601,0.003862,-0.021065,0.008357142857142837,0.615,0.4491,2.33,3
782,0,0,1,0.441,0.06,0.5656,0.045,72.99997971982306,0.04,0.0286,0.045,0.0365,0.02335,0.013,0.0318,0.015,0.0474,0.0482,0.0357,71.5,0.15,0.55,0.068,0.13,0.0,0.0,0.33,0.3,0.009,0.001162,0.008994,0.00112,0.00069437,0.005954,0.003621,0.009288,0.688211,0.02281,-0.04979,0.0273,-0.02683,0.001783,-0.009666000000000001,0.004157142857142864,0.7782,1.937,5.07,3
783,1,0,0,0.405,0.07,0.5656,0.045,74.0000202554444,0.04,0.0286,0.045,0.0365,0.02335,0.013,0.0318,0.015,0.0499,0.049,0.034,73.0,0.145,0.515,0.068,0.13,0.0,0.0,0.33,0.3,0.009,0.001122,0.000727,0.001853,0.001557,0.00060782,0.00060428,0.002655,0.653639,0.015,-0.02941,0.01817,-0.01565,0.001555,-0.005601999999999999,0.0034857142857142834,0.3411,0.9295,3.41,3
784,1,0,0,0.40504,0.07,0.5656,0.046,74.0000202554444,0.04,0.0286,0.045,0.0365,0.01785,0.013,0.0318,0.015,0.0508,0.0463,0.0389,74.5,0.145,0.6263,0.068,0.12,0.0,0.0,0.33,0.3,0.009,0.005414,0.003307,0.000673,0.00065875,0.003038,0.002151,0.007838,0.654299,0.01072,-0.02174,0.01325,-0.0113,0.001394,-0.003922,0.003799999999999999,0.4396,0.648,6.71,3
785,0,0,1,0.405,0.07,0.5656,0.045,78.00001051059121,0.04,0.0286,0.045,0.0365,0.02335,0.013,0.0318,0.015,0.0518,0.0501,0.0339,73.0,0.145,0.5161,0.068,0.13,0.0,0.0,0.33,0.3,0.009,0.001526,0.001047,0.004402,0.001159,0.001149,0.00053715,0.006968,0.635631,0.01484,-0.02823,0.01808,-0.01441,0.002075,-0.005041,0.004899999999999999,1.047,2.316,3.36,3
786,1,0,0,0.398,0.06,0.5656,0.045,72.99997971982306,0.04,0.0286,0.045,0.0365,0.02335,0.013,0.0318,0.015,0.0498,0.0466,0.0385,73.0,0.1608,0.6066,0.068,0.12,0.0,0.0,0.33,0.3,0.009,0.005603,0.002197,0.000946,0.004231,0.001196,0.003764,0.00077544,0.640165,0.0317,-0.06127,0.03688,-0.03324,0.001247,-0.011859999999999999,0.0037142857142857238,0.1954,0.5471,3.82,3
787,1,0,0,0.38,0.06,0.5656,0.045,74.0000202554444,0.04,0.0286,0.036,0.0349,0.017,0.013,0.0318,0.015,0.0439,0.047,0.0368,73.0,0.18,0.577,0.068,0.13,0.0,0.0,0.33,0.3,0.009,0.006059,0.001377,0.002937,0.00635,0.005591,0.001093,0.006586,0.598013,0.007873,-0.01498,0.009367,-0.008092,0.001082,-0.0028745000000000003,0.0024071428571428573,0.5286,1.449,6.59,3
788,0,0,1,0.405,0.07,0.5656,0.045,78.49997348262237,0.04,0.0286,0.045,0.0365,0.02335,0.013,0.0318,0.015,0.0546,0.058,0.0257,71.5,0.1,0.358,0.068,0.135,0.0,0.0,0.33,0.3,0.009,0.00343,0.001088,0.000803,0.004335,0.003884,0.003907,0.008118,0.647608,0.01889,-0.03189,0.02253,-0.015,0.001743,-0.0049394999999999994,0.003921428571428571,0.8255,2.477,3.34,3
789,1,0,0,0.42,0.07,0.5656,0.045,73.49999998763374,0.04,0.0254,0.0318,0.0365,0.0222,0.01375,0.0286,0.015,0.038,0.1589,0.034,71.5,0.1,0.6899,0.068,0.13,0.0,0.0,0.33,0.3,0.009,0.001039,0.003853,0.003509,0.005102,0.001442,0.009599,0.00136,0.655294,0.02334,-0.0447,0.02796,-0.02122,0.001166,-0.006985,0.0031571428571428545,0.266,0.7981,4.76,3
790,1,0,0,0.405,0.078,0.5656,0.04,75.00000349528622,0.0381,0.0254,0.0317,0.034,0.01735,0.0105,0.0286,0.015,0.0363,0.0193,0.0279,73.5,0.1314,0.58,0.068,0.13,0.0,0.0,0.33,0.3,0.0106,0.005902,0.003264,0.002199,0.00059203,0.00095237,0.006015,0.001771,0.668844,0.02631,-0.05351,0.03242,-0.02942,0.002613,-0.01069,0.006000000000000003,0.2562,0.4678,3.74,3
791,1,0,0,0.405,0.07,0.5656,0.045,74.0000202554444,0.04,0.0286,0.045,0.0365,0.02335,0.013,0.0318,0.015,0.056,0.0507,0.0313,73.0,0.1529,0.4907,0.068,0.13,0.0,0.0,0.33,0.3,0.009,0.002859,0.006958,0.002793,0.00077092,0.00145,0.001876,0.006797,0.607615,0.007254,-0.01308,0.00884,-0.00641,0.0007021,-0.00216,0.00237142857142857,0.5537,1.032,7.26,3
792,1,0,0,0.37,0.04,0.5656,0.045,79.99997699027486,0.04,0.0286,0.045,0.0365,0.02335,0.013,0.0318,0.015,0.0432,0.0226,0.035,73.5,0.1,0.5,0.068,0.12,0.0,0.0,0.33,0.3,0.009,0.000588,0.003663,0.000656,0.00097778,0.00102,0.00093443,0.006557,0.620366,-0.0031,0.005225,-0.003378,0.002622,0.0006704,-0.0022475,0.0021071428571428578,1.389,1.172,5.07,3
793,1,0,0,0.405,0.07,0.5656,0.045,74.0000202554444,0.04,0.0286,0.045,0.0365,0.02335,0.013,0.0318,0.015,0.0499,0.049,0.034,73.0,0.145,0.515,0.068,0.13,0.0,0.0,0.33,0.3,0.009,0.000997,0.002427,0.007291,0.005906,0.004357,0.005132,0.006958,0.653639,0.007724,-0.01514,0.009236,-0.008087,0.0006369,-0.0028555,0.001778571428571429,0.5087,1.548,7.94,3
794,1,0,0,0.38,0.06,0.5656,0.045,74.0000202554444,0.04,0.0286,0.045,0.0365,0.02335,0.013,0.0318,0.015,0.0484,0.0491,0.0334,74.0,0.1625,0.5151,0.068,0.12,0.0,0.0,0.33,0.3,0.009,0.00105,0.005825,0.002861,0.004106,0.006605,0.009007,0.002251,0.668389,0.01446,-0.02872,0.01684,-0.01675,0.0006364,-0.0062655,0.0021928571428571427,0.349,0.9794,6.14,3
795,1,0,0,0.38,0.06,0.5656,0.045,74.0000202554444,0.04,0.0286,0.045,0.0365,0.02335,0.013,0.0318,0.015,0.0484,0.0491,0.0334,74.0,0.1596,0.5151,0.068,0.12,0.0,0.0,0.33,0.3,0.009,0.0022,0.002957,0.001814,0.00086283,0.001952,0.00319,0.00294,0.665861,0.01511,-0.02997,0.01793,-0.01725,0.000931,-0.0064755,0.002450000000000003,0.3169,0.8245,4.77,3
796,1,0,0,0.38,0.06,0.5656,0.045,74.0000202554444,0.04,0.0286,0.045,0.0365,0.02335,0.013,0.0318,0.015,0.0484,0.0491,0.0334,74.0,0.1596,0.5151,0.068,0.12,0.0,0.0,0.33,0.3,0.009,0.001662,0.000726,0.00137,0.008961,0.001777,0.006144,0.004694,0.665861,0.0117,-0.02312,0.01358,-0.01343,0.0009558,-0.004919,0.0025285714285714295,0.4296,1.139,4.9,3
797,1,0,0,0.28,-0.03,0.5656,0.11,71.99999647998123,0.04,0.0286,0.045,0.0365,0.02335,0.013,0.0318,0.015,0.038,0.035,0.03,73.0,0.3344,0.551,0.068,0.135,0.0,0.0,0.33,0.3,0.009,0.001222,0.000968,0.002527,0.004413,0.001074,0.008021,0.008265,0.54199,-0.0004255,0.001374,-0.0004616,0.00086,0.0002888,-0.002495,0.0015999999999999986,1.687,1.478,5.61,3
798,1,0,0,0.405,0.065,0.5656,0.015,72.50001674779189,0.04,0.0286,0.045,0.0365,0.02335,0.013,0.0318,0.015,0.048,0.0129,0.0348,71.0,0.13,0.48,0.068,0.13,0.0,0.0,0.33,0.3,0.009,0.004044,0.009529,0.000513,0.0005662,0.001544,0.001087,0.006514,0.623492,0.01019,-0.01814,0.01226,-0.008758,0.0007664,-0.0029155,0.0029357142857142846,0.4572,0.6898,6.98,3
799,1,0,0,0.408,0.068,0.5656,0.015,72.50001674779189,0.04,0.0286,0.045,0.0365,0.02335,0.013,0.0318,0.015,0.0489,0.0125,0.0357,71.0,0.115,0.48,0.068,0.13,0.0,0.0,0.33,0.3,0.009,0.001472,0.001713,0.00122,0.001118,0.007618,0.001213,0.001199,0.612835,0.02174,-0.03599,0.02599,-0.01625,0.001529,-0.0052794999999999995,0.0037928571428571378,0.2869,0.8932,3.44,3
800,1,0,0,0.405,0.065,0.5656,0.03,74.49998322747555,0.04,0.0286,0.045,0.0365,0.02335,0.013,0.0318,0.015,0.0497,0.0275,0.0386,71.0,0.11,0.5,0.068,0.13,0.0,0.0,0.33,0.3,0.009,0.004483,0.005062,0.001877,0.003249,0.003273,0.00591,0.008747,0.629472,0.008183,-0.01385,0.00969,-0.006395,0.0005706,-0.0020895,0.0014928571428571456,0.5508,1.664,7.8,3
801,0,0,1,0.355,0.024,0.5656,0.055,74.0000202554444,0.04,0.0286,0.042,0.0365,0.0235,0.0165,0.0318,0.015,0.0477,0.0572,0.0185,71.0,0.115,0.285,0.068,0.13,0.0,0.0,0.33,0.3,0.009,0.000943,0.006505,0.003186,0.001515,0.004244,0.00067583,0.001067,0.602763,-0.00848,0.01184,-0.00881,0.006265,0.001371,-0.006376,0.004614285714285713,1.817,1.792,2.5,3
802,1,0,0,0.435,0.03,0.5656,0.3,73.49999998763374,0.0508,0.0286,0.0381,0.03805,0.02335,0.0145,0.0286,0.015,0.035,0.3,0.03,72.0,0.135,0.715,0.068,0.135,0.0,0.0,0.33,0.3,0.009,0.005273,0.000541,0.00063,0.001985,0.00055189,0.001768,0.001343,0.669628,-0.009211,0.01934,-0.009626,0.011,0.002449,-0.011775,0.005214285714285712,0.7458,0.6235,3.94,3
803,1,0,0,0.4195,0.07,0.5656,0.045,74.0000202554444,0.04,0.0327,0.045,0.0365,0.02335,0.0165,0.0408,0.015,0.0577,0.0655,0.0273,73.0,0.1,0.3155,0.068,0.13,0.0,0.0,0.33,0.3,0.009,0.008148,0.006757,0.00291,0.00291,0.003677,0.005474,0.005043,0.657948,0.008692,-0.01522,0.01034,-0.007118,0.0006491,-0.0023505,0.0015642857142857142,0.4172,0.423,7.96,3
804,1,0,0,0.37,0.016,0.5656,0.045,71.49997621217057,0.04,0.0286,0.045,0.0365,0.02335,0.013,0.0318,0.015,0.06,0.04,0.0346,72.5,0.1006,0.34,0.068,0.12,0.0,0.0,0.33,0.3,0.009,0.003221,0.001115,0.007318,0.007138,0.001861,0.001872,0.00094405,0.512452,0.01583,-0.02744,0.01859,-0.01306,0.001646,-0.0042585,0.004035714285714282,0.3541,0.9939,4.54,3
805,1,0,0,0.405,0.07,0.5656,0.045,74.0000202554444,0.04,0.0286,0.045,0.0365,0.02335,0.013,0.0318,0.015,0.0499,0.051,0.0309,73.0,0.145,0.451,0.068,0.135,0.0,0.0,0.33,0.3,0.009,0.002423,0.001197,0.001657,0.001657,0.00050367,0.002748,0.001183,0.653639,0.02268,-0.0434,0.02714,-0.02354,0.001649,-0.008487,0.004228571428571419,0.2598,0.7684,2.99,3
806,1,0,0,0.37,0.001,0.5656,0.045,72.50001674779189,0.04,0.0446,0.045,0.053,0.02535,0.024,0.0318,0.015,0.0638,0.0638,0.0328,69.6,0.145,0.2638,0.068,0.13,0.0,0.0,0.33,0.3,0.009,0.001727,0.003542,0.00069,0.001492,0.00058944,0.002811,0.00058258,0.585327,-0.003274,0.004584,-0.003232,0.002257,0.0005481,-0.0020729999999999998,0.0018285714285714279,1.241,0.8102,3.42,3
807,1,0,0,0.405,0.07,0.5656,0.045,74.0000202554444,0.04,0.0286,0.045,0.0365,0.02335,0.013,0.0318,0.015,0.0499,0.049,0.034,73.0,0.145,0.515,0.068,0.13,0.0,0.0,0.33,0.3,0.009,0.009445,0.001037,0.003814,0.004467,0.00066116,0.00077885,0.003403,0.653639,0.011,-0.02141,0.01317,-0.01146,0.00106,-0.0040685,0.0026499999999999983,0.4431,1.235,5.13,3
808,1,0,0,0.435,0.065,0.5656,0.3,74.0000202554444,0.0508,0.0286,0.0381,0.03805,0.02335,0.0145,0.0286,0.015,0.037,0.3,0.022,72.0,0.1,0.715,0.068,0.135,0.0,0.0,0.33,0.3,0.009,0.005212,0.004937,0.002849,0.001786,0.00323,0.001259,0.003896,0.697527,0.01422,-0.02857,0.01713,-0.01452,0.0009384,-0.005084,0.0020857142857142897,0.402,1.146,7.89,3
809,1,0,0,0.405,0.065,0.5656,0.1,75.50002376309689,0.04,0.0286,0.045,0.0365,0.02335,0.013,0.0318,0.015,0.0502,0.0491,0.0338,73.5,0.145,0.5151,0.068,0.12,0.0,0.0,0.33,0.3,0.009,0.000592,0.002366,0.001083,0.003065,0.00069031,0.004844,0.005414,0.652442,0.01106,-0.0216,0.01317,-0.01133,0.0007398,-0.004033,0.002057142857142857,0.4259,1.179,4.89,3
810,1,0,0,0.381,0.007,0.5656,0.048,71.32997963435524,0.04,0.0292,0.045,0.0365,0.025,0.019,0.03,0.015,0.0507,0.0423,0.0213,70.33,0.111,0.307,0.068,0.13,0.0,0.0,0.33,0.3,0.009,0.007821,0.009,0.006046,0.002316,0.001175,0.009,0.001876,0.62112,-0.003505,0.004998,-0.003501,0.002637,0.0005393,-0.0025545,0.0017214285714285706,1.018,1.216,7.43,3
811,1,0,0,0.37,0.03,0.5656,0.048,72.99997971982306,0.045,0.0277,0.04,0.0365,0.0205,0.015,0.0318,0.015,0.05,0.2,0.035,74.0,0.17,0.66,0.068,0.135,0.0,0.0,0.33,0.3,0.009,0.003445,0.000591,0.008347,0.001546,0.002605,0.00174,0.004411,0.61649,-0.002255,0.005661,-0.002735,0.002833,0.001379,-0.0031295,0.0029357142857142846,1.251,1.186,7.12,3
812,1,0,0,0.412,0.072,0.5656,0.045,72.99997971982306,0.04,0.0286,0.045,0.0365,0.02335,0.013,0.0318,0.015,0.0506,0.049,0.0335,73.0,0.15,0.515,0.068,0.13,0.0,0.0,0.33,0.3,0.009,0.005906,0.006797,0.001231,0.002109,0.003967,0.006797,0.004357,0.649436,0.01216,-0.02401,0.01467,-0.01275,0.0006933,-0.004547000000000001,0.001899999999999998,0.3943,1.04,6.96,3
813,1,0,0,0.295,0.0,0.5656,0.029,73.49999998763374,0.04,0.0286,0.045,0.0365,0.023,0.016,0.0318,0.015,0.0327,0.0269,0.0249,72.5,0.1099,0.2269,0.068,0.135,0.0,0.0,0.33,0.3,0.0112,0.009133,0.006659,0.000551,0.001171,0.00196,0.00060119,0.006777,0.535687,-0.001612,0.001861,-0.001618,0.0008114,0.0003348,-0.00055145,0.0018635714285714288,1.72,1.377,5.56,3
814,0,0,1,0.405,0.07,0.5656,0.045,74.0000202554444,0.04,0.0286,0.045,0.0365,0.02335,0.013,0.0318,0.015,0.0499,0.049,0.034,73.0,0.145,0.515,0.068,0.13,0.0,0.0,0.33,0.3,0.009,0.002681,0.002121,0.008439,0.001843,0.00070614,0.001182,0.003195,0.653639,0.02024,-0.03948,0.02439,-0.02108,0.001876,-0.0075505,0.004821428571428567,0.8175,2.245,3.48,3
815,1,0,0,0.288,0.0,0.5656,0.029,71.00001324013941,0.04,0.0315,0.045,0.0425,0.023,0.016,0.0318,0.015,0.05,0.043,0.0183,71.0,0.1059,0.203,0.068,0.135,0.0,0.0,0.33,0.3,0.0112,0.00291,0.000946,0.001253,0.003853,0.002777,0.00076642,0.001238,0.526197,-0.002316,0.002081,-0.002334,0.0005909,0.0006235,-0.00021236,0.0018691428571428568,1.184,2.933,2.61,3
816,1,0,0,0.44,0.0642,0.5656,0.045,72.50001674779189,0.04,0.0358,0.05,0.0429,0.02335,0.015,0.0348,0.015,0.0593,0.0628,0.0336,71.0,0.1206,0.4948,0.073,0.135,0.0,0.0,0.33,0.3,0.0123,0.005657,0.00918,0.002625,0.007896,0.00074815,0.00053598,0.001908,0.683168,0.01043,-0.0203,0.01216,-0.01031,0.0006888,-0.0034745,0.0019500000000000014,0.5309,1.556,7.53,3
817,0,0,1,0.39,0.0,0.5656,0.045,68.00000622483442,0.04,0.0327,0.055,0.055,0.033,0.019,0.033,0.015,0.07,0.03,0.0227,70.5,0.135,0.37,0.068,0.13,0.0,0.0,0.33,0.3,0.009,0.000642,0.001445,0.002687,0.00108,0.003761,0.005189,0.001167,0.599454,-0.004424,0.006603,-0.00445,0.003182,0.0008672,-0.002657,0.0025571428571428555,2.207,2.897,2.46,3
818,1,0,0,0.415,0.051,0.5656,0.045,72.99997971982306,0.04,0.0358,0.05,0.0429,0.02335,0.015,0.0348,0.015,0.0595,0.0543,0.0389,71.0,0.1014,0.4,0.073,0.135,0.0,0.0,0.33,0.3,0.0123,0.000507,0.001013,0.0006,0.00088845,0.002081,0.002452,0.002081,0.64712,-0.00423,0.008139,-0.004911,0.003903,0.001375,-0.003153,0.0029285714285714266,0.3529,0.6444,2.95,3
819,0,0,1,0.381,0.007,0.5656,0.048,71.32997963435524,0.04,0.0292,0.045,0.0365,0.025,0.019,0.03,0.015,0.0507,0.0423,0.0213,70.33,0.111,0.307,0.068,0.13,0.0,0.0,0.33,0.3,0.009,0.000809,0.000765,0.001681,0.006345,0.00089628,0.006867,0.007029,0.62112,-0.005027,0.007912,-0.005213,0.003952,0.001378,-0.003724,0.0036000000000000034,2.792,2.927,2.83,3
820,0,0,1,0.381,0.007,0.5656,0.048,71.32997963435524,0.04,0.0292,0.045,0.0365,0.025,0.019,0.03,0.015,0.0512,0.0427,0.0209,70.33,0.111,0.307,0.068,0.13,0.0,0.0,0.33,0.3,0.009,0.001499,0.004205,0.001502,0.00062885,0.008181,0.00051579,0.009909,0.621318,-0.004929,0.007711,-0.005104,0.00399,0.001117,-0.003579,0.005457142857142856,1.754,1.389,4.27,3
821,1,0,0,0.35885,0.0,0.5656,0.026,71.00001324013941,0.04,0.0286,0.045,0.0365,0.033,0.02,0.0318,0.02,0.0378,0.025,0.0237,73.0,0.1,0.23,0.068,0.13,0.0,0.0,0.33,0.3,0.02,0.007107,0.005265,0.003496,0.00064918,0.002512,0.001658,0.001519,0.588773,-0.003934,0.004926,-0.003864,0.002476,0.0003024,-0.002182,0.0018142857142857134,0.8282,1.024,6.59,3
822,0,0,1,0.327,-0.001,0.5656,0.055,74.0000202554444,0.04,0.0286,0.042,0.0365,0.0235,0.0165,0.03,0.015,0.0529,0.0508,0.0215,71.0,0.115,0.28,0.068,0.135,0.0,0.0,0.33,0.3,0.009,0.000699,0.000625,0.004347,0.007612,0.00098352,0.00346,0.00076923,0.586646,-0.007785,0.009756,-0.007932,0.004729,0.002414,-0.0045284999999999995,0.007492857142857146,2.207,2.197,1.58,3
823,0,0,1,0.405,0.07,0.5656,0.045,74.0000202554444,0.04,0.0286,0.045,0.0365,0.02335,0.013,0.0318,0.015,0.0499,0.049,0.034,73.0,0.145,0.515,0.068,0.13,0.0,0.0,0.33,0.3,0.009,0.004247,0.003794,0.001902,0.001735,0.00053598,0.001908,0.004457,0.653639,0.0224,-0.0437,0.02697,-0.0233,0.001498,-0.008336,0.003971428571428578,0.7467,1.958,3.3,3
824,0,0,1,0.367,-0.024,0.5656,0.045,73.49999998763374,0.04,0.0286,0.045,0.0365,0.021375,0.013,0.0318,0.015,0.0465,0.0298,0.0373,73.5,0.1201,0.3658,0.068,0.13,0.0,0.0,0.33,0.3,0.009,0.009411,0.001072,0.003183,0.005591,0.002758,0.00086094,0.002011,0.631065,-0.008318,0.01251,-0.007998,0.006781,0.001984,-0.0072915,0.005821428571428569,1.898,2.034,2.33,3
825,1,0,0,0.405,0.07,0.5656,0.045,74.0000202554444,0.04,0.027,0.0318,0.0365,0.02335,0.013,0.0286,0.015,0.0369,0.0198,0.027,72.5,0.1704,0.5898,0.068,0.13,0.0,0.0,0.33,0.3,0.009,0.001573,0.000721,0.005945,0.002874,0.003491,0.003723,0.001967,0.640411,0.01381,-0.02864,0.01661,-0.01618,0.00153,-0.005973,0.003928571428571429,0.379,1.07,4.71,3
826,1,0,0,0.395,0.062,0.5656,0.045,74.0000202554444,0.04,0.0252,0.028,0.025,0.02335,0.013,0.027,0.015,0.0344,0.0141,0.0282,77.0,0.155,0.5741,0.068,0.12,0.0,0.0,0.33,0.3,0.009,0.004566,0.009214,0.009432,0.005506,0.0006245,0.00080786,0.001148,0.627298,0.02715,-0.05118,0.03123,-0.02882,0.001129,-0.01046,0.0032857142857142876,0.229,0.636,6.63,3
827,0,0,1,0.39147,0.02,0.5656,0.045,74.0000202554444,0.04,0.0286,0.045,0.0365,0.024,0.0165,0.0318,0.015,0.052,0.0388,0.0308,73.0,0.1104,0.3048,0.068,0.135,0.0,0.0,0.33,0.3,0.009,0.007275,0.000954,0.000965,0.002465,0.003405,0.00055189,0.002059,0.628744,-0.0115,0.01802,-0.01179,0.009289,0.002266,-0.008555,0.0061714285714285725,1.702,1.748,2.25,3
828,1,0,0,0.42043,-0.035,0.5656,0.045,72.99997971982306,0.04,0.0277,0.045,0.035,0.024,0.02,0.0318,0.015,0.04,0.0134,0.0208,73.0,0.1,0.22,0.073,0.135,0.0,0.0,0.33,0.3,0.009,0.000718,0.005462,0.000621,0.00082157,0.00075364,0.0005527,0.00072764,0.675219,-0.01653,0.02614,-0.01521,0.01435,0.001161,-0.017230000000000002,0.003857142857142873,0.3242,0.2126,3.36,3
829,0,0,1,0.33451,-0.06,0.5656,0.016,60.00002571454078,0.04,0.0307,0.045,0.028,0.035,0.0165,0.03,0.015,0.026,0.018,0.014,74.0,0.1,0.098,0.068,0.135,0.0,0.0,0.33,0.3,0.009,0.004008,0.007009,0.00087,0.005795,0.008065,0.005355,0.00076754,0.598824,-0.01362,0.01633,-0.01185,0.007884,0.0003943,-0.01239,0.0017142857142857185,1.668,0.8383,3.42,3
830,1,0,0,0.405,0.07,0.5656,0.045,74.0000202554444,0.04,0.0286,0.045,0.0365,0.02335,0.013,0.0318,0.015,0.0541,0.0509,0.0309,73.0,0.145,0.5169,0.068,0.13,0.0,0.0,0.33,0.3,0.009,0.002002,0.001407,0.007076,0.006453,0.00249,0.001363,0.00375,0.671837,0.01036,-0.02056,0.01233,-0.0113,0.0009074,-0.0040375,0.0024357142857142837,0.4312,1.227,6.44,3
831,1,0,0,0.4,0.045,0.5656,0.025,74.0000202554444,0.04,0.0254,0.0318,0.0365,0.01725,0.0112,0.0286,0.012,0.038,0.02,0.0289,73.0,0.1234,0.56,0.068,0.13,0.0,0.0,0.33,0.3,0.013,0.000534,0.005761,0.005386,0.001028,0.00058471,0.003009,0.00094474,0.640753,-0.006674,0.01298,-0.007477,0.007126,0.002319,-0.007565499999999999,0.005349999999999991,0.9257,0.7643,3.84,3
832,1,0,0,0.45,0.07,0.5656,0.04,72.99997971982306,0.0381,0.0254,0.0318,0.034,0.02125,0.0109,0.0286,0.016,0.0369,0.0289,0.0451,73.0,0.1293,0.5589,0.068,0.13,0.0,0.0,0.33,0.3,0.0106,0.001129,0.000609,0.002547,0.009726,0.00553,0.001423,0.001998,0.637918,0.0215,-0.0432,0.02543,-0.0214,0.002347,-0.007025,0.004928571428571425,0.2714,0.8023,3.72,3
833,1,0,0,0.385,0.01,0.5656,0.045,71.00001324013941,0.04,0.0286,0.045,0.0365,0.02335,0.013,0.0318,0.015,0.0493,0.0454,0.0374,79.0,0.1359,0.5954,0.068,0.13,0.0,0.0,0.33,0.3,0.009,0.002044,0.005954,0.001117,0.006625,0.001267,0.006792,0.00323,0.622982,-0.004092,0.006898,-0.004136,0.003679,0.0005107,-0.0037225,0.001778571428571429,1.132,1.012,5.57,3
834,1,0,0,0.42,0.075,0.5656,0.045,72.99997971982306,0.04,0.0254,0.0317,0.0317,0.02335,0.013,0.0286,0.015,0.0509,0.0316,0.0385,73.0,0.1842,0.6316,0.068,0.12,0.0,0.0,0.33,0.3,0.009,0.001211,0.001382,0.006649,0.003726,0.001266,0.00059856,0.00080198,0.672883,0.02962,-0.06724,0.03566,-0.03876,0.001999,-0.01436,0.00542857142857143,0.2248,0.6208,4.34,3
835,0,0,1,0.4673,0.03,0.5656,0.045,74.0000202554444,0.04,0.0377,0.045,0.051,0.035,0.025,0.0318,0.02,0.0579,0.0474,0.0325,73.0,0.12,0.4,0.073,0.135,0.0,0.0,0.33,0.3,0.009,0.009,0.007821,0.002484,0.009,0.003786,0.00068579,0.003786,0.765063,-0.003641,0.007978,-0.003829,0.004513,0.0004056,-0.0055865,0.0013499999999999994,4.428,2.801,8.19,3
836,1,0,0,0.4673,0.03,0.5656,0.045,74.0000202554444,0.04,0.0377,0.045,0.051,0.035,0.025,0.0318,0.02,0.0579,0.0474,0.0325,73.0,0.12,0.38,0.073,0.135,0.0,0.0,0.33,0.3,0.009,0.000532,0.007227,0.004073,0.001131,0.00356,0.007442,0.006392,0.765063,-0.001374,0.003242,-0.001463,0.001803,0.0002425,-0.0022175,0.0006214285714285702,1.637,1.416,13.46,3
837,0,0,1,0.38002,0.0,0.5656,0.045,74.0000202554444,0.04,0.0286,0.045,0.0365,0.0297,0.018,0.0318,0.015,0.0513,0.0358,0.0257,72.5,0.11,0.2918,0.068,0.135,0.0,0.0,0.33,0.3,0.009,0.000911,0.002521,0.002165,0.00789,0.006698,0.002987,0.001271,0.610195,-0.01069,0.01483,-0.01057,0.00726,0.001022,-0.006556,0.0033857142857142888,1.274,1.833,2.53,3
838,1,0,0,0.405,0.07,0.5656,0.045,74.0000202554444,0.04,0.0286,0.045,0.0365,0.02335,0.013,0.0318,0.015,0.0499,0.049,0.034,73.0,0.145,0.515,0.068,0.13,0.0,0.0,0.33,0.3,0.009,0.000679,0.000689,0.001197,0.004848,0.00073459,0.00073459,0.002057,0.653639,0.01805,-0.03523,0.02159,-0.01884,0.00151,-0.006676,0.0037714285714285697,0.3132,0.8739,2.98,3
839,1,0,0,0.405,0.07,0.5656,0.045,75.50002376309689,0.04,0.0286,0.045,0.0365,0.02335,0.013,0.0318,0.015,0.056,0.0507,0.035,71.5,0.1323,0.4907,0.068,0.13,0.0,0.0,0.33,0.3,0.009,0.002789,0.00816,0.008526,0.006438,0.001226,0.001129,0.008065,0.609021,0.005725,-0.009705,0.006808,-0.004533,0.0004872,-0.0014659999999999999,0.001371428571428572,0.6835,2.073,9.08,3
840,1,0,0,0.42529,0.07,0.5656,0.045,74.30002095697489,0.04,0.0286,0.0317,0.0365,0.02335,0.013,0.0286,0.015,0.0417,0.0358,0.0352,72.0,0.124,0.5658,0.068,0.13,0.0,0.0,0.33,0.3,0.009,0.003026,0.001573,0.009319,0.009953,0.001318,0.007434,0.005392,0.634843,0.008206,-0.01535,0.009694,-0.007625,0.0008261,-0.0025125,0.0020785714285714288,0.5525,1.622,7.42,3
841,1,0,0,0.48469,0.02,0.5656,0.045,74.0000202554444,0.04,0.0407,0.045,0.0365,0.045,0.035,0.05,0.02,0.06,0.0603,0.0313,73.0,0.1,0.2603,0.068,0.135,0.0,0.0,0.33,0.3,0.009,0.000539,0.000822,0.009156,0.002239,0.009924,0.006809,0.00053461,0.760333,-0.003738,0.008054,-0.003796,0.003825,0.0007354,-0.004070000000000001,0.0017285714285714287,0.8205,1.02,8.75,3
842,1,0,0,0.415,0.035,0.5656,0.04,72.99997971982306,0.04,0.0327,0.04,0.035,0.0225,0.013,0.0286,0.015,0.04,0.06,0.025,71.0,0.1102,0.425,0.068,0.135,0.0,0.0,0.33,0.3,0.009,0.002673,0.004219,0.000507,0.001054,0.001429,0.002851,0.008665,0.642715,-0.003569,0.00674,-0.003934,0.003532,0.0008757,-0.0034015,0.0022214285714285686,1.043,0.8825,6.39,3
843,1,0,0,0.45,0.08,0.5656,0.07,71.99999647998123,0.04,0.0286,0.045,0.0365,0.02335,0.013,0.0318,0.015,0.0496,0.0471,0.0396,72.0,0.18,0.6571,0.068,0.13,0.0,0.0,0.33,0.3,0.009,0.000661,0.001053,0.00274,0.008232,0.003555,0.001116,0.001586,0.659463,0.01747,-0.04079,0.02132,-0.02225,0.00154,-0.007864,0.003971428571428572,0.3183,0.884,4.44,3
845,0,0,1,0.386,0.02,0.5656,0.045,79.99997699027486,0.04,0.0286,0.045,0.0365,0.02335,0.013,0.0318,0.015,0.048,0.0493,0.0343,77.0,0.145,0.5153,0.068,0.12,0.0,0.0,0.33,0.3,0.009,0.00214,0.005269,0.007936,0.001626,0.00055391,0.00083428,0.003688,0.655608,-0.005282,0.009943,-0.005461,0.005769,0.001295,-0.007065500000000001,0.0037500000000000016,2.453,2.452,3.9,3
846,1,0,0,0.425,0.07,0.5656,0.16,73.49999998763374,0.04,0.0254,0.0286,0.0286,0.02335,0.013,0.0286,0.015,0.0369,0.0095,0.024,72.5,0.2,0.605,0.068,0.13,0.0,0.0,0.33,0.3,0.009,0.001705,0.003074,0.000633,0.001776,0.002035,0.00063509,0.001965,0.673717,0.04322,-0.1056,0.05215,-0.06294,0.001437,-0.02422,0.004285714285714284,0.1337,0.328,3.67,3
847,0,0,1,0.43,0.035,0.5656,0.16,72.99997971982306,0.04,0.0292,0.045,0.0365,0.022,0.021,0.0318,0.015,0.0493,0.035,0.0212,70.5,0.19,0.475,0.068,0.135,0.0,0.0,0.33,0.3,0.008,0.003465,0.0041,0.006194,0.006406,0.002779,0.008799,0.009384,0.674201,-0.003226,0.009035,-0.003602,0.004663,0.00111,-0.00676,0.0033714285714285665,1.098,2.259,5.74,3
848,1,0,0,0.405,0.034,0.5656,0.045,72.99997971982306,0.04,0.03765,0.045,0.0425,0.02335,0.013,0.0349,0.015,0.0527,0.0288,0.0415,72.0,0.243,0.5788,0.068,0.13,0.0,0.0,0.33,0.3,0.009,0.000713,0.000987,0.002207,0.003209,0.00060384,0.007133,0.001435,0.646166,-0.001861,0.004977,-0.002113,0.003076,0.001052,-0.005001,0.0028857142857142844,1.567,0.8978,3.72,3
849,0,0,1,0.46142,0.02,0.5656,0.045,72.99997971982306,0.04,0.038,0.045,0.045,0.03,0.025,0.038,0.015,0.036,0.1,0.0228,73.0,0.1,0.5,0.068,0.135,0.0,0.0,0.33,0.3,0.009,0.001429,0.001067,0.000601,0.001294,0.00057035,0.00186,0.009797,0.725766,-0.003864,0.008714,-0.004082,0.004602,0.001203,-0.0056505,0.002635714285714282,3.04,2.342,4.98,3
850,1,0,0,0.405,0.005,0.5656,0.045,71.49997621217057,0.04,0.0286,0.045,0.0365,0.02835,0.018,0.0318,0.015,0.047,0.0495,0.0273,69.0,0.125,0.3155,0.068,0.13,0.0,0.0,0.33,0.3,0.009,0.006581,0.007663,0.005458,0.004999,0.001703,0.005426,0.005363,0.636982,-0.002434,0.003889,-0.002421,0.002117,0.0003296,-0.0022744999999999996,0.0010928571428571422,1.157,1.493,9.55,3
851,1,0,0,0.405,0.07,0.5656,0.045,74.0000202554444,0.04,0.0286,0.045,0.0365,0.02335,0.013,0.0318,0.015,0.0499,0.049,0.034,73.0,0.145,0.515,0.068,0.13,0.0,0.0,0.33,0.3,0.009,0.001736,0.009783,0.000568,0.004891,0.002137,0.002931,0.001504,0.653639,0.02401,-0.04647,0.02843,-0.02505,0.000806,-0.008884,0.0025428571428571457,0.2358,0.6598,5.12,3
852,1,0,0,0.42,0.08,0.5656,0.045,74.0000202554444,0.035,0.0254,0.036,0.0365,0.02335,0.013,0.0286,0.015,0.0435,0.0462,0.0302,72.0,0.1066,0.5122,0.068,0.13,0.0,0.0,0.33,0.3,0.009,0.002878,0.000658,0.009934,0.002746,0.001692,0.003056,0.003455,0.665338,0.01294,-0.02466,0.01579,-0.01244,0.001504,-0.0042734999999999995,0.0031499999999999966,0.4128,1.193,5.62,3
853,1,0,0,0.3641,0.0,0.5656,0.045,74.0000202554444,0.04,0.0257,0.045,0.033,0.025,0.02,0.036,0.02,0.02,0.0374,0.02,73.0,0.1,0.2974,0.068,0.135,0.0,0.0,0.33,0.3,0.009,0.000852,0.000892,0.000832,0.009712,0.00372,0.001602,0.00084164,0.572221,-0.008807,0.0112,-0.00876,0.005495,0.001285,-0.005072,0.003671428571428575,0.5688,0.6158,2.59,3
854,1,0,0,0.405,0.07,0.5656,0.045,73.49999998763374,0.04,0.0271,0.04,0.036,0.02335,0.013,0.0288,0.015,0.0373,0.026,0.0348,73.0,0.1858,0.576,0.068,0.13,0.0,0.0,0.33,0.3,0.009,0.007725,0.000792,0.003087,0.006673,0.002636,0.00062862,0.002605,0.660332,0.0139,-0.03111,0.0166,-0.01847,0.001237,-0.0069169999999999995,0.003514285714285716,0.3351,0.9169,5.18,3
855,1,0,0,0.405,0.07,0.5656,0.045,73.49999998763374,0.04,0.0271,0.038,0.036,0.02335,0.013,0.0288,0.015,0.0373,0.02,0.0348,73.0,0.1858,0.56,0.068,0.13,0.0,0.0,0.33,0.3,0.009,0.000698,0.001621,0.009599,0.006011,0.00178,0.001376,0.001679,0.660332,0.01415,-0.03156,0.01685,-0.01881,0.001077,-0.0070895,0.003535714285714284,0.3295,0.9104,5.43,3
856,1,0,0,0.432,0.0625,0.5656,0.045,72.50001674779189,0.04,0.0286,0.045,0.0365,0.02335,0.015,0.0318,0.015,0.0401,0.0425,0.0303,72.5,0.18,0.6425,0.068,0.12,0.0,0.0,0.33,0.3,0.009,0.007201,0.008824,0.003637,0.00079323,0.008299,0.007003,0.00078975,0.67958,0.02494,-0.05775,0.02981,-0.03331,0.001327,-0.012445000000000001,0.0034999999999999936,0.2606,0.5178,8.09,3
857,0,0,1,0.39,0.025,0.5656,0.03,71.99999647998123,0.04,0.0446,0.045,0.053,0.02535,0.024,0.0318,0.015,0.045,0.0242,0.03,71.0,0.1,0.2742,0.068,0.13,0.0,0.0,0.33,0.3,0.009,0.000728,0.000866,0.001789,0.00091952,0.001462,0.0008891,0.00074161,0.621174,-0.004423,0.007489,-0.004797,0.003458,0.001899,-0.0030215,0.005678571428571429,2.416,2.986,1.6,3
859,1,0,0,0.445,0.073,0.5656,0.045,71.99999647998123,0.04,0.0254,0.0318,0.0365,0.0225,0.015,0.0286,0.015,0.0333,0.0238,0.0354,73.0,0.1608,0.5788,0.068,0.13,0.0,0.0,0.33,0.3,0.0101,0.007065,0.003999,0.000541,0.004247,0.00050848,0.006634,0.007328,0.650501,0.01072,-0.02392,0.013,-0.01278,0.0007019,-0.0045495,0.0019357142857142821,0.4079,1.134,7.26,3
860,0,0,1,0.37378,0.0,0.5656,0.045,74.0000202554444,0.04,0.0336,0.053,0.0365,0.03635,0.021,0.0318,0.015,0.0583,0.0359,0.031,73.0,0.11,0.3159,0.068,0.13,0.0,0.0,0.33,0.3,0.009,0.001718,0.00164,0.000599,0.002744,0.002944,0.00054587,0.002979,0.623598,-0.008882,0.01271,-0.00868,0.006416,0.0007018,-0.005672,0.002414285714285712,2.032,2.218,2.69,3
861,0,0,1,0.27671,0.01,0.5656,0.045,75.99998673512805,0.04,0.0367,0.045,0.0365,0.02335,0.02,0.0318,0.015,0.0486,0.0277,0.039,76.0,0.25,0.6227,0.068,0.13,0.0,0.0,0.33,0.3,0.009,0.001598,0.00876,0.00051,0.0008749,0.00065013,0.002083,0.003193,0.563266,-0.003204,0.006398,-0.003359,0.0043,0.000663,-0.008124,0.0033428571428571526,3.758,1.493,2.74,3
862,1,0,0,0.415,0.07,0.5656,0.045,72.99997971982306,0.04,0.0286,0.045,0.0365,0.02335,0.013,0.0318,0.015,0.0439,0.0202,0.033,72.0,0.1795,0.5852,0.068,0.13,0.0,0.0,0.33,0.3,0.009,0.00085,0.003157,0.00805,0.001096,0.008932,0.001692,0.004144,0.664566,0.009984,-0.02232,0.01218,-0.01279,0.0009391,-0.004793,0.002214285714285717,0.4089,1.028,8.11,4
863,0,0,1,0.327,-0.001,0.5656,0.055,74.0000202554444,0.04,0.0286,0.042,0.0365,0.0235,0.0165,0.0318,0.015,0.0523,0.0546,0.0226,71.0,0.115,0.3,0.068,0.13,0.0,0.0,0.33,0.3,0.009,0.001012,0.000557,0.003753,0.003438,0.005239,0.00789,0.007798,0.599064,-0.003552,0.005081,-0.003716,0.002582,0.001337,-0.002535,0.0034999999999999996,2.445,3.524,3.23,4
864,0,0,1,0.355,-0.001,0.5656,0.055,74.0000202554444,0.04,0.0286,0.042,0.0365,0.0235,0.0165,0.0318,0.015,0.0505,0.0537,0.024,69.5,0.115,0.3,0.068,0.13,0.0,0.0,0.33,0.3,0.009,0.000663,0.000542,0.008786,0.005446,0.003395,0.00067139,0.007702,0.570698,-0.003081,0.00452,-0.003322,0.001918,0.001376,-0.001408,0.003257142857142857,2.204,4.959,3.41,4
865,0,0,1,0.41,0.015,0.5656,0.2,69.99997270451806,0.04,0.05,0.045,0.0475,0.04,0.0215,0.04,0.015,0.0455,0.0534,0.03,65.1,0.0899,0.3534,0.068,0.13,0.0,0.0,0.33,0.3,0.009,0.00391,0.001827,0.00051,0.004687,0.00088975,0.001249,0.003581,0.610274,-0.003952,0.007922,-0.004054,0.002695,0.0004471,-0.001677,0.0012857142857142843,1.671,4.896,3.75,4
866,1,0,0,0.295,0.0,0.5656,0.029,73.49999998763374,0.04,0.0379,0.04,0.04245,0.0315,0.021,0.0318,0.015,0.0327,0.0269,0.033,72.5,0.0917,0.2269,0.068,0.135,0.0,0.0,0.33,0.3,0.0112,0.002117,0.002151,0.000982,0.009086,0.00059203,0.00089693,0.004228,0.535367,-0.001236,0.001268,-0.001233,0.00043,0.0001766,-0.00025795,0.0006407142857142856,1.95,3.563,4.84,4
867,0,0,1,0.295,0.0,0.5656,0.029,73.49999998763374,0.04,0.0429,0.04,0.04245,0.0315,0.021,0.0318,0.015,0.0327,0.0269,0.033,72.5,0.0917,0.2269,0.068,0.135,0.0,0.0,0.33,0.3,0.0112,0.002603,0.001708,0.003698,0.009655,0.001095,0.00097421,0.009,0.535367,-0.001083,0.001153,-0.001107,0.0003792,0.0003018,-0.00022955,0.001055,5.794,8.891,4.21,4
868,1,0,0,0.405,0.07,0.5656,0.045,74.0000202554444,0.04,0.0286,0.045,0.0365,0.02335,0.013,0.0318,0.015,0.055,0.0494,0.0333,73.0,0.145,0.5154,0.068,0.13,0.0,0.0,0.33,0.3,0.009,0.001382,0.000993,0.001374,0.00094474,0.008353,0.003314,0.006382,0.613077,0.008716,-0.01579,0.01066,-0.007613,0.001117,-0.002555,0.0030142857142857115,0.4886,0.9593,5.66,4
869,1,0,0,0.42,0.03,0.5656,0.045,71.99999647998123,0.04,0.0286,0.045,0.0365,0.02335,0.013,0.0318,0.015,0.0469,0.0512,0.0316,68.5,0.103,0.4,0.068,0.135,0.0,0.0,0.33,0.3,0.009,0.000618,0.003383,0.002306,0.00056289,0.002481,0.00066894,0.00050515,0.643233,-0.01001,0.01742,-0.01072,0.008763,0.001638,-0.0077015,0.005164285714285718,0.7468,0.6908,3.29,4
870,0,0,1,0.405,0.07,0.5656,0.045,74.49998322747555,0.04,0.0286,0.045,0.0365,0.02335,0.013,0.0318,0.015,0.0505,0.0488,0.0335,74.0,0.145,0.5148,0.068,0.13,0.0,0.0,0.33,0.3,0.009,0.008452,0.002855,0.001047,0.007009,0.006988,0.001798,0.004032,0.659632,0.02488,-0.04885,0.0295,-0.02656,0.001369,-0.009402,0.004171428571428567,0.6782,1.881,3.55,4
871,1,0,0,0.37,-0.001,0.5656,0.055,74.0000202554444,0.04,0.0286,0.042,0.0365,0.0235,0.0165,0.0318,0.015,0.0521,0.0489,0.023,69.5,0.115,0.3,0.068,0.13,0.0,0.0,0.33,0.3,0.009,0.000879,0.000773,0.000501,0.00477,0.00313,0.00203,0.001664,0.588225,-0.006154,0.008262,-0.006118,0.003922,0.001186,-0.003162,0.003300000000000001,0.8791,0.9924,2.54,4
872,0,0,1,0.36,-0.026,0.5656,0.045,71.99999647998123,0.04,0.0327,0.045,0.0365,0.035,0.024,0.033,0.015,0.07,0.0515,0.018,72.0,0.12,0.1515,0.068,0.13,0.0,0.0,0.33,0.3,0.009,0.00068,0.001388,0.002768,0.00068378,0.00051635,0.007355,0.0008441,0.508382,-0.008125,0.01052,-0.007986,0.004997,0.001139,-0.0041135,0.005078571428571427,2.164,2.298,1.88,4
873,1,0,0,0.44,0.085,0.5656,0.045,75.50002376309689,0.04,0.0286,0.0318,0.0286,0.02335,0.013,0.0286,0.015,0.0443,0.0462,0.0301,72.0,0.09,0.4462,0.068,0.135,0.0,0.0,0.33,0.3,0.009,0.005382,0.006406,0.004405,0.004259,0.00062222,0.005084,0.001285,0.680136,0.02429,-0.04644,0.02949,-0.02289,0.001388,-0.0076755,0.0033071428571428622,0.3014,0.8881,5.85,4
874,1,0,0,0.41,0.005,0.5656,0.045,71.00001324013941,0.04,0.0377,0.05,0.049,0.05,0.0215,0.0318,0.015,0.11,0.0401,0.0217,70.0,0.13,0.3851,0.068,0.135,0.0,0.0,0.33,0.3,0.009,0.000999,0.008347,0.003302,0.008214,0.007942,0.00092762,0.003341,0.618267,-0.00158,0.002181,-0.001577,0.0008796,7.486e-05,-0.0005468000000000001,0.00022571428571428577,2.208,3.397,13.88,4
875,1,0,0,0.35,0.000356,0.5656,0.045,72.61529585617222,0.04,0.0377,0.05,0.049,0.05,0.0215,0.0318,0.015,0.11,0.0401,0.0217,70.49592,0.13,0.3401,0.068,0.135,0.0,0.0,0.33,0.3,0.009,0.000784,0.003133,0.000818,0.001919,0.001329,0.003033,0.001329,0.628809,-0.00352,0.004502,-0.003429,0.002131,0.0001044,-0.0016324999999999998,0.0004499999999999993,1.439,1.569,6.27,4
876,0,0,1,0.345,-0.007,0.5656,0.05,78.00001051059121,0.04,0.0286,0.042,0.0365,0.0235,0.0165,0.0318,0.015,0.0543,0.0463,0.0217,73.5,0.115,0.2963,0.068,0.13,0.0,0.0,0.33,0.3,0.015,0.005542,0.001528,0.002439,0.002501,0.00393,0.00062222,0.005518,0.574455,-0.00432,0.005134,-0.0042,0.002475,0.001099,-0.0019010000000000001,0.003342857142857143,2.988,3.635,3.11,4
877,1,0,0,0.43,0.062,0.5656,0.045,73.59998112288406,0.04,0.0286,0.045,0.0365,0.02335,0.013,0.0318,0.015,0.0416,0.0169,0.054,72.0,0.1224,0.54,0.068,0.13,0.0,0.0,0.33,0.3,0.009,0.007753,0.002434,0.000513,0.001744,0.00062267,0.004194,0.00148,0.646153,0.02873,-0.05509,0.03397,-0.02674,0.00132,-0.009014999999999999,0.0033857142857142888,0.2272,0.6741,3.72,4
878,1,0,0,0.445,0.073,0.5656,0.045,71.99999647998123,0.04,0.0254,0.0318,0.0365,0.0225,0.015,0.0286,0.015,0.0333,0.0234,0.0361,73.0,0.1512,0.5884,0.068,0.13,0.0,0.0,0.33,0.3,0.0101,0.002777,0.003348,0.000822,0.00051484,0.001822,0.002249,0.004382,0.650501,0.01464,-0.03204,0.01799,-0.01681,0.001289,-0.0059045,0.0036357142857142907,0.3433,0.6374,5.42,4
879,0,0,1,0.48,0.03,0.5656,0.075,75.50002376309689,0.04,0.0316,0.025,0.0365,0.02335,0.013,0.0318,0.015,0.0899,0.056,0.0294,76.5,0.1588,0.592,0.068,0.13,0.0,0.0,0.33,0.3,0.009,0.005434,0.001604,0.000585,0.006514,0.00052167,0.007607,0.0022,0.693611,-0.01661,0.03424,-0.01743,0.01802,0.002776,-0.017875,0.006642857142857144,1.25,1.172,2.57,4
880,1,0,0,0.43,0.062,0.5656,0.045,71.99999647998123,0.04,0.0286,0.045,0.0365,0.02335,0.013,0.0318,0.015,0.041,0.0181,0.0256,72.0,0.1581,0.54,0.068,0.13,0.0,0.0,0.33,0.3,0.009,0.001106,0.004954,0.009539,0.001361,0.006627,0.00076783,0.008412,0.652475,0.007789,-0.01607,0.009267,-0.008718,0.000741,-0.003174,0.0017285714285714287,0.5103,1.236,9.89,4
881,0,0,1,0.295,0.0,0.5656,0.029,85.99999102088485,0.04,0.04,0.04,0.0425,0.0315,0.021,0.0318,0.015,0.0327,0.0269,0.033,72.5,0.1101,0.2269,0.068,0.135,0.0,0.0,0.33,0.3,0.0112,0.001044,0.007091,0.002194,0.00071341,0.002051,0.00098136,0.0005096,0.601819,-0.004601,0.005889,-0.004458,0.003051,0.0004038,-0.0039109999999999995,0.002942857142857143,2.543,2.162,2.66,4
882,0,0,1,0.295,0.0,0.5656,0.029,73.49999998763374,0.04,0.0354,0.04,0.03495,0.0315,0.021,0.0318,0.015,0.0327,0.0269,0.033,72.5,0.0917,0.2269,0.068,0.135,0.0,0.0,0.33,0.3,0.0112,0.005281,0.009978,0.003069,0.001501,0.007425,0.005258,0.006158,0.535367,-0.002568,0.002435,-0.002542,0.0009223,0.0002997,-0.00043155,0.001666428571428571,3.344,4.423,4.66,4
883,1,0,0,0.39,0.057,0.5656,0.08,74.49998322747555,0.04,0.0286,0.045,0.0365,0.02335,0.013,0.0318,0.015,0.0426,0.0266,0.0398,73.0,0.1457,0.5766,0.068,0.12,0.0,0.0,0.33,0.3,0.009,0.003183,0.002277,0.00158,0.009342,0.007491,0.001365,0.005526,0.636579,0.009778,-0.01837,0.01127,-0.009821,0.0005958,-0.0034175,0.0018642857142857137,0.4433,1.374,6.77,4
884,0,0,1,0.42,0.02,0.5656,0.09,72.36021504577998,0.04,0.0377,0.05,0.095,0.0375,0.0165,0.045,0.015,0.095,0.07,0.06,72.36023,0.15,0.42,0.068,0.13,0.0,0.0,0.33,0.3,0.009,0.00118,0.001718,0.001718,0.00059659,0.00082067,0.001773,0.006935,0.622581,-0.0002386,0.001273,-0.0003897,0.0003134,0.0002032,-0.00013591500000000002,0.0015226428571428572,1.748,1.35,7.23,4
885,0,0,1,0.42,0.034051,0.5656,0.09,74.28111334973558,0.04,0.0377,0.05,0.095,0.0375,0.0165,0.045,0.015,0.095,0.07,0.06,74.28109,0.15,0.42,0.068,0.13,0.0,0.0,0.33,0.3,0.009,0.001037,0.003036,0.006787,0.004667,0.008305,0.002319,0.004415,0.662147,-0.0005505,0.001643,-0.0006517,0.0005197,0.0003285,-0.0005107,0.0014442857142857144,1.471,5.633,7.96,4
886,0,0,1,0.405,0.07,0.5656,0.21,73.49999998763374,0.04,0.0302,0.045,0.0365,0.02335,0.013,0.035,0.015,0.0491,0.2043,0.0327,73.0,0.17,0.73,0.068,0.13,0.0,0.0,0.33,0.3,0.009,0.001715,0.005283,0.005283,0.00086758,0.005337,0.00057643,0.00050422,0.66147,0.0406,-0.08738,0.04929,-0.04886,0.002571,-0.01796,0.007000000000000011,0.5502,1.045,3.72,4
887,1,0,0,0.42,0.0,0.5656,0.045,71.00001324013941,0.04,0.0286,0.044,0.0365,0.02335,0.013,0.0309,0.015,0.0468,0.051,0.0324,66.0,0.1097,0.42,0.068,0.135,0.0,0.0,0.33,0.3,0.009,0.000864,0.000834,0.000541,0.00078228,0.00078228,0.007844,0.005923,0.63726,-0.004055,0.007411,-0.004297,0.00363,0.001336,-0.0030465,0.004149999999999999,1.178,0.7183,4.1,4
888,1,0,0,0.395,0.075,0.5656,0.145,72.99997971982306,0.04,0.0302,0.045,0.0365,0.02335,0.013,0.035,0.015,0.0539,0.0492,0.0333,74.0,0.1206,0.5281,0.068,0.12,0.0,0.0,0.33,0.3,0.009,0.00447,0.001867,0.000738,0.001837,0.001776,0.004148,0.00074705,0.699099,0.04439,-0.08684,0.05343,-0.04784,0.001584,-0.017419999999999998,0.004142857142857147,0.1742,0.4791,3.21,4
889,1,0,0,0.43,0.07,0.5656,0.045,72.99997971982306,0.04,0.027,0.036,0.0365,0.02335,0.013,0.0286,0.015,0.0315,0.0148,0.0244,72.0,0.175,0.5493,0.068,0.13,0.0,0.0,0.33,0.3,0.009,0.000638,0.002716,0.007948,0.004977,0.007431,0.003726,0.001211,0.661644,0.01647,-0.03647,0.01948,-0.02134,0.00113,-0.007983500000000001,0.0035071428571428575,0.2879,0.8168,5.94,4
890,0,0,1,0.3759,0.0,0.5656,0.045,74.0000202554444,0.04,0.0286,0.045,0.0365,0.0257,0.0165,0.0318,0.015,0.0491,0.0377,0.027,72.5,0.1,0.2977,0.068,0.135,0.0,0.0,0.33,0.3,0.009,0.002072,0.00136,0.009942,0.002276,0.00079381,0.002024,0.005223,0.627089,-0.004913,0.007326,-0.004942,0.00371,0.001235,-0.0033855,0.003578571428571426,2.052,2.974,3.56,4
891,1,0,0,0.405,0.07,0.5656,0.045,74.0000202554444,0.04,0.0286,0.045,0.0365,0.02335,0.013,0.0318,0.015,0.0499,0.049,0.034,73.0,0.145,0.515,0.068,0.13,0.0,0.0,0.33,0.3,0.009,0.000923,0.001163,0.007995,0.001119,0.002638,0.001879,0.00060384,0.653639,0.01832,-0.03572,0.02208,-0.01914,0.002137,-0.0068695,0.005192857142857144,0.3015,0.8521,4.31,4
892,1,0,0,0.406,0.07,0.5656,0.045,74.0000202554444,0.04,0.0286,0.045,0.0365,0.02335,0.013,0.0318,0.015,0.0426,0.032,0.0335,73.0,0.1038,0.547,0.068,0.13,0.0,0.0,0.33,0.3,0.009,0.003862,0.00171,0.002787,0.001743,0.001055,0.00992,0.005121,0.648782,0.01021,-0.0182,0.01228,-0.00886,0.0009442,-0.0030085,0.0022071428571428554,0.4559,1.41,5.66,4
893,1,0,0,0.38,0.06,0.5656,0.12,74.0000202554444,0.04,0.0286,0.045,0.0365,0.02335,0.013,0.0318,0.015,0.0498,0.0459,0.0401,74.0,0.18,0.62,0.068,0.13,0.0,0.0,0.33,0.3,0.009,0.001439,0.008945,0.007246,0.00091985,0.006512,0.008605,0.003021,0.668339,0.01177,-0.02495,0.01407,-0.01468,0.0007547,-0.0056155,0.0021071428571428578,0.4253,0.9519,8.37,4
894,0,0,1,0.295,-0.0,0.5656,0.029,73.49999998763374,0.04,0.0375,0.04,0.0425,0.0315,0.021,0.0318,0.015,0.0327,0.0269,0.033,72.5,0.0917,0.2269,0.068,0.135,0.0,0.0,0.33,0.3,0.0112,0.002568,0.005989,0.000557,0.00079207,0.002925,0.006519,0.002183,0.535367,-0.004236,0.004258,-0.004163,0.001569,0.0003506,-0.00067595,0.0023378571428571424,2.493,3.264,2.75,4
895,1,0,0,0.45,0.07,0.5656,0.045,74.49998322747555,0.04,0.0286,0.045,0.0365,0.02335,0.013,0.0318,0.015,0.0535,0.0547,0.0263,74.0,0.145,0.4047,0.068,0.13,0.0,0.0,0.33,0.3,0.009,0.005121,0.009676,0.001578,0.003042,0.002891,0.003346,0.001202,0.674856,0.0241,-0.04875,0.02839,-0.02628,0.001091,-0.009375,0.0029000000000000007,0.2595,0.7321,6.01,4
896,1,0,0,0.42,0.027,0.5656,0.045,71.99999647998123,0.04,0.0286,0.046,0.0365,0.02335,0.013,0.0272,0.015,0.0476,0.0516,0.0314,67.0,0.1064,0.42,0.073,0.135,0.0,0.0,0.33,0.3,0.009,0.00073,0.007925,0.002057,0.0092,0.004848,0.003453,0.004115,0.650055,-0.003971,0.006984,-0.004204,0.00349,0.0005918,-0.0032115,0.0019214285714285722,1.175,1.211,6.74,4
897,0,0,1,0.395,-0.035318,0.5656,0.025,66.36157611387831,0.04,0.055,0.05,0.075,0.0315,0.019,0.03,0.015,0.085,0.03,0.03,67.36157,0.105,0.38,0.068,0.13,0.0,0.0,0.33,0.3,0.009,0.000503,0.004887,0.000632,0.005502,0.003016,0.002828,0.002878,0.587686,-0.001958,0.002601,-0.001818,0.0008371,0.0002566,-0.00047420000000000003,0.0005528571428571431,1.882,3.029,4.07,4
898,1,0,0,0.43,0.06,0.5656,0.045,73.49999998763374,0.04,0.0286,0.045,0.0365,0.02335,0.013,0.0318,0.015,0.0493,0.0465,0.0388,73.5,0.1237,0.6,0.068,0.13,0.0,0.0,0.33,0.3,0.009,0.001343,0.003522,0.004732,0.003965,0.00064351,0.002238,0.001888,0.676207,0.01641,-0.0322,0.01915,-0.01653,0.0009787,-0.0057125000000000006,0.0026214285714285723,0.3779,1.088,5.43,4
899,1,0,0,0.35,-0.009,0.5656,0.045,74.0000202554444,0.04,0.0286,0.045,0.0365,0.02335,0.015,0.03,0.015,0.0429,0.025,0.0254,73.0,0.105,0.275,0.068,0.13,0.0,0.0,0.33,0.3,0.009,0.004219,0.001455,0.000712,0.006777,0.00094889,0.003022,0.00477,0.584392,-0.002916,0.003866,-0.002872,0.001804,0.0005505,-0.0014725,0.0017071428571428574,1.358,1.453,4.38,4
900,1,0,0,0.42,0.045942,0.5656,0.045,71.44279502421651,0.04,0.0302,0.042,0.0365,0.025,0.0165,0.03,0.015,0.076,0.0283,0.0214,71.44277,0.125,0.3633,0.068,0.135,0.0,0.0,0.33,0.3,0.009,0.000716,0.002062,0.001093,0.006462,0.008274,0.001839,0.008981,0.636471,-0.002961,0.005253,-0.003278,0.00252,0.0006218,-0.002123,0.0015999999999999986,1.282,1.577,6.85,4
901,0,0,1,0.424,0.036,0.5656,0.045,72.99997971982306,0.04,0.0286,0.046,0.0365,0.02335,0.013,0.0272,0.015,0.0476,0.0516,0.032,70.5,0.1248,0.445,0.073,0.135,0.0,0.0,0.33,0.3,0.009,0.001811,0.00078,0.004207,0.004207,0.003329,0.008896,0.009769,0.657778,-0.004713,0.009821,-0.005378,0.005203,0.001903,-0.005317499999999999,0.0044642857142857114,1.099,1.223,4.12,4
902,0,0,1,0.395,0.0,0.5656,0.025,71.99999647998123,0.04,0.055,0.05,0.075,0.0315,0.019,0.03,0.015,0.085,0.03,0.03,73.0,0.105,0.28,0.068,0.13,0.0,0.0,0.33,0.3,0.009,0.003794,0.00465,0.001265,0.006973,0.008928,0.00369,0.001341,0.614074,-0.002558,0.003648,-0.002554,0.001409,0.0003827,-0.0009865,0.0009928571428571436,2.925,3.757,4.25,4
903,0,0,1,0.42,0.036,0.5656,0.045,72.99997971982306,0.04,0.0286,0.046,0.0365,0.02335,0.013,0.0272,0.015,0.0476,0.0516,0.032,70.5,0.1248,0.44,0.073,0.135,0.0,0.0,0.33,0.3,0.009,0.009683,0.002581,0.007844,0.00974,0.00072498,0.002657,0.00582,0.657778,-0.004996,0.009576,-0.005478,0.005111,0.001265,-0.005386999999999999,0.00404285714285714,0.899,0.9417,4.36,4
904,0,0,1,0.395,-0.038808,0.5656,0.025,66.36174800121685,0.04,0.055,0.05,0.075,0.0315,0.019,0.03,0.015,0.085,0.03,0.03,67.36172,0.105,0.28,0.068,0.13,0.0,0.0,0.33,0.3,0.009,0.002611,0.006581,0.009459,0.00058729,0.002689,0.001515,0.00074215,0.585717,-0.001251,0.001712,-0.001205,0.0004327,0.0004724,-0.0001955,0.00136,3.39,2.098,5.56,4
905,0,0,1,0.42,0.036,0.5656,0.045,72.99997971982306,0.04,0.0286,0.046,0.0365,0.02335,0.013,0.0272,0.015,0.0476,0.0516,0.032,70.5,0.1248,0.44,0.073,0.135,0.0,0.0,0.33,0.3,0.009,0.000883,0.001658,0.001014,0.002359,0.001596,0.009508,0.005327,0.657778,-0.007174,0.01414,-0.007823,0.007612,0.001798,-0.007865500000000001,0.004950000000000006,1.875,1.82,2.65,4
906,1,0,0,0.416,0.019234,0.5656,0.045,68.25245142936906,0.04,0.0302,0.042,0.0365,0.025,0.0165,0.03,0.015,0.076,0.0297,0.02,67.75222,0.125,0.3297,0.068,0.135,0.0,0.0,0.33,0.3,0.009,0.005719,0.005028,0.001542,0.00328,0.001018,0.001396,0.001144,0.623691,-0.00723,0.01075,-0.007357,0.005236,0.0008151,-0.004291,0.002228571428571433,0.6738,0.8998,4.99,4
907,1,0,0,0.416,0.019234,0.5656,0.045,68.25245142936906,0.04,0.0302,0.042,0.0365,0.025,0.0165,0.03,0.015,0.076,0.0297,0.02,67.75222,0.125,0.3297,0.068,0.135,0.0,0.0,0.33,0.3,0.009,0.000817,0.001675,0.00146,0.003156,0.005575,0.001329,0.001232,0.623691,-0.007208,0.01098,-0.007394,0.005289,0.00117,-0.0043095,0.00312142857142857,0.8367,1.012,3.41,4
908,1,0,0,0.415,0.07,0.5656,0.045,72.99997971982306,0.04,0.027,0.036,0.0365,0.02335,0.013,0.0286,0.015,0.0302,0.0126,0.0269,72.0,0.1796,0.605,0.068,0.13,0.0,0.0,0.33,0.3,0.009,0.008012,0.002454,0.002454,0.00055594,0.006313,0.005204,0.002916,0.658055,0.01478,-0.03351,0.01805,-0.01959,0.001282,-0.0073815,0.00353571428571429,0.3236,0.7161,5.86,4
909,1,0,0,0.385,0.045,0.5656,0.045,76.50000700293872,0.04,0.0286,0.045,0.0365,0.02485,0.014,0.0318,0.015,0.0469,0.0221,0.041,80.0,0.0878,0.52,0.068,0.12,0.0,0.0,0.33,0.3,0.009,0.001319,0.003859,0.000902,0.003045,0.00057961,0.00053402,0.00085279,0.630675,-0.01031,0.0162,-0.01104,0.00802,0.0008921,-0.0065285,0.002507142857142855,0.5814,0.6646,3.38,4
910,1,0,0,0.406,0.07,0.5656,0.045,71.00001324013941,0.04,0.0286,0.045,0.0365,0.02335,0.013,0.0318,0.015,0.0422,0.0313,0.0336,73.0,0.1298,0.5813,0.068,0.13,0.0,0.0,0.33,0.3,0.009,0.00813,0.003165,0.003685,0.005893,0.001359,0.001069,0.001717,0.6511,0.01528,-0.02898,0.01808,-0.01532,0.0008895,-0.0053495,0.002592857142857146,0.3682,1.045,5.48,4
911,1,0,0,0.44,0.045,0.5656,0.045,71.00001324013941,0.04,0.0286,0.045,0.0365,0.02335,0.013,0.0318,0.015,0.0406,0.0313,0.0336,73.0,0.156,0.5813,0.068,0.13,0.0,0.0,0.33,0.3,0.009,0.005367,0.005782,0.005583,0.009804,0.004837,0.001038,0.005129,0.633446,-0.002446,0.00515,-0.00271,0.002769,0.0005603,-0.002999,0.0017142857142857125,1.282,1.453,9.14,4
912,1,0,0,0.406,0.07,0.5656,0.045,74.0000202554444,0.04,0.0286,0.045,0.0365,0.02335,0.013,0.0318,0.015,0.0425,0.032,0.0335,73.0,0.1057,0.547,0.068,0.13,0.0,0.0,0.33,0.3,0.009,0.003884,0.006015,0.004173,0.005919,0.00072977,0.001552,0.002408,0.647704,0.0123,-0.0218,0.01454,-0.01083,0.0007209,-0.0036414999999999998,0.002035714285714286,0.3615,1.163,6.31,4
913,1,0,0,0.49483,0.09,0.5656,0.14,65.99998244937126,0.04,0.0286,0.045,0.0365,0.02335,0.013,0.0318,0.015,0.0291,0.03,0.0362,50.0,0.1658,0.43,0.068,0.13,0.0,0.0,0.33,0.3,0.009,0.001868,0.005829,0.000964,0.002051,0.008935,0.005216,0.005277,0.762216,0.01625,-0.04376,0.0205,-0.02493,0.001044,-0.009457,0.00235714285714286,0.2782,0.6008,8.1,4
914,0,0,1,0.405,0.07,0.5656,0.1,78.00001051059121,0.04,0.04,0.03,0.0365,0.045,0.01,0.0318,0.005,0.0336,0.016,0.0387,73.0,0.1,0.516,0.068,0.13,0.0,0.0,0.33,0.3,0.009,0.000855,0.000563,0.004265,0.00067238,0.006634,0.001359,0.001008,0.644844,0.01578,-0.028,0.01876,-0.01376,0.001865,-0.004606,0.010471428571428569,0.982,1.15,2.9,4
915,1,0,0,0.44,0.075,0.5656,0.03,68.00000622483442,0.0508,0.0286,0.0381,0.03805,0.02335,0.0145,0.0286,0.015,0.045,0.03,0.03,70.0,0.105,0.37,0.068,0.135,0.0,0.0,0.33,0.3,0.009,0.00111,0.003803,0.003769,0.00111,0.005898,0.005125,0.00095028,0.695306,0.02478,-0.04922,0.03033,-0.02519,0.00152,-0.0088755,0.0038357142857142804,0.2711,0.7764,4.75,4
916,1,0,0,0.3423,-0.005,0.5656,0.045,70.49999297232874,0.04,0.0286,0.045,0.0365,0.02485,0.019,0.0318,0.015,0.046,0.0447,0.0218,69.5,0.0935,0.2603,0.068,0.13,0.0,0.0,0.33,0.3,0.009,0.001258,0.004044,0.001819,0.008136,0.007607,0.007696,0.008452,0.546584,-0.00194,0.002018,-0.001928,0.0006743,0.0003271,-0.00027975,0.0009164285714285714,1.359,2.634,6.49,4
917,0,0,1,0.38,0.045,0.5656,0.15,78.00001051059121,0.04,0.0381,0.045,0.0365,0.03035,0.0175,0.0318,0.015,0.0608,0.06,0.0508,78.5,0.0961,0.58,0.068,0.13,0.0,0.0,0.33,0.3,0.009,0.003921,0.000603,0.005702,0.003921,0.005702,0.002696,0.00087683,0.639706,-0.004923,0.008054,-0.005409,0.003857,0.002473,-0.003791,0.0061714285714285725,2.939,3.372,3.24,4
919,0,0,1,0.406,0.07,0.5656,0.05,73.49999998763374,0.075,0.0327,0.05,0.05,0.02335,0.013,0.0318,0.015,0.046,0.042,0.028,72.5,0.1424,0.5024,0.068,0.13,0.0,0.0,0.33,0.3,0.009,0.005292,0.004559,0.003534,0.00067484,0.00067287,0.001126,0.002094,0.647762,0.01516,-0.02681,0.01805,-0.01244,0.001744,-0.003738,0.013357142857142857,0.3002,0.6626,3.39,4
920,1,0,0,0.39281,0.05,0.5656,0.05,75.00000349528622,0.04,0.0286,0.045,0.0365,0.02625,0.014,0.0318,0.01,0.0404,0.035,0.0338,74.0,0.1764,0.63,0.068,0.13,0.0,0.0,0.33,0.3,0.009,0.000556,0.002159,0.00126,0.00577,0.001045,0.00070202,0.002316,0.661298,-0.00391,0.008835,-0.004316,0.005301,0.0006522,-0.007425,0.0023999999999999963,1.316,0.8708,4.14,4
922,0,0,1,0.4,0.045,0.5656,0.045,74.0000202554444,0.04,0.0257,0.032,0.0365,0.02335,0.013,0.029,0.015,0.0488,0.0372,0.0385,73.0,0.1492,0.5672,0.068,0.13,0.0,0.0,0.33,0.3,0.009,0.003918,0.000672,0.001128,0.002328,0.001613,0.004596,0.007827,0.628966,-0.005474,0.01124,-0.006206,0.006141,0.002025,-0.00645,0.004528571428571422,2.734,2.325,3.25,4
923,1,0,0,0.435,0.02,0.5656,0.065,71.99999647998123,0.04,0.0317,0.05,0.0415,0.028,0.0205,0.031,0.015,0.06,0.07,0.02,72.0,0.13,0.415,0.068,0.13,0.0,0.0,0.33,0.3,0.009,0.004287,0.003693,0.006968,0.004708,0.00057119,0.004919,0.006002,0.60935,-0.001576,0.002566,-0.001628,0.001244,0.0003603,-0.0010054,0.0009942857142857143,0.8554,1.497,9.28,4
924,1,0,0,0.37692,0.042,0.5656,0.1,74.0000202554444,0.04,0.0286,0.045,0.0365,0.02335,0.013,0.0318,0.015,0.0501,0.0159,0.0398,75.5,0.1176,0.5459,0.068,0.13,0.0,0.0,0.33,0.3,0.009,0.001166,0.00092,0.001288,0.005761,0.00119,0.001022,0.001772,0.607375,-0.005305,0.008993,-0.005819,0.004384,0.001172,-0.0037644999999999996,0.0031357142857142833,0.8441,1.007,2.97,4
925,1,0,0,0.43,0.034,0.5656,0.045,74.0000202554444,0.04,0.0317,0.05,0.0415,0.028,0.0205,0.031,0.015,0.055,0.05,0.02,74.0,0.13,0.325,0.068,0.13,0.0,0.0,0.33,0.3,0.009,0.002151,0.001922,0.001414,0.0005535,0.00067632,0.00053207,0.002366,0.668163,-0.003502,0.006643,-0.003745,0.003729,0.0008348,-0.0042545,0.0026500000000000043,0.6404,1.033,4.53,4
926,1,0,0,0.43,0.01998,0.5656,0.045,72.12816713875199,0.04,0.0317,0.05,0.0415,0.028,0.0205,0.031,0.015,0.055,0.05,0.02,72.12818,0.13,0.438,0.068,0.13,0.0,0.0,0.33,0.3,0.009,0.001102,0.003011,0.001297,0.00153,0.004023,0.004995,0.00062587,0.660867,-0.008011,0.01419,-0.008159,0.007801,0.0008986,-0.008310999999999999,0.0024428571428571446,0.8322,0.6758,4.25,4
927,1,0,0,0.475,-0.01,0.5656,0.045,68.00000622483442,0.04,0.0397,0.05,0.0415,0.04,0.0265,0.04,0.015,0.055,0.1,0.02,69.0,0.1,0.475,0.068,0.13,0.0,0.0,0.33,0.3,0.009,0.000862,0.003195,0.001376,0.006153,0.007776,0.002588,0.00053324,0.617346,-0.006991,0.01064,-0.006759,0.004418,0.0004459,-0.002883,0.0009285714285714278,0.8843,1.325,6.7,4
928,1,0,0,0.4,0.032592,0.5656,0.048,69.50316100036014,0.04,0.0307,0.048,0.0365,0.023,0.0165,0.0318,0.015,0.0474,0.0447,0.0219,69.00314,0.115,0.3697,0.068,0.135,0.0,0.0,0.33,0.3,0.009,0.000823,0.002355,0.009819,0.001823,0.003794,0.002077,0.00087875,0.619036,-0.003656,0.005975,-0.003946,0.003017,0.001231,-0.002847,0.003314285714285714,1.212,1.456,5.07,4
929,1,0,0,0.4,0.030848,0.5656,0.048,69.25254926076991,0.04,0.0307,0.048,0.0365,0.023,0.0165,0.0318,0.015,0.0474,0.043,0.0242,68.75255,0.115,0.418,0.068,0.135,0.0,0.0,0.33,0.3,0.009,0.002738,0.001256,0.001763,0.001807,0.005732,0.007201,0.001014,0.643438,-0.00677,0.0114,-0.007133,0.006173,0.00158,-0.0063025,0.004007142857142862,0.856,0.8876,3.76,4
930,0,0,1,0.425,0.07,0.5656,0.045,72.50001674779189,0.04,0.03,0.045,0.042,0.02335,0.013,0.0318,0.015,0.0565,0.0567,0.0352,71.5,0.14,0.4167,0.1,0.17,0.0,0.0,0.33,0.3,0.009,0.002543,0.002927,0.00093,0.001593,0.001708,0.001384,0.00577,0.658046,0.01477,-0.02952,0.01817,-0.01491,0.001365,-0.0052315,0.004578571428571428,1.032,2.349,3.5,4
931,1,0,0,0.405,0.07,0.5656,0.08,74.0000202554444,0.04,0.0254,0.0316,0.0365,0.02335,0.013,0.0286,0.015,0.0412,0.0291,0.0331,73.0,0.1278,0.5691,0.068,0.13,0.0,0.0,0.33,0.3,0.009,0.002404,0.000559,0.001439,0.00074596,0.00992,0.00070873,0.007318,0.645575,0.0109,-0.02101,0.01334,-0.01065,0.00151,-0.0036550000000000003,0.0041857142857142865,0.4266,0.707,5.82,4
932,1,0,0,0.43,0.01,0.5656,0.045,74.0000202554444,0.04,0.0327,0.045,0.043,0.02335,0.013,0.0318,0.015,0.0442,0.0431,0.0272,71.5,0.145,0.3231,0.068,0.11,0.0,0.0,0.33,0.3,0.009,0.003576,0.001563,0.001549,0.001059,0.00078802,0.002106,0.003062,0.677861,-0.002487,0.004996,-0.002575,0.002917,0.001001,-0.0039629999999999995,0.002171428571428568,1.193,0.9442,4.64,4
933,1,0,0,0.43,0.01,0.5656,0.045,74.0000202554444,0.04,0.0327,0.045,0.043,0.02335,0.013,0.0318,0.015,0.0442,0.0431,0.0272,71.5,0.145,0.3231,0.068,0.11,0.0,0.0,0.33,0.3,0.009,0.003071,0.001509,0.00124,0.001452,0.00096147,0.002395,0.00052319,0.677861,-0.006838,0.01272,-0.006868,0.007533,0.001686,-0.010329999999999999,0.004571428571428571,0.796,0.4139,2.89,4
934,1,0,0,0.43,0.06,0.5656,0.045,73.49999998763374,0.04,0.027,0.038,0.0365,0.02335,0.013,0.0286,0.015,0.0417,0.0304,0.0368,72.0,0.16,0.6,0.068,0.13,0.0,0.0,0.33,0.3,0.009,0.00444,0.001106,0.005324,0.004876,0.005216,0.002094,0.003383,0.649628,0.01194,-0.02474,0.01403,-0.01325,0.001104,-0.0046995,0.00285,0.443,1.226,6.4,4
935,0,0,1,0.4,0.045,0.5656,0.045,74.0000202554444,0.04,0.0257,0.032,0.0365,0.02335,0.013,0.029,0.015,0.0488,0.0372,0.0385,73.0,0.1492,0.5672,0.068,0.13,0.0,0.0,0.33,0.3,0.009,0.005144,0.000579,0.003151,0.009452,0.003584,0.009193,0.001508,0.628966,-0.01068,0.02048,-0.01186,0.01117,0.003226,-0.012135,0.008357142857142863,1.78,1.533,2.5,4
936,0,0,1,0.4,0.045,0.5656,0.045,74.0000202554444,0.04,0.0257,0.032,0.0365,0.02335,0.013,0.029,0.015,0.0488,0.0372,0.0385,73.0,0.1492,0.5672,0.068,0.13,0.0,0.0,0.33,0.3,0.009,0.005593,0.00587,0.008338,0.00054967,0.00065706,0.003536,0.004604,0.628966,-0.005516,0.01134,-0.006321,0.006273,0.001649,-0.0064825,0.006192857142857147,2.613,1.499,4.34,4
937,0,0,1,0.4,0.045,0.5656,0.045,74.0000202554444,0.04,0.0257,0.032,0.0365,0.02335,0.013,0.029,0.015,0.0488,0.0372,0.0385,73.0,0.1492,0.5672,0.068,0.13,0.0,0.0,0.33,0.3,0.009,0.002129,0.000525,0.003003,0.001389,0.002425,0.002556,0.00058858,0.628966,-0.01719,0.03278,-0.01877,0.01824,0.005801,-0.019625,0.013928571428571429,1.347,1.201,1.66,4
938,0,0,1,0.4,0.045,0.5656,0.045,74.0000202554444,0.04,0.0257,0.032,0.0365,0.02335,0.013,0.029,0.015,0.0488,0.0372,0.0385,73.0,0.1492,0.5672,0.068,0.13,0.0,0.0,0.33,0.3,0.009,0.005599,0.005003,0.002291,0.006481,0.00146,0.002291,0.00057244,0.628966,-0.0181,0.03334,-0.01954,0.01836,0.002085,-0.020185,0.006214285714285709,1.158,1.018,2.74,4
939,1,0,0,0.43,0.01,0.5656,0.045,74.0000202554444,0.04,0.0327,0.045,0.043,0.02335,0.013,0.0318,0.015,0.0442,0.0431,0.0272,71.5,0.145,0.3231,0.068,0.11,0.0,0.0,0.33,0.3,0.009,0.000513,0.000707,0.004636,0.0005903,0.002324,0.00098352,0.002738,0.677861,-0.001906,0.004635,-0.002192,0.002496,0.001429,-0.003281,0.004057142857142856,0.6357,0.7665,4.85,4
940,0,0,1,0.38418,0.0,0.5656,0.045,74.0000202554444,0.04,0.0286,0.045,0.0365,0.0247,0.0165,0.0318,0.015,0.052,0.0358,0.0257,72.5,0.1,0.2858,0.068,0.13,0.0,0.0,0.33,0.3,0.009,0.009812,0.00642,0.000718,0.009869,0.003927,0.004905,0.002088,0.603527,-0.01118,0.01509,-0.01109,0.006863,0.001026,-0.005263,0.003271428571428572,1.565,1.884,3.29,4
941,1,0,0,0.355,0.0,0.5656,0.045,71.00001324013941,0.04,0.0277,0.045,0.035,0.02335,0.013,0.0318,0.015,0.0389,0.0351,0.0233,75.0,0.12,0.2751,0.068,0.11,0.0,0.0,0.33,0.3,0.009,0.001482,0.007607,0.001618,0.005466,0.002653,0.00133,0.001935,0.560089,-0.003745,0.00468,-0.003695,0.002244,0.0005232,-0.001911,0.0018142857142857134,0.9447,1.248,4.5,4
942,1,0,0,0.40504,0.07,0.5656,0.045,74.0000202554444,0.04,0.0286,0.045,0.0365,0.02335,0.013,0.0318,0.015,0.0563,0.051,0.0299,75.5,0.145,0.517,0.068,0.13,0.0,0.0,0.33,0.3,0.009,0.002973,0.006598,0.006754,0.001136,0.001236,0.002064,0.002565,0.671385,0.01277,-0.02534,0.01541,-0.01381,0.0008705,-0.0050035,0.002264285714285711,0.3833,1.079,7.01,4
943,1,0,0,0.38996,0.042,0.5656,0.045,75.99998673512805,0.04,0.0286,0.045,0.0365,0.02335,0.013,0.0318,0.015,0.0514,0.0161,0.0401,76.0,0.125,0.5561,0.068,0.13,0.0,0.0,0.33,0.3,0.009,0.000749,0.001014,0.000945,0.003511,0.00053129,0.001078,0.001164,0.599805,-0.007273,0.01196,-0.007835,0.005933,0.00144,-0.004913000000000001,0.003785714285714286,0.7528,0.8167,2.36,4
944,0,0,1,0.39355,0.0,0.5656,0.045,74.0000202554444,0.04,0.0286,0.045,0.0365,0.029,0.0185,0.0318,0.015,0.0507,0.0339,0.0276,72.5,0.09,0.3139,0.068,0.13,0.0,0.0,0.33,0.3,0.009,0.00847,0.001371,0.000829,0.00084968,0.002059,0.009261,0.00079788,0.617006,-0.02329,0.03188,-0.02275,0.01513,0.002039,-0.012879999999999999,0.005999999999999991,1.105,1.29,2.19,4
945,0,0,1,0.48,0.03,0.5656,0.075,75.50002376309689,0.04,0.0316,0.025,0.0365,0.02335,0.013,0.0318,0.015,0.0899,0.056,0.0294,76.5,0.1588,0.592,0.068,0.13,0.0,0.0,0.33,0.3,0.009,0.000857,0.001707,0.000997,0.001575,0.006387,0.001673,0.002228,0.693611,-0.01569,0.03285,-0.01648,0.01742,0.003349,-0.017215,0.006928571428571443,1.437,1.343,2.28,4
946,0,0,1,0.38308,0.0,0.5656,0.045,73.49999998763374,0.04,0.0286,0.045,0.0365,0.03235,0.019,0.0318,0.015,0.051,0.035,0.0264,73.0,0.11,0.305,0.068,0.13,0.0,0.0,0.33,0.3,0.009,0.005099,0.002154,0.00119,0.00062404,0.008646,0.004411,0.001933,0.6131,-0.01136,0.01596,-0.01112,0.00821,0.001041,-0.008324999999999999,0.0033571428571428563,1.42,1.704,3.06,4
948,0,0,1,0.425,0.068,0.5656,0.045,73.49999998763374,0.04,0.0286,0.045,0.0365,0.02335,0.013,0.0318,0.015,0.0493,0.0481,0.0359,72.0,0.17,0.58,0.068,0.13,0.0,0.0,0.33,0.3,0.009,0.002465,0.007957,0.000861,0.001369,0.009694,0.00055655,0.006541,0.669846,0.02311,-0.05087,0.02798,-0.0281,0.001474,-0.010285,0.0036428571428571426,0.693,1.625,4.86,4
949,1,0,0,0.40504,0.07,0.5656,0.045,74.0000202554444,0.04,0.0286,0.045,0.0365,0.02335,0.013,0.0318,0.015,0.0533,0.0494,0.0275,79.5,0.1448,0.5154,0.068,0.12,0.0,0.0,0.33,0.3,0.009,0.002378,0.001616,0.000911,0.005058,0.00079613,0.001664,0.001429,0.691817,0.02684,-0.05487,0.03175,-0.03129,0.001244,-0.011470000000000001,0.0037142857142857238,0.2278,0.6166,3.42,4
950,1,0,0,0.27416,0.015,0.5656,0.2,72.99997971982306,0.04,0.0286,0.045,0.0365,0.02335,0.01275,0.0318,0.015,0.0404,0.07,0.0302,73.0,0.25,0.55,0.068,0.13,0.0,0.0,0.33,0.3,0.009,0.002545,0.000677,0.009315,0.002014,0.005885,0.00053755,0.00060782,0.5593,-0.001499,0.003294,-0.00166,0.002097,0.0009193,-0.0049515,0.004064285714285715,0.9526,0.991,5.33,4
951,1,0,0,0.36,0.06,0.5656,0.2,71.99999647998123,0.0381,0.027,0.0317,0.034,0.02235,0.01175,0.0286,0.015,0.0406,0.0402,0.0301,74.0,0.124,0.6002,0.068,0.135,0.0,0.0,0.33,0.3,0.0106,0.001341,0.001532,0.001171,0.002989,0.00948,0.00075254,0.008633,0.624718,0.01126,-0.02038,0.01351,-0.009901,0.0007883,-0.0034695000000000004,0.0022642857142857143,0.4624,1.28,5.78,4
952,0,0,1,0.425,0.068,0.5656,0.045,73.49999998763374,0.04,0.0286,0.045,0.0365,0.02335,0.013,0.0318,0.015,0.0483,0.0472,0.0377,72.0,0.17,0.595,0.068,0.13,0.0,0.0,0.33,0.3,0.009,0.000513,0.002805,0.001912,0.0006788,0.00097279,0.001706,0.001288,0.654983,0.04406,-0.09557,0.05364,-0.05188,0.0029,-0.01879,0.007142857142857149,0.4883,1.162,2.02,4
953,1,0,0,0.27683,0.0,0.5656,0.25,75.00000349528622,0.04,0.0286,0.045,0.0365,0.02335,0.013,0.0318,0.015,0.0438,0.085,0.0492,76.0,0.24,0.61,0.068,0.12,0.0,0.0,0.33,0.3,0.009,0.000801,0.003797,0.000966,0.00066796,0.002364,0.001054,0.001257,0.588009,-0.003325,0.00712,-0.003343,0.004577,0.0004826,-0.009351499999999999,0.0029071428571428525,1.02,0.4919,3.39,4
954,1,0,0,0.405,0.07,0.5656,0.045,74.0000202554444,0.04,0.0286,0.045,0.0365,0.02335,0.013,0.0318,0.015,0.0499,0.049,0.034,73.0,0.145,0.515,0.068,0.13,0.0,0.0,0.33,0.3,0.009,0.009007,0.001648,0.001133,0.007127,0.00065204,0.001191,0.001784,0.653639,0.0192,-0.03714,0.02268,-0.02011,0.001082,-0.0070880000000000006,0.003157142857142861,0.2905,0.8121,3.93,4
955,1,0,0,0.408,0.025,0.5656,0.06,74.49998322747555,0.04,0.0359,0.045,0.03745,0.02335,0.0175,0.0318,0.015,0.0471,0.0553,0.0317,69.5,0.1239,0.3053,0.068,0.135,0.0,0.0,0.33,0.3,0.009,0.001849,0.000864,0.004827,0.009913,0.001882,0.00059073,0.001694,0.640002,-0.002375,0.004222,-0.002583,0.002172,0.001105,-0.0023734999999999997,0.0030642857142857147,1.499,1.52,4.87,4
956,1,0,0,0.44,0.049954,0.5656,0.06,70.52377072082666,0.04,0.0369,0.045,0.0369,0.025,0.016,0.0318,0.015,0.0493,0.0399,0.038,69.52376,0.16,0.5199,0.072,0.135,0.0,0.0,0.33,0.3,0.012,0.001303,0.00051,0.001266,0.003985,0.00124,0.007787,0.00052781,0.653076,-0.006672,0.01399,-0.007382,0.007788,0.002697,-0.0090345,0.0062499999999999925,0.9002,0.7627,2.74,4
957,1,0,0,0.405,0.07,0.5656,0.045,74.0000202554444,0.045,0.0327,0.045,0.0365,0.02335,0.013,0.0318,0.015,0.0511,0.053,0.0384,73.0,0.145,0.519,0.068,0.13,0.0,0.0,0.33,0.3,0.009,0.003425,0.002008,0.001276,0.004781,0.00053363,0.005707,0.00050923,0.654297,0.02865,-0.05538,0.03402,-0.02967,0.001567,-0.010509999999999999,0.0039999999999999975,0.2232,0.6381,3.38,4
958,0,0,1,0.45,0.067,0.5656,0.045,72.99997971982306,0.04,0.0286,0.045,0.0365,0.02335,0.013,0.0318,0.015,0.0481,0.0493,0.0343,70.0,0.1141,0.482,0.068,0.135,0.0,0.0,0.33,0.3,0.009,0.007464,0.006486,0.00206,0.007464,0.00070202,0.001749,0.009655,0.674495,0.01883,-0.03705,0.02216,-0.01843,0.001186,-0.006154,0.0031285714285714285,0.9302,2.717,5.12,4
959,1,0,0,0.41,0.005,0.5656,0.045,74.0000202554444,0.04,0.0327,0.045,0.043,0.02335,0.013,0.0318,0.015,0.0459,0.04,0.03,74.0,0.1302,0.4,0.068,0.11,0.0,0.0,0.33,0.3,0.009,0.000916,0.008564,0.006698,0.001206,0.001356,0.00074651,0.008715,0.662002,-0.001323,0.002654,-0.001393,0.001433,0.0005075,-0.001653,0.001128571428571428,1.683,1.923,10.26,4
960,1,0,0,0.425,0.07,0.5656,0.045,72.99997971982306,0.04,0.027,0.036,0.0365,0.02335,0.013,0.0286,0.015,0.0301,0.0148,0.0244,72.0,0.1795,0.5478,0.068,0.13,0.0,0.0,0.33,0.3,0.009,0.00198,0.002259,0.006495,0.005546,0.003153,0.00118,0.005095,0.658144,0.008945,-0.02004,0.01068,-0.01175,0.000725,-0.0044035,0.002207142857142859,0.4371,1.302,7.19,4
961,1,0,0,0.345,-0.007,0.5656,0.05,78.00001051059121,0.04,0.0286,0.042,0.0365,0.0235,0.0165,0.0318,0.015,0.0543,0.0463,0.0217,73.5,0.115,0.2963,0.068,0.13,0.0,0.0,0.33,0.3,0.015,0.000764,0.001102,0.002244,0.00393,0.001179,0.00096077,0.001389,0.574455,-0.004114,0.004885,-0.004001,0.002288,0.0009275,-0.0017895,0.0027785714285714284,1.196,1.446,2.6,4
962,1,0,0,0.425,0.07,0.5656,0.035,74.0000202554444,0.04,0.0254,0.0318,0.03175,0.02335,0.013,0.0286,0.015,0.038,0.025,0.0331,72.0,0.115,0.549,0.068,0.13,0.0,0.0,0.33,0.3,0.009,0.002614,0.004591,0.005536,0.00713,0.002904,0.00246,0.006026,0.639681,0.01296,-0.02391,0.0153,-0.01183,0.0007694,-0.0039380000000000005,0.0021857142857142843,0.4012,1.179,7.25,4
963,0,0,1,0.4441,0.02,0.5656,0.035,75.99998673512805,0.04,0.0426,0.045,0.053,0.03635,0.0165,0.038,0.015,0.0412,0.07,0.015,66.0,0.1,0.405,0.068,0.135,0.0,0.0,0.33,0.3,0.009,0.000859,0.001325,0.003498,0.00242,0.003864,0.001301,0.001703,0.564052,-0.002391,0.003696,-0.002521,0.001272,0.0007965,-0.0006421,0.0019185714285714286,4.281,9.033,2.92,4
964,0,0,1,0.44,0.0,0.5656,0.035,78.00001051059121,0.04,0.0426,0.045,0.053,0.03635,0.0165,0.038,0.015,0.0412,0.07,0.015,66.0,0.1,0.35,0.068,0.135,0.0,0.0,0.33,0.3,0.009,0.006861,0.00393,0.006654,0.001456,0.00068528,0.005665,0.003029,0.549142,-0.001439,0.001992,-0.001447,0.000617,0.0004119,-0.0002951,0.0006042857142857142,3.027,9.301,5.1,4
965,0,0,1,0.4601,0.02,0.5656,0.035,74.49998322747555,0.04,0.0426,0.045,0.053,0.03635,0.0165,0.038,0.015,0.0412,0.09,0.015,65.0,0.1,0.45,0.068,0.135,0.0,0.0,0.33,0.3,0.009,0.004718,0.005715,0.001023,0.004476,0.00099655,0.001842,0.00098496,0.558143,-0.005111,0.007291,-0.005242,0.00247,0.0005828,-0.001119,0.0013714285714285705,2.381,5.091,4.34,4
966,0,0,1,0.405,0.02,0.5656,0.045,74.0000202554444,0.04,0.0286,0.045,0.041,0.02735,0.0215,0.0358,0.015,0.0461,0.0553,0.0122,71.0,0.0862,0.3553,0.068,0.135,0.0,0.0,0.33,0.3,0.009,0.001433,0.000744,0.002289,0.00081737,0.00058901,0.001082,0.004408,0.614191,-0.005004,0.00761,-0.005262,0.003483,0.00161,-0.002969,0.005,2.127,2.316,2.59,4
967,0,0,1,0.405,0.02,0.5656,0.045,74.0000202554444,0.04,0.0286,0.045,0.041,0.02735,0.0215,0.0358,0.015,0.0461,0.0531,0.0143,71.0,0.0856,0.4031,0.068,0.135,0.0,0.0,0.33,0.3,0.009,0.001187,0.002503,0.002021,0.001716,0.001362,0.003353,0.00084287,0.614122,-0.01288,0.01825,-0.01312,0.008496,0.001632,-0.0061589999999999995,0.0041571428571428575,1.357,1.784,2.04,4
968,0,0,1,0.405,0.02,0.5656,0.045,74.0000202554444,0.04,0.0286,0.045,0.041,0.02735,0.0215,0.0358,0.015,0.0566,0.0516,0.0159,71.0,0.1004,0.4516,0.068,0.135,0.0,0.0,0.33,0.3,0.009,0.006401,0.000981,0.000545,0.009254,0.001642,0.001315,0.009613,0.620945,-0.004219,0.006521,-0.004392,0.002992,0.0009512,-0.0027,0.0021714285714285715,2.993,3.781,4.82,4
969,1,0,0,0.405,0.07,0.5656,0.035,74.0000202554444,0.045,0.0327,0.045,0.0365,0.02335,0.013,0.0318,0.015,0.0511,0.053,0.0384,73.0,0.145,0.519,0.068,0.13,0.0,0.0,0.33,0.3,0.009,0.000995,0.000507,0.001505,0.002644,0.005833,0.001821,0.004253,0.654297,0.01123,-0.02244,0.01379,-0.0117,0.001423,-0.0041425,0.0028928571428571423,0.4354,1.22,4.79,4
970,1,0,0,0.41,0.03,0.5656,0.06,72.99997971982306,0.04,0.0327,0.052,0.055,0.025,0.019,0.0318,0.015,0.0756,0.0497,0.0257,72.5,0.135,0.4747,0.068,0.13,0.0,0.0,0.33,0.3,0.009,0.000644,0.006947,0.000999,0.00085279,0.004586,0.007674,0.001657,0.638185,-0.002479,0.004489,-0.00268,0.00228,0.0005426,-0.0020495,0.001207142857142856,1.778,1.812,5.7,4
971,1,0,0,0.4072,0.07,0.5656,0.045,74.0000202554444,0.04,0.0286,0.045,0.0365,0.02335,0.013,0.0318,0.015,0.0444,0.0468,0.0377,74.5,0.2275,0.58,0.068,0.12,0.0,0.0,0.33,0.3,0.009,0.002408,0.003676,0.002047,0.00050055,0.002219,0.001523,0.002391,0.618887,0.01235,-0.02929,0.01537,-0.01729,0.001065,-0.006510999999999999,0.003671428571428569,0.3064,0.7776,5.12,4
972,1,0,0,0.405,0.03,0.5656,0.045,72.99997971982306,0.04,0.03765,0.045,0.0425,0.02335,0.013,0.0349,0.015,0.0525,0.0287,0.0417,72.0,0.243,0.5787,0.068,0.13,0.0,0.0,0.33,0.3,0.009,0.001024,0.005458,0.000829,0.004606,0.001533,0.00562,0.00061543,0.643159,-0.004026,0.009514,-0.004243,0.005996,0.0007882,-0.0097385,0.002692857142857147,1.013,0.4623,4.31,4
973,1,0,0,0.425,0.02,0.5656,0.045,71.99999647998123,0.03,0.0277,0.04,0.0365,0.02335,0.0185,0.03,0.015,0.036,0.06,0.036,68.5,0.1332,0.48,0.1,0.135,0.0,0.0,0.33,0.3,0.0112,0.008341,0.003592,0.000882,0.005736,0.002979,0.007776,0.00541,0.666893,-0.00373,0.007311,-0.003904,0.004029,0.0006161,-0.0047205,0.002764285714285715,1.381,1.147,7.73,4
974,1,0,0,0.365,-0.02,0.5656,0.05,75.00000349528622,0.04,0.0286,0.042,0.0365,0.021,0.0165,0.0318,0.015,0.0473,0.0463,0.0237,71.0,0.11,0.2763,0.068,0.13,0.0,0.0,0.33,0.3,0.015,0.002359,0.007076,0.002468,0.002981,0.001263,0.005682,0.0005903,0.631277,-0.007288,0.009868,-0.006894,0.005355,0.0009726,-0.005884,0.0031142857142857122,0.8048,0.7759,4.04,4
975,1,0,0,0.365,-0.02,0.5656,0.05,75.00000349528622,0.04,0.0286,0.042,0.0365,0.021,0.0165,0.0318,0.015,0.0473,0.0463,0.0237,71.0,0.11,0.2763,0.068,0.13,0.0,0.0,0.33,0.3,0.015,0.00789,0.000994,0.000778,0.005923,0.00058386,0.00081977,0.00069589,0.631277,-0.01035,0.01412,-0.009826,0.00767,0.001535,-0.0083845,0.004764285714285708,0.6689,0.6005,3.02,4
976,1,0,0,0.425,0.02,0.5656,0.045,71.99999647998123,0.03,0.0277,0.04,0.0365,0.02335,0.0185,0.03,0.015,0.034,0.06,0.03,68.5,0.132,0.48,0.1,0.135,0.0,0.0,0.33,0.3,0.0112,0.007607,0.006401,0.002239,0.00073245,0.001819,0.0005022,0.001563,0.666596,-0.006313,0.01227,-0.006587,0.006961,0.001061,-0.0082395,0.004278571428571432,0.7043,0.4134,6.69,4
977,0,0,1,0.425,0.05,0.5656,0.045,78.00001051059121,0.04,0.0371,0.045,0.042,0.02335,0.0165,0.031,0.015,0.0538,0.0315,0.0285,68.5,0.1,0.3815,0.068,0.13,0.0,0.0,0.33,0.3,0.009,0.00424,0.006963,0.00369,0.004047,0.00079672,0.004272,0.008178,0.611586,-0.002546,0.004212,-0.00283,0.001898,0.0008429,-0.001315,0.002028571428571428,3.898,5.253,5.2,4
978,1,0,0,0.41,0.07,0.5656,0.045,71.99999647998123,0.04,0.0286,0.045,0.0365,0.02335,0.013,0.0318,0.015,0.0455,0.0466,0.0335,72.0,0.1511,0.6016,0.068,0.13,0.0,0.0,0.33,0.3,0.009,0.000837,0.000517,0.004781,0.001276,0.00060075,0.003794,0.003817,0.65113,0.01061,-0.0219,0.01306,-0.01161,0.001614,-0.004163,0.0031714285714285707,0.4315,1.055,4.82,4
979,0,0,1,0.425,0.03,0.5656,0.073,72.99997971982306,0.035,0.04,0.045,0.04495,0.026,0.0185,0.035,0.015,0.07,0.065,0.026,69.5,0.1404,0.52,0.1,0.135,0.0,0.0,0.33,0.3,0.0112,0.000646,0.005568,0.006115,0.00069057,0.002423,0.009394,0.005146,0.691509,-0.002434,0.005608,-0.002834,0.002985,0.001115,-0.003386,0.004014285714285714,2.754,2.494,5.61,4
980,0,0,1,0.425,0.03,0.5656,0.073,72.99997971982306,0.035,0.04,0.045,0.04495,0.026,0.0185,0.035,0.015,0.07,0.065,0.026,69.5,0.1404,0.52,0.1,0.135,0.0,0.0,0.33,0.3,0.0112,0.004917,0.001003,0.006521,0.001968,0.006,0.00071159,0.005361,0.691509,-0.002468,0.005262,-0.00276,0.002851,0.001341,-0.0032895,0.003978571428571429,3.93,3.966,5.88,4
981,0,0,1,0.425,0.03,0.5656,0.073,72.99997971982306,0.035,0.04,0.045,0.04495,0.026,0.0185,0.035,0.015,0.07,0.065,0.026,69.5,0.1404,0.52,0.1,0.135,0.0,0.0,0.33,0.3,0.0112,0.008896,0.000857,0.000589,0.008101,0.00098568,0.001033,0.001368,0.691509,-0.009491,0.01839,-0.01013,0.01009,0.002063,-0.011675,0.007357142857142854,2.239,1.866,2.97,4
983,0,0,1,0.425,0.03,0.5656,0.073,72.99997971982306,0.035,0.04,0.045,0.04495,0.026,0.0185,0.035,0.015,0.07,0.065,0.026,69.5,0.1404,0.52,0.1,0.135,0.0,0.0,0.33,0.3,0.0112,0.001088,0.001705,0.003833,0.001044,0.002683,0.003179,0.00054627,0.691509,-0.006231,0.01228,-0.006709,0.006712,0.002526,-0.0078565,0.008821428571428577,2.81,1.226,2.75,4
984,0,0,1,0.425,0.064105,0.5656,0.045,71.99999647998123,0.04,0.0312,0.045,0.05,0.02335,0.013,0.0318,0.015,0.0485,0.028,0.038,72.0,0.1849,0.6,0.068,0.13,0.0,0.0,0.33,0.3,0.009,0.004094,0.003924,0.001186,0.00054707,0.001228,0.00094405,0.007024,0.655814,0.007331,-0.01716,0.009264,-0.009287,0.001083,-0.0033885,0.002250000000000001,1.569,1.767,4.8,4
985,1,0,0,0.445,0.06,0.5656,0.045,74.0000202554444,0.04,0.0286,0.045,0.0365,0.02335,0.013,0.0318,0.015,0.0538,0.0407,0.0335,68.5,0.12,0.393,0.068,0.135,0.0,0.0,0.33,0.3,0.009,0.003174,0.007148,0.00825,0.002274,0.007045,0.00168,0.002486,0.671098,0.01306,-0.02454,0.0152,-0.01225,0.0009062,-0.0041935,0.002264285714285711,0.4201,1.269,7.96,4
986,1,0,0,0.42,0.03,0.5656,0.12,71.00001324013941,0.04,0.0312,0.045,0.0365,0.02335,0.015,0.0318,0.015,0.042,0.0439,0.0247,71.5,0.14,0.56,0.068,0.135,0.0,0.0,0.33,0.3,0.009,0.00167,0.006113,0.00094,0.001922,0.0007863,0.004418,0.004549,0.640204,-0.003477,0.007025,-0.0037,0.003758,0.000692,-0.0040435,0.0018499999999999975,1.443,1.129,5.95,4
988,0,0,1,0.395,0.03,0.5656,0.045,72.50001674779189,0.04,0.0292,0.043,0.041,0.02735,0.0215,0.034,0.015,0.05,0.0354,0.023,70.5,0.1,0.3,0.068,0.135,0.0,0.0,0.33,0.3,0.009,0.001063,0.000517,0.001337,0.00058173,0.001426,0.001337,0.006086,0.63882,-0.004424,0.007922,-0.004852,0.003876,0.001697,-0.004097,0.006185714285714285,1.401,0.8684,2.8,4
989,1,0,0,0.4249,0.055,0.5656,0.045,69.99997270451806,0.04,0.0286,0.045,0.0349,0.02335,0.013,0.0318,0.015,0.0358,0.0462,0.0406,68.0,0.2087,0.4762,0.068,0.13,0.0,0.0,0.33,0.3,0.009,0.002809,0.001679,0.003808,0.00068981,0.009268,0.003468,0.001089,0.589939,0.01435,-0.02933,0.01694,-0.01639,0.001682,-0.0059915,0.005121428571428569,0.2582,0.7785,5.34,4
991,1,0,0,0.385,-0.02,0.5656,0.045,75.00000349528622,0.04,0.0286,0.045,0.0365,0.02335,0.013,0.0318,0.015,0.0553,0.033,0.0379,75.0,0.1292,0.279,0.068,0.13,0.0,0.0,0.33,0.3,0.009,0.002959,0.00089,0.006683,0.00212,0.003105,0.002878,0.00075364,0.682758,-0.005852,0.009816,-0.005623,0.00562,0.001554,-0.0073574999999999995,0.004649999999999997,0.6046,0.6714,4.33,4
992,0,0,1,0.405,0.075,0.5656,0.045,74.0000202554444,0.04,0.0286,0.045,0.0365,0.02335,0.013,0.0318,0.015,0.0508,0.0525,0.0386,74.0,0.095,0.3525,0.068,0.13,0.0,0.0,0.33,0.3,0.009,0.0024,0.008384,0.005902,0.00056248,0.00061498,0.004684,0.001682,0.664027,0.02782,-0.05001,0.03408,-0.024,0.001979,-0.0079925,0.00733571428571428,0.7643,1.68,3.35,4
993,1,0,0,0.377825,-0.01277,0.5656,0.03,74.49998322747555,0.05,0.0286,0.045,0.0365,0.025,0.014,0.0318,0.015,0.03,0.0244,0.025,74.5,0.1153,0.4372,0.068,0.12,0.0,0.0,0.33,0.3,0.009,0.00076,0.004883,0.000854,0.001455,0.007312,0.001309,0.003418,0.646909,-0.004555,0.007513,-0.004354,0.004362,0.0006236,-0.005057,0.0018714285714285718,1.15,0.8757,5.33,4
994,1,0,0,0.43,0.07,0.5656,0.045,75.00000349528622,0.04,0.0286,0.045,0.0365,0.02335,0.013,0.0318,0.015,0.0608,0.0491,0.0447,71.0,0.1785,0.5591,0.068,0.13,0.0,0.0,0.33,0.3,0.009,0.000837,0.002573,0.000575,0.001108,0.004109,0.009543,0.001769,0.66401,0.02547,-0.05575,0.03095,-0.03017,0.001343,-0.010884999999999999,0.0033571428571428563,0.2251,0.5727,3.92,4
995,1,0,0,0.625,0.05,0.5656,0.1,71.00001324013941,0.04,0.0286,0.045,0.05,0.02335,0.013,0.0318,0.015,0.04,0.1,0.03,72.0,0.1481,0.61,0.068,0.135,0.0,0.0,0.33,0.3,0.009,0.00446,0.000543,0.00163,0.001321,0.00097421,0.001148,0.001556,0.655053,-0.004289,0.01205,-0.00502,0.005592,0.002014,-0.004312,0.0028142857142857158,0.4858,0.3967,4.33,4
996,0,0,1,0.38531,0.07,0.5656,0.15,89.99998127603168,0.04,0.035,0.05,0.0365,0.025,0.0165,0.0318,0.015,0.06,0.02,0.04,73.0,0.11,0.51,0.068,0.13,0.0,0.0,0.33,0.3,0.009,0.005958,0.000623,0.004606,0.00082942,0.008818,0.00051334,0.005993,0.632053,0.009563,-0.01636,0.01161,-0.007119,0.002218,-0.0021075,0.008364285714285715,1.303,1.122,3.99,4
997,0,0,1,0.46709,-0.02,0.5656,0.06,71.99999647998123,0.04,0.0327,0.045,0.043,0.028,0.02,0.0318,0.015,0.044,0.0611,0.02,72.0,0.12,0.3411,0.068,0.135,0.0,0.0,0.33,0.3,0.009,0.003723,0.004809,0.009261,0.00906,0.004418,0.006615,0.001205,0.661178,-0.006271,0.01056,-0.006037,0.00549,0.001071,-0.0057859999999999995,0.003157142857142861,2.043,2.135,5.13,4
998,1,0,0,0.43,0.07,0.5656,0.045,74.0000202554444,0.04,0.0286,0.04,0.0365,0.02335,0.013,0.0318,0.015,0.0593,0.0489,0.0455,69.0,0.175,0.5489,0.068,0.13,0.0,0.0,0.33,0.3,0.009,0.006037,0.005744,0.00084,0.002354,0.003514,0.007879,0.002562,0.656676,0.01802,-0.03834,0.02169,-0.02048,0.0008563,-0.0072925,0.0023785714285714282,0.3032,0.8069,6.02,4
999,0,0,1,0.31796,0.0,0.5656,0.045,71.99999647998123,0.04,0.0286,0.045,0.0365,0.02335,0.0165,0.0318,0.015,0.044,0.0464,0.0335,71.5,0.1112,0.43,0.068,0.12,0.0,0.0,0.33,0.3,0.009,0.001356,0.000634,0.000519,0.002884,0.006244,0.00138,0.0053,0.597254,-0.005811,0.007984,-0.005855,0.004211,0.001429,-0.0039945,0.004007142857142859,2.879,2.652,2.48,4
1000,1,0,0,0.435,0.07,0.5656,0.045,75.00000349528622,0.04,0.0286,0.045,0.0365,0.02335,0.013,0.0318,0.015,0.0551,0.0437,0.0417,70.0,0.1804,0.5537,0.068,0.13,0.0,0.0,0.33,0.3,0.009,0.001925,0.002472,0.000811,0.00748,0.002352,0.005494,0.003042,0.64386,0.01411,-0.03022,0.01681,-0.01623,0.0008408,-0.005691,0.0025285714285714295,0.3649,1.024,4.85,4
1001,1,0,0,0.425,0.07,0.5656,0.045,75.00000349528622,0.04,0.0286,0.045,0.0365,0.02335,0.013,0.0318,0.015,0.047,0.0498,0.0336,72.0,0.1908,0.5398,0.068,0.13,0.0,0.0,0.33,0.3,0.009,0.001652,0.001676,0.008961,0.00137,0.00728,0.001788,0.00052935,0.649557,0.01738,-0.03843,0.02094,-0.02195,0.001947,-0.0081595,0.004835714285714289,0.3118,0.8263,5.87,4
1002,1,0,0,0.425,0.02,0.5656,0.045,71.99999647998123,0.03,0.0277,0.04,0.0365,0.02335,0.0185,0.03,0.015,0.035,0.05,0.03,68.5,0.125,0.485,0.1,0.135,0.0,0.0,0.33,0.3,0.0112,0.004109,0.002343,0.004109,0.00069386,0.00083673,0.00091884,0.004955,0.664774,-0.003318,0.006436,-0.003478,0.003565,0.001035,-0.004052999999999999,0.003671428571428569,1.164,0.7395,6.91,4
1003,1,0,0,0.41418,0.025,0.5656,0.045,73.49999998763374,0.04,0.0286,0.045,0.0365,0.02335,0.013,0.0318,0.015,0.0526,0.0524,0.031,72.5,0.115,0.402,0.068,0.135,0.0,0.0,0.33,0.3,0.009,0.003876,0.003368,0.00839,0.008196,0.001966,0.002793,0.005014,0.61417,-0.002552,0.004159,-0.002703,0.001984,0.0005882,-0.0016125,0.0016071428571428565,1.319,1.858,7.31,4
1004,1,0,0,0.425,0.04,0.5656,0.05,71.00001324013941,0.04,0.0286,0.04,0.0365,0.02335,0.013,0.0318,0.015,0.05,0.07,0.025,67.5,0.115,0.527,0.068,0.13,0.0,0.0,0.33,0.3,0.009,0.004536,0.009862,0.00169,0.00066943,0.00070666,0.002963,0.0008132,0.671605,-0.01045,0.01985,-0.0113,0.01078,0.001318,-0.010935,0.0035000000000000057,0.7685,0.6704,5.38,4
1005,1,0,0,0.37,0.035,0.5656,0.065,74.0000202554444,0.04,0.0286,0.045,0.0365,0.02335,0.013,0.0272,0.015,0.0478,0.0643,0.0338,74.0,0.1508,0.5093,0.068,0.135,0.0,0.0,0.33,0.3,0.009,0.000892,0.000852,0.002024,0.002499,0.001268,0.002681,0.008341,0.64028,-0.002125,0.004373,-0.002414,0.002507,0.0008206,-0.003091,0.002128571428571426,2.029,1.485,5.64,4
1006,0,0,1,0.405,0.07,0.5656,0.045,74.0000202554444,0.04,0.0286,0.045,0.0365,0.02335,0.013,0.0318,0.015,0.0485,0.0475,0.0369,73.0,0.145,0.5675,0.068,0.13,0.0,0.0,0.33,0.3,0.009,0.00074,0.000706,0.002441,0.003014,0.009942,0.009942,0.003271,0.669053,0.02687,-0.05485,0.03252,-0.0297,0.002668,-0.010715,0.006071428571428571,0.7417,2.057,2.92,4
1007,0,0,1,0.405,0.07,0.5656,0.045,74.0000202554444,0.04,0.0286,0.045,0.0365,0.02335,0.013,0.0318,0.015,0.0497,0.029,0.0435,73.0,0.1286,0.5608,0.068,0.13,0.0,0.0,0.33,0.3,0.009,0.002718,0.004677,0.002853,0.00058003,0.008083,0.004373,0.00080609,0.657104,0.04849,-0.09218,0.0585,-0.04753,0.002565,-0.016665,0.00778571428571429,0.5347,1.118,2.99,4
1008,0,0,1,0.40502,0.02,0.5656,0.045,69.50000973248692,0.04,0.0286,0.045,0.0365,0.02335,0.013,0.0318,0.015,0.0466,0.0465,0.0362,74.5,0.145,0.5125,0.068,0.13,0.0,0.0,0.33,0.3,0.009,0.000578,0.009156,0.005345,0.002087,0.002272,0.00084813,0.003908,0.610386,-0.005459,0.01005,-0.00575,0.005229,0.001204,-0.005112,0.0034571428571428574,2.704,2.58,3.96,4
1009,1,0,0,0.38,-0.02,0.5656,0.045,74.0000202554444,0.04,0.0286,0.045,0.0365,0.02585,0.019,0.0318,0.015,0.0414,0.0282,0.0345,73.5,0.12,0.4482,0.068,0.12,0.0,0.0,0.33,0.3,0.009,0.002805,0.001323,0.006108,0.001609,0.001323,0.00642,0.003792,0.596226,-0.002735,0.003912,-0.002608,0.002002,0.0007028,-0.0017655000000000001,0.002035714285714285,1.373,1.566,5.64,4
1010,1,0,0,0.41,0.07,0.5656,0.045,72.99997971982306,0.0444,0.0286,0.0444,0.0365,0.0254,0.018555,0.0318,0.015,0.0493,0.0486,0.0342,73.0,0.145,0.509,0.0318,0.13,0.0,0.0,0.33,0.3,0.009,0.004225,0.003334,0.002922,0.008987,0.006271,0.00099874,0.001084,0.65331,0.01889,-0.03647,0.02217,-0.01979,0.0008696,-0.006994,0.0011428571428571458,0.273,0.7939,6.07,4
1011,1,0,0,0.419,0.04,0.5656,0.075,72.99997971982306,0.04,0.0282,0.045,0.0365,0.0205,0.013,0.031,0.015,0.0469,0.075,0.0344,71.5,0.11,0.532,0.068,0.135,0.0,0.0,0.33,0.3,0.009,0.002167,0.002308,0.003558,0.001725,0.00076586,0.001537,0.00271,0.676501,-0.004669,0.009168,-0.00512,0.004978,0.001357,-0.005124999999999999,0.0030428571428571436,1.047,1.167,4.79,4
1012,1,0,0,0.439,0.069,0.5656,0.045,74.0000202554444,0.04,0.0286,0.045,0.0365,0.02335,0.013,0.0318,0.015,0.0453,0.0513,0.0305,73.0,0.2763,0.5443,0.068,0.13,0.0,0.0,0.33,0.3,0.009,0.006285,0.008658,0.001624,0.002154,0.00087107,0.001044,0.009934,0.71274,0.008127,-0.02472,0.009954,-0.01659,0.0006562,-0.006765,0.0018142857142857134,0.2832,0.6477,9.76,4
1014,0,0,1,0.4,0.045,0.5656,0.045,74.0000202554444,0.04,0.0302,0.035,0.0365,0.02335,0.013,0.035,0.015,0.0488,0.0372,0.0385,73.0,0.1447,0.5672,0.068,0.13,0.0,0.0,0.33,0.3,0.009,0.001582,0.005242,0.000589,0.00071812,0.001845,0.009776,0.007513,0.624859,-0.005572,0.01144,-0.006391,0.006111,0.001449,-0.006128,0.00447142857142857,2.686,1.587,3.67,4
1015,0,0,1,0.4,0.045,0.5656,0.045,74.0000202554444,0.04,0.0302,0.035,0.0365,0.02335,0.013,0.035,0.015,0.0488,0.0372,0.0385,73.0,0.1447,0.5672,0.068,0.13,0.0,0.0,0.33,0.3,0.009,0.002379,0.007793,0.009963,0.005825,0.003119,0.00096217,0.002976,0.624859,-0.005098,0.009605,-0.005574,0.00514,0.001145,-0.005350000000000001,0.0034142857142857148,1.889,2.941,4.63,4
1016,0,0,1,0.4,0.045,0.5656,0.045,74.0000202554444,0.04,0.0302,0.035,0.0365,0.02335,0.013,0.035,0.015,0.0488,0.0372,0.0385,73.0,0.1447,0.5672,0.068,0.13,0.0,0.0,0.33,0.3,0.009,0.00101,0.001126,0.001957,0.002137,0.00781,0.00086536,0.004667,0.624859,-0.005821,0.01159,-0.006547,0.006194,0.001921,-0.0063275,0.004507142857142854,2.545,2.364,2.92,4
1017,1,0,0,0.45,0.08,0.5656,0.05,72.99997971982306,0.04,0.0286,0.045,0.0365,0.02335,0.013,0.0318,0.015,0.0469,0.032,0.0485,72.0,0.1388,0.567,0.068,0.13,0.0,0.0,0.33,0.3,0.009,0.004256,0.000827,0.005254,0.00095167,0.00179,0.006486,0.008006,0.664379,0.008752,-0.01905,0.01097,-0.009578,0.001381,-0.0032975,0.0028785714285714296,0.5417,0.9172,7.49,4
1018,1,0,0,0.41,0.06,0.5656,0.045,72.99997971982306,0.04,0.0286,0.045,0.0365,0.02335,0.013,0.0318,0.015,0.0495,0.0491,0.0332,73.5,0.1453,0.4941,0.068,0.13,0.0,0.0,0.33,0.3,0.009,0.000828,0.000985,0.006406,0.006194,0.004047,0.007393,0.001869,0.649325,0.01291,-0.02458,0.01503,-0.0131,0.001287,-0.0046055,0.003335714285714288,0.4355,1.185,5.02,4
1019,0,0,1,0.405,0.07,0.5656,0.045,74.0000202554444,0.04,0.0286,0.045,0.0365,0.02335,0.013,0.0318,0.015,0.052,0.0469,0.0382,73.0,0.145,0.6,0.068,0.13,0.0,0.0,0.33,0.3,0.009,0.008514,0.000598,0.000989,0.00405,0.00056703,0.00974,0.00196,0.632384,0.03576,-0.06745,0.04298,-0.03424,0.003169,-0.011779999999999999,0.0074285714285714345,0.5381,1.548,2.01,4
1021,1,0,0,0.37,0.048,0.5656,0.037,74.0000202554444,0.04,0.0286,0.045,0.0365,0.02335,0.013,0.0318,0.015,0.049,0.0488,0.0311,73.5,0.12,0.47,0.068,0.135,0.0,0.0,0.33,0.3,0.009,0.00511,0.001056,0.001992,0.001378,0.00057791,0.00094474,0.006826,0.629238,-0.002426,0.004477,-0.002817,0.002413,0.0008931,-0.002438,0.0022142857142857138,1.513,1.408,5.55,4
1022,0,0,1,0.4,0.045,0.5656,0.045,74.0000202554444,0.04,0.0302,0.035,0.0365,0.02335,0.013,0.035,0.015,0.0488,0.0372,0.0385,73.0,0.1447,0.5672,0.068,0.13,0.0,0.0,0.33,0.3,0.009,0.005065,0.000777,0.001457,0.002615,0.002279,0.004653,0.00073245,0.624859,-0.01535,0.02842,-0.01668,0.0155,0.003968,-0.01611,0.009142857142857154,1.411,1.289,1.89,4
1023,0,0,1,0.4,0.045,0.5656,0.045,74.0000202554444,0.04,0.0302,0.035,0.0365,0.02335,0.013,0.035,0.015,0.0488,0.0372,0.0385,73.0,0.1447,0.5672,0.068,0.13,0.0,0.0,0.33,0.3,0.009,0.003087,0.001297,0.003631,0.005166,0.007747,0.005486,0.009452,0.624859,-0.004097,0.008103,-0.004605,0.004315,0.001382,-0.004417,0.003328571428571424,2.594,3.143,4.48,4
1024,1,0,0,0.37,0.0,0.5656,0.16,72.50001674779189,0.04,0.0431,0.045,0.053,0.03285,0.0215,0.0318,0.015,0.0522,0.0406,0.0261,69.5,0.12,0.3006,0.068,0.13,0.0,0.0,0.33,0.3,0.009,0.003677,0.002528,0.004038,0.009377,0.00291,0.003592,0.001887,0.609663,-0.001133,0.002365,-0.001136,0.0008201,0.0002154,-0.0008573,0.0007957142857142857,1.186,2.853,7.18,4
1025,1,0,0,0.37,0.0,0.5656,0.16,72.50001674779189,0.04,0.0431,0.045,0.053,0.03285,0.0215,0.0318,0.015,0.0522,0.0406,0.0261,69.5,0.12,0.3006,0.068,0.13,0.0,0.0,0.33,0.3,0.009,0.000933,0.009397,0.000874,0.001571,0.001223,0.003568,0.003589,0.609663,-0.001249,0.002965,-0.001223,0.0009833,0.00016,-0.00084915,0.0005178571428571434,0.8742,2.773,7.98,4
1026,1,0,0,0.37,0.0,0.5656,0.16,72.50001674779189,0.04,0.0431,0.045,0.053,0.03285,0.0215,0.0318,0.015,0.0522,0.0406,0.0261,69.5,0.12,0.3006,0.068,0.13,0.0,0.0,0.33,0.3,0.009,0.004145,0.001185,0.001118,0.00122,0.001694,0.007663,0.003623,0.609663,-0.001117,0.002724,-0.001126,0.0009072,0.0002813,-0.00081905,0.0008321428571428576,1.005,2.504,5.98,4
1027,0,0,1,0.4,0.045,0.5656,0.045,74.0000202554444,0.04,0.0302,0.035,0.0365,0.02335,0.013,0.035,0.015,0.0488,0.0372,0.0385,73.0,0.1447,0.5672,0.068,0.13,0.0,0.0,0.33,0.3,0.009,0.008277,0.0057,0.002035,0.002747,0.007626,0.001411,0.00070382,0.624859,-0.01363,0.02486,-0.01468,0.01356,0.001983,-0.01418,0.005285714285714293,1.551,1.433,3.1,4
1029,0,0,1,0.395,0.05,0.5656,0.07,75.00000349528622,0.04,0.0302,0.044,0.0365,0.0175,0.015,0.035,0.015,0.0487,0.0374,0.0417,74.0,0.1304,0.59,0.068,0.13,0.0,0.0,0.33,0.3,0.009,0.002091,0.000954,0.001904,0.009404,0.00075089,0.001131,0.002596,0.649884,-0.007885,0.01574,-0.009049,0.008472,0.003271,-0.009174,0.006371428571428574,1.981,2.019,2.34,4
1030,0,0,1,0.4,0.045,0.5656,0.045,74.0000202554444,0.04,0.0257,0.032,0.0365,0.02335,0.013,0.029,0.015,0.0488,0.0372,0.0385,73.0,0.1447,0.5672,0.068,0.13,0.0,0.0,0.33,0.3,0.009,0.001082,0.003655,0.004408,0.008489,0.00064681,0.00056207,0.00276,0.624859,-0.007304,0.01373,-0.008003,0.007315,0.001312,-0.007601500000000001,0.004278571428571426,2.132,2.022,3.0,4
1031,0,0,1,0.4,0.045,0.5656,0.045,74.0000202554444,0.04,0.0257,0.032,0.0365,0.02335,0.013,0.029,0.015,0.0488,0.0372,0.0385,73.0,0.1447,0.5672,0.068,0.13,0.0,0.0,0.33,0.3,0.009,0.005162,0.000521,0.002072,0.001679,0.001978,0.003991,0.003509,0.624859,-0.007541,0.01489,-0.008487,0.00809,0.002908,-0.008232,0.0064,2.191,1.939,2.53,4
1032,0,0,1,0.4,0.045,0.5656,0.045,74.0000202554444,0.04,0.0257,0.032,0.0365,0.02335,0.013,0.029,0.015,0.0488,0.0372,0.0385,73.0,0.1447,0.5672,0.068,0.13,0.0,0.0,0.33,0.3,0.009,0.005406,0.002886,0.001557,0.001853,0.00088262,0.00051824,0.00052742,0.624859,-0.02291,0.04168,-0.02454,0.02295,0.002759,-0.023795,0.00778571428571429,1.001,0.923,2.08,4
1034,0,0,1,0.4,0.045,0.5656,0.045,74.0000202554444,0.04,0.0257,0.032,0.0365,0.02335,0.013,0.029,0.015,0.0488,0.0372,0.0385,73.0,0.1447,0.5672,0.068,0.13,0.0,0.0,0.33,0.3,0.009,0.003756,0.000959,0.000608,0.00073405,0.001101,0.001202,0.00948,0.624859,-0.00538,0.0113,-0.006276,0.006061,0.002214,-0.005886000000000001,0.0073142857142857115,2.709,1.097,3.37,4
1035,0,0,1,0.415,0.04,0.5656,0.06,70.43794164311606,0.04,0.05,0.052,0.0525,0.0325,0.021,0.04,0.015,0.035,0.08,0.028,70.43794,0.13,0.405,0.068,0.13,0.0,0.0,0.33,0.3,0.009,0.004273,0.009938,0.003897,0.00080875,0.004323,0.001732,0.005618,0.627087,-0.001085,0.002297,-0.001277,0.001197,0.0004074,-0.001248,0.0012857142857142859,4.108,3.106,7.59,4
1036,1,0,0,0.405,0.07,0.5656,0.045,74.0000202554444,0.04,0.0286,0.045,0.0365,0.02335,0.013,0.0318,0.015,0.0498,0.0493,0.0289,73.0,0.145,0.5153,0.068,0.13,0.016,0.018,0.33,0.3,0.009,0.000683,0.008012,0.000787,0.002005,0.00063046,0.005398,0.00051673,0.652653,0.1008,-0.4184,0.1581,-0.1276,0.001236,-0.037790000000000004,0.004142857142857172,0.02804,0.2277,3.75,4
1037,1,0,0,0.45,0.07,0.5656,0.04,72.99997971982306,0.0381,0.0277,0.036,0.034,0.02125,0.0109,0.03,0.016,0.0404,0.0311,0.0482,73.0,0.1324,0.5611,0.068,0.13,0.0,0.0,0.33,0.3,0.0106,0.001962,0.001708,0.00406,0.007088,0.00089595,0.002227,0.003111,0.639846,0.01399,-0.02823,0.01665,-0.01387,0.001334,-0.004595,0.003228571428571429,0.3863,1.141,4.87,4
1038,0,0,1,0.39833,0.0,0.5656,0.045,74.0000202554444,0.04,0.0286,0.045,0.0365,0.0297,0.019,0.0318,0.015,0.0493,0.0406,0.0266,71.0,0.09,0.2706,0.068,0.135,0.0,0.0,0.33,0.3,0.009,0.003853,0.000714,0.006153,0.001376,0.001739,0.00057876,0.002385,0.606509,-0.007156,0.009875,-0.007049,0.004385,0.001715,-0.0035155,0.005464285714285714,1.807,2.629,2.78,4
1039,1,0,0,0.8,0.0,0.5656,0.045,75.00000349528622,0.04,0.0286,0.045,0.0381,0.02335,0.013,0.0318,0.015,0.075,0.0378,0.05,45.0,0.3153,0.425,0.068,0.13,0.0,0.0,0.33,0.3,0.009,0.000744,0.006821,0.002811,0.001359,0.001651,0.00176,0.00093034,0.522011,-0.002763,0.007098,-0.002879,0.002593,0.001959,-0.0017274999999999999,0.004264285714285714,0.5462,1.175,6.73,4
1041,0,0,1,0.405,0.07,0.5656,0.045,74.0000202554444,0.04,0.0286,0.045,0.0365,0.02335,0.013,0.0318,0.015,0.0499,0.049,0.034,73.0,0.145,0.515,0.068,0.13,0.0,0.0,0.33,0.3,0.009,0.008178,0.007307,0.000563,0.001905,0.006713,0.00937,0.005902,0.653639,0.02312,-0.04523,0.02783,-0.02403,0.001279,-0.008591499999999998,0.0035071428571428575,0.7366,1.87,4.32,4
1043,1,0,0,0.445,0.06,0.5656,0.045,72.50001674779189,0.038,0.0287,0.036,0.0365,0.02335,0.013,0.032,0.015,0.0573,0.0385,0.0292,70.0,0.115,0.4,0.1,0.175,0.0,0.0,0.33,0.3,0.009,0.006046,0.000736,0.005906,0.007291,0.003067,0.003967,0.003214,0.699603,0.01385,-0.02753,0.01617,-0.0142,0.001473,-0.0048785,0.004550000000000003,0.4005,1.107,6.25,4
1044,1,0,0,0.44,0.065,0.5656,0.025,72.99997971982306,0.04,0.0254,0.032,0.0365,0.02335,0.013,0.0286,0.015,0.0354,0.0163,0.0289,71.0,0.1219,0.5613,0.068,0.135,0.0,0.0,0.33,0.3,0.009,0.004112,0.000568,0.002059,0.00054947,0.00295,0.001634,0.00053441,0.650858,0.04233,-0.08207,0.05044,-0.04128,0.004231,-0.01421,0.009428571428571427,0.1873,0.4654,2.99,4
1045,1,0,0,0.415,0.068,0.5656,0.02,73.49999998763374,0.04,0.027,0.0318,0.0365,0.0175,0.0125,0.0286,0.015,0.0336,0.0147,0.0538,73.0,0.147,0.5447,0.068,0.13,0.0,0.0,0.33,0.3,0.007,0.000657,0.001149,0.000896,0.001273,0.00086789,0.009783,0.006345,0.640477,0.01109,-0.02372,0.01386,-0.01222,0.001606,-0.004333999999999999,0.002942857142857143,0.411,0.9731,4.35,4
1046,1,0,0,0.44,0.065,0.5656,0.025,72.99997971982306,0.04,0.0254,0.032,0.0365,0.02335,0.013,0.0286,0.015,0.0352,0.0163,0.0289,71.0,0.1421,0.5813,0.068,0.135,0.0,0.0,0.33,0.3,0.009,0.004174,0.002875,0.001359,0.00068654,0.001819,0.003258,0.00069972,0.654441,0.04301,-0.08831,0.05129,-0.04653,0.001882,-0.01651,0.00471428571428572,0.1734,0.4671,3.81,4
1047,0,0,1,0.39459,0.0,0.5656,0.045,74.0000202554444,0.05,0.0371,0.045,0.0415,0.03435,0.0205,0.0318,0.015,0.0562,0.0354,0.0325,70.5,0.1,0.2854,0.068,0.135,0.0,0.0,0.33,0.3,0.009,0.002008,0.008024,0.004023,0.00082037,0.001133,0.0009022,0.002107,0.593278,-0.004131,0.005636,-0.004032,0.002433,0.0005389,-0.0013644999999999998,0.0029785714285714285,2.364,2.18,4.45,4
1049,1,0,0,0.41,0.067,0.5656,0.045,74.0000202554444,0.04,0.0286,0.045,0.0365,0.02335,0.013,0.0318,0.015,0.0462,0.0331,0.0315,72.0,0.1418,0.56,0.068,0.13,0.0,0.0,0.33,0.3,0.009,0.009942,0.000832,0.006998,0.003233,0.002619,0.003014,0.001822,0.674517,0.01453,-0.02914,0.01726,-0.01602,0.00154,-0.005797999999999999,0.003671428571428569,0.3147,1.094,5.43,4
1050,1,0,0,0.41,0.072,0.5656,0.06,73.49999998763374,0.04,0.02855,0.038,0.03655,0.01825,0.0118,0.0286,0.015,0.0466,0.0329,0.0359,73.25,0.1486,0.545,0.068,0.13,0.016,0.018,0.33,0.3,0.009,0.000799,0.002925,0.003445,0.00955,0.008658,0.00055675,0.001428,0.641912,0.03763,-0.1586,0.05758,-0.05,0.001513,-0.01423,0.005571428571428567,0.1322,0.4836,4.8,4
1051,1,0,0,0.447,0.05,0.5656,0.045,74.0000202554444,0.04,0.0286,0.045,0.0365,0.02335,0.013,0.0318,0.015,0.0475,0.0534,0.0466,70.5,0.155,0.5434,0.068,0.13,0.0,0.0,0.33,0.3,0.009,0.00641,0.003329,0.000512,0.003655,0.002634,0.004841,0.00098568,0.686302,-0.01116,0.0248,-0.01212,0.01416,0.001306,-0.016675000000000002,0.0036428571428571426,0.4656,0.1949,4.51,4
1052,0,0,1,0.41,0.071876,0.5656,0.15,72.69144194714511,0.04,0.0352,0.045,0.0365,0.02335,0.014,0.0318,0.015,0.0546,0.0405,0.0446,74.19144,0.1933,0.64,0.068,0.13,0.016,0.0,0.33,0.3,0.009,0.002083,0.002937,0.007873,0.001237,0.004623,0.007169,0.001486,0.674876,0.01941,-0.04415,0.02364,-0.02605,0.002266,-0.009995500000000001,0.005921428571428583,0.8596,1.932,4.41,4
1053,1,0,0,0.39,-0.007,0.5656,0.15,71.00001324013941,0.0381,0.0286,0.0318,0.034,0.022,0.0105,0.0286,0.015,0.0306,0.315,0.05,71.0,0.2876,0.55,0.068,0.12,0.0,0.0,0.33,0.3,0.0106,0.005653,0.001995,0.001073,0.009971,0.003022,0.001348,0.004097,0.56354,-0.002099,0.006366,-0.002093,0.003172,0.0005519,-0.0048185,0.0026499999999999983,1.278,1.101,5.43,4
1054,1,0,0,0.42,0.07,0.5656,0.03,72.50001674779189,0.04,0.0272,0.036,0.0365,0.018,0.013,0.029,0.015,0.0363,0.0168,0.0335,72.5,0.1581,0.5368,0.068,0.13,0.0,0.0,0.33,0.3,0.007,0.000697,0.001277,0.002367,0.00378,0.00508,0.00080905,0.002459,0.65707,0.01579,-0.0337,0.01912,-0.01867,0.001772,-0.0068035000000000005,0.003950000000000004,0.3528,0.9569,4.03,4
1055,1,0,0,0.40278,0.05,0.5656,0.15,74.0000202554444,0.04,0.0286,0.045,0.0365,0.02335,0.014,0.0318,0.015,0.035,0.07,0.035,71.5,0.19,0.635,0.068,0.12,0.0,0.0,0.33,0.3,0.009,0.001213,0.000684,0.000535,0.001926,0.001796,0.005331,0.00214,0.669394,-0.004858,0.01227,-0.00544,0.007491,0.001593,-0.01106,0.004142857142857147,1.169,0.6516,3.22,4
1056,0,0,1,0.32501,0.0,0.5656,0.15,71.00001324013941,0.04,0.0286,0.045,0.0365,0.02335,0.0155,0.0318,0.015,0.0457,0.1022,0.038,73.0,0.2,0.35,0.068,0.12,0.0,0.0,0.33,0.3,0.009,0.002162,0.001062,0.004091,0.003453,0.004613,0.005434,0.00053558,0.57511,-0.005567,0.00879,-0.005585,0.005432,0.001975,-0.009611,0.007414285714285719,1.406,1.21,2.21,4
1057,1,0,0,0.42,0.05,0.5656,0.045,74.0000202554444,0.04,0.0286,0.045,0.0365,0.02335,0.013,0.0318,0.015,0.0409,0.0504,0.0229,70.0,0.105,0.51,0.068,0.135,0.0,0.0,0.33,0.3,0.009,0.000582,0.00764,0.000827,0.002159,0.004898,0.004357,0.002013,0.685883,-0.007179,0.01407,-0.007827,0.007814,0.0009091,-0.008550499999999999,0.002507142857142849,0.8771,0.7871,5.14,4
1058,0,0,1,0.418,0.04756,0.5656,0.06,70.49999297232874,0.04,0.063,0.05,0.0565,0.0325,0.021,0.04,0.015,0.036,0.08,0.035,70.5,0.13,0.4,0.068,0.13,0.0,0.0,0.33,0.3,0.009,0.001283,0.00247,0.000606,0.001865,0.00916,0.00056537,0.00372,0.621807,-0.001633,0.003453,-0.001879,0.001724,0.0005102,-0.0019215,0.0013642857142857157,3.154,3.843,4.24,4
1059,1,0,0,0.447,0.06,0.5656,0.045,73.49999998763374,0.04,0.0286,0.045,0.0365,0.02335,0.013,0.0318,0.015,0.0472,0.054,0.0349,71.5,0.18,0.534,0.068,0.135,0.0,0.0,0.33,0.3,0.009,0.001394,0.001201,0.002266,0.006846,0.003715,0.007154,0.008728,0.680326,0.009405,-0.02155,0.01107,-0.01215,0.0008826,-0.0044150000000000005,0.002114285714285716,0.5054,1.375,7.34,4
1060,1,0,0,0.36,0.045,0.5656,0.045,72.99997971982306,0.04,0.0286,0.045,0.0365,0.02335,0.013,0.0318,0.015,0.0484,0.047,0.0371,74.0,0.15,0.547,0.068,0.135,0.016,0.0,0.33,0.3,0.009,0.000742,0.003602,0.006244,0.001713,0.00091081,0.00297,0.001995,0.640503,-0.003203,0.006174,-0.003538,0.003608,0.0007293,-0.004549,0.002299999999999995,1.421,1.17,5.34,4
1063,1,0,0,0.43,0.055,0.5656,0.045,72.50001674779189,0.04,0.0286,0.045,0.0365,0.02335,0.013,0.0318,0.015,0.0369,0.039,0.0369,72.5,0.2786,0.63,0.068,0.13,0.0,0.0,0.33,0.3,0.009,0.004272,0.000608,0.001363,0.005963,0.00068129,0.008095,0.00937,0.671277,0.007545,-0.0224,0.009051,-0.01439,0.0009905,-0.0056845,0.0023214285714285693,0.542,1.393,7.1,4
1064,0,0,1,0.406,0.069,0.5656,0.045,73.49999998763374,0.04,0.0375,0.055,0.044,0.0335,0.0115,0.04,0.015,0.0666,0.0456,0.0283,73.0,0.17,0.6256,0.068,0.13,0.016,0.0,0.33,0.3,0.02,0.001642,0.003962,0.000828,0.006688,0.0008503,0.00097849,0.002905,0.671236,0.01626,-0.03366,0.01923,-0.01868,0.0005338,-0.0073515,0.0018357142857142815,0.9586,2.633,3.84,4
1066,1,0,0,0.435,0.075,0.5656,0.045,73.49999998763374,0.04,0.0286,0.045,0.0365,0.02335,0.013,0.0318,0.015,0.0515,0.0486,0.04,72.0,0.12,0.5182,0.068,0.135,0.0,0.0,0.33,0.3,0.009,0.000988,0.000936,0.000783,0.008915,0.002117,0.00061588,0.001422,0.659019,0.02638,-0.05117,0.03147,-0.02544,0.001757,-0.008412,0.004271428571428568,0.2364,0.7004,3.07,4
1067,0,0,1,0.42,0.015,0.5656,0.05,72.29999718151174,0.06,0.0302,0.0583,0.0365,0.02,0.02,0.03,0.015,0.0607,0.052,0.0343,70.0,0.1409,0.457,0.068,0.13,0.02,0.0,0.36,0.3,0.009,0.003401,0.000762,0.003102,0.00093614,0.002155,0.000528,0.005784,0.643029,-0.006142,0.01047,-0.005655,0.005813,0.003107,-0.0045825,0.014049999999999995,1.633,0.776,3.55,4
1068,1,0,0,0.365,0.04,0.5656,0.05,72.99997971982306,0.04,0.0286,0.045,0.0365,0.02335,0.013,0.0318,0.015,0.0485,0.05,0.0323,74.0,0.1497,0.52,0.068,0.135,0.016,0.0,0.33,0.3,0.009,0.000827,0.004256,0.000639,0.004898,0.00055553,0.004256,0.003967,0.649429,-0.003322,0.00637,-0.003585,0.00373,0.0005128,-0.0047945,0.00187857142857143,1.42,1.006,4.93,4
1069,1,0,0,0.36,0.045,0.5656,0.05,73.49999998763374,0.04,0.0286,0.045,0.0365,0.02335,0.013,0.0318,0.015,0.0484,0.047,0.0371,74.0,0.15,0.547,0.068,0.135,0.016,0.0,0.33,0.3,0.009,0.003288,0.003042,0.002844,0.00547,0.001877,0.005607,0.001247,0.633916,-0.004445,0.008047,-0.00482,0.004698,0.0007477,-0.005870500000000001,0.0025357142857142874,1.225,0.9311,4.8,4
1070,1,0,0,0.37,0.04,0.5656,0.05,75.00000349528622,0.04,0.0277,0.045,0.0365,0.02335,0.013,0.0318,0.015,0.0487,0.035,0.035,74.0,0.0898,0.54,0.068,0.13,0.0,0.0,0.33,0.3,0.009,0.00205,0.000714,0.00413,0.00259,0.00056994,0.00052205,0.008508,0.635804,-0.002446,0.004142,-0.002747,0.002076,0.0008979,-0.0017855,0.0019785714285714276,1.145,1.767,6.19,4
1071,0,0,1,0.4,0.011613,0.5656,0.035,72.1636905220501,0.04,0.0345,0.045,0.0525,0.02625,0.0185,0.03,0.015,0.0709,0.0298,0.0288,71.16368,0.115,0.3198,0.068,0.135,0.0,0.0,0.33,0.3,0.009,0.002665,0.000518,0.00129,0.005636,0.002859,0.008589,0.00077092,0.649232,-0.008837,0.01413,-0.009022,0.007006,0.002222,-0.007206499999999999,0.005578571428571425,2.162,2.124,1.91,4
1072,0,0,1,0.355,-0.0,0.5656,0.035,72.99997971982306,0.04,0.0375,0.043,0.06,0.031,0.0175,0.033,0.015,0.0737,0.0321,0.0396,73.0,0.118,0.2921,0.068,0.135,0.0,0.0,0.33,0.3,0.009,0.000768,0.000998,0.000734,0.00060782,0.00483,0.002613,0.007989,0.606439,-0.0009835,0.002171,-0.001182,0.0008075,0.0004429,-0.0006974500000000001,0.0014207142857142856,4.543,3.543,4.6,4
1073,0,0,1,0.37,0.001876,0.5656,0.045,75.48075,0.04,0.03095,0.045,0.0365,0.028,0.018,0.032,0.015,0.052,0.035,0.021,70.98075,0.115,0.321,0.068,0.13,0.0,0.0,0.33,0.3,0.009,0.000727,0.003252,0.003252,0.00072711,0.006877,0.001538,0.006877,0.59815,-0.004,0.00584,-0.00408,0.00286,0.000888,-0.00238,0.004285714285714288,2.53,2.05,3.76,5
1074,0,0,1,0.355,0.02993,0.5656,0.045,80.14312,0.04,0.03095,0.045,0.0365,0.028,0.018,0.032,0.015,0.052,0.035,0.021,75.64312,0.115,0.313,0.068,0.13,0.0,0.0,0.33,0.3,0.009,0.005204,0.002683,0.001221,0.004118,0.004582,0.002568,0.009466,0.634478,-0.00419,0.00646,-0.00435,0.00359,0.000676,-0.004035,0.0023571428571428537,2.71,2.97,4.4,5
1075,0,0,1,0.381,0.00431,0.5656,0.0335,71.70095,0.04,0.0302,0.044,0.0485,0.028,0.019,0.032,0.015,0.052,0.04,0.021,70.70095,0.115,0.347,0.068,0.13,0.0,0.0,0.33,0.3,0.009,0.004715,0.001515,0.008464,0.003887,0.002269,0.001036,0.009133,0.59246,-0.00165,0.00244,-0.00171,0.00115,0.000519,-0.0009095,0.0012785714285714293,3.9,6.95,5.62,5
1076,0,0,1,0.374,0.03,0.5656,0.0285,73.5,0.04,0.0297,0.0435,0.0475,0.028,0.019,0.032,0.015,0.06,0.035,0.018,72.5,0.113,0.336,0.068,0.13,0.0,0.0,0.33,0.3,0.009,0.006271,0.000891,0.001868,0.003927,0.00425,0.003693,0.001746,0.612964,-0.00532,0.00781,-0.0056,0.00393,0.00123,-0.00395,0.003428571428571428,2.42,3.07,2.77,5
1077,0,0,1,0.411,0.02261,0.5656,0.0285,71.06176,0.04,0.0327,0.048,0.06,0.0335,0.019,0.032,0.015,0.062,0.035,0.018,67.06176,0.11,0.413,0.068,0.13,0.0,0.0,0.33,0.3,0.009,0.001099,0.001347,0.003317,0.00060163,0.008941,0.00067731,0.002196,0.586873,-0.00246,0.00382,-0.00267,0.00159,0.000727,-0.0009205,0.0021357142857142855,4.4,2.64,3.27,5
1078,0,0,1,0.411,0.02566,0.5656,0.0285,70.7909,0.04,0.0327,0.048,0.06,0.0335,0.019,0.032,0.015,0.062,0.035,0.018,66.7909,0.115,0.44,0.068,0.13,0.0,0.0,0.33,0.3,0.009,0.000957,0.005941,0.007685,0.00065826,0.00164,0.006998,0.006153,0.596911,-0.00115,0.00201,-0.00127,0.000847,0.000313,-0.0005505,0.000992857142857143,5.57,3.7,6.32,5
1079,0,0,1,0.398,0.045,0.5656,0.055,73.0,0.04,0.0327,0.048,0.06,0.025,0.0175,0.032,0.015,0.055,0.035,0.032,72.0,0.125,0.5,0.068,0.13,0.0,0.0,0.33,0.3,0.009,0.003448,0.001876,0.004898,0.00063929,0.00056869,0.001556,0.001833,0.636335,-0.00253,0.00503,-0.00295,0.00263,0.00119,-0.0025649999999999996,0.0023571428571428567,2.76,1.41,3.33,5
1080,1,0,0,0.755,0.0775,0.5656,0.045,74.0,0.04,0.0286,0.045,0.0365,0.0297,0.0291,0.0318,0.015,0.0499,0.059,0.034,73.0,0.145,0.525,0.068,0.135,0.0,0.018,0.33,0.3,0.009,0.00319,0.004415,0.009869,0.0007176,0.0027,0.001595,0.00642,0.660018,0.0104,-0.0287,0.0126,-0.0111,0.00116,-0.0032,0.002142857142857142,0.394,1.15,13.71,5
1081,0,0,1,0.4,0.045,0.5656,0.055,73.5,0.04,0.0327,0.048,0.06,0.025,0.0175,0.032,0.015,0.055,0.035,0.032,72.5,0.14,0.53,0.068,0.13,0.0,0.0,0.33,0.3,0.009,0.004262,0.005863,0.001078,0.0007197,0.00234,0.002081,0.001852,0.650399,-0.00317,0.00652,-0.00358,0.00361,0.000947,-0.00394,0.0020000000000000018,3.9,3.07,3.7,5
1082,0,0,1,0.405,0.045,0.5656,0.055,73.5,0.04,0.0327,0.048,0.06,0.025,0.0175,0.032,0.015,0.055,0.035,0.032,73.5,0.155,0.56,0.068,0.13,0.0,0.0,0.33,0.3,0.009,0.002813,0.003209,0.000772,0.00091482,0.0006573,0.00054507,0.00475,0.668779,-0.00142,0.00367,-0.00175,0.002,0.000727,-0.002405,0.0012142857142857142,3.6,2.75,4.33,5
1083,0,0,1,0.425,0.05,0.5656,0.055,69.5,0.04,0.0371,0.045,0.042,0.03435,0.0165,0.031,0.015,0.0438,0.0315,0.0085,63.0,0.1,0.3815,0.068,0.135,0.0,0.0,0.33,0.3,0.009,0.004531,0.007593,0.000682,0.005322,0.001295,0.004574,0.003241,0.586567,-0.00466,0.00692,-0.00507,0.00299,0.000495,-0.001985,0.001357142857142856,2.89,4.12,4.66,5
1084,1,0,0,0.4,0.037,0.5656,0.04,74.5,0.0381,0.0254,0.0317,0.034,0.01735,0.0105,0.0286,0.015,0.044,0.3,0.03,73.0,0.1238,0.5,0.068,0.12,0.0,0.0,0.33,0.3,0.0106,0.003049,0.000682,0.007081,0.005347,0.005102,0.004331,0.004812,0.623444,-0.00337,0.0104,-0.00425,0.00363,0.00178,-0.0032199999999999998,0.0032857142857142846,0.582,1.33,5.86,5
1085,1,0,0,0.44108,0.045,0.5656,0.2,72.0,0.04,0.0286,0.045,0.0365,0.02,0.013,0.0318,0.015,0.0566,0.0316,0.043,72.0,0.1872,0.615,0.068,0.135,0.0,0.0,0.33,0.3,0.009,0.007154,0.000519,0.005065,0.002822,0.004905,0.00056289,0.001487,0.644615,-0.00379,0.0109,-0.00464,0.00547,0.00253,-0.006445,0.004928571428571425,0.435,0.916,5.34,5
1086,0,0,1,0.406,0.07,0.5656,0.08,73.5,0.08,0.0425,0.055,0.05,0.036,0.023,0.035,0.015,0.0528,0.0677,0.0376,72.5,0.1599,0.55,0.068,0.13,0.0,0.0,0.33,0.3,0.009,0.005526,0.002783,0.002029,0.006396,0.008734,0.005698,0.003268,0.646216,0.00804,-0.0161,0.01,-0.00822,0.000481,-0.002925,0.0013571428571428575,1.52,4.25,6.08,5
1087,1,0,0,0.375,0.04,0.5656,0.05,73.5,0.04,0.0286,0.045,0.0365,0.02335,0.013,0.0318,0.015,0.0485,0.04,0.0323,74.0,0.1503,0.52,0.068,0.135,0.016,0.0,0.33,0.3,0.009,0.000819,0.002554,0.000683,0.008501,0.001873,0.00088585,0.005246,0.64936,-0.00292,0.00575,-0.0032,0.00328,0.000541,-0.00413,0.0018571428571428556,1.54,1.12,5.39,5
1088,0,0,1,0.377,-0.025,0.5656,0.03,75.5,0.04,0.0337,0.045,0.0365,0.0295,0.0185,0.033,0.015,0.04,0.025,0.02,72.5,0.1,0.135,0.068,0.13,0.0,0.0,0.33,0.3,0.009,0.001802,0.002221,0.003547,0.0008132,0.005715,0.008557,0.003794,0.619491,-0.00401,0.00661,-0.0037,0.00275,0.00088,-0.00369,0.003428571428571431,1.21,1.81,3.28,5
1089,1,0,0,0.42,0.068,0.5656,0.045,72.5,0.04,0.03175,0.0349,0.0365,0.0257,0.018,0.0349,0.015,0.0415,0.0402,0.0336,73.0,0.1914,0.6027,0.068,0.13,0.0,0.0,0.33,0.3,0.009,0.006548,0.000764,0.004366,0.009033,0.007458,0.001758,0.00181,0.673531,0.0127,-0.0293,0.0149,-0.0175,0.00122,-0.006535,0.00307142857142857,0.348,0.886,7.38,5
1091,1,0,0,0.425,0.065,0.5656,0.17,74.5,0.04,0.0286,0.045,0.0365,0.02335,0.013,0.0318,0.015,0.0431,0.17,0.045,70.5,0.1097,0.655,0.068,0.135,0.0,0.0,0.33,0.3,0.009,0.000674,0.000935,0.000723,0.001565,0.00054587,0.006225,0.001698,0.648056,0.0252,-0.047,0.0302,-0.0222,0.00184,-0.007390000000000001,0.004142857142857141,0.261,0.784,2.74,5
1092,0,0,1,0.419,0.07,0.5656,0.045,73.0,0.04,0.0286,0.045,0.0365,0.0195,0.013,0.0318,0.015,0.0469,0.0486,0.0351,71.0,0.1502,0.5146,0.068,0.135,0.0,0.0,0.33,0.3,0.009,0.008366,0.000708,0.001551,0.00072924,0.00134,0.002611,0.00070408,0.661825,0.0634,-0.13,0.0773,-0.0704,0.00783,-0.0254,0.015714285714285715,0.412,0.963,1.63,5
1093,0,0,1,0.419,0.07,0.5656,0.045,73.0,0.04,0.0286,0.045,0.0365,0.0195,0.013,0.0318,0.015,0.0486,0.0486,0.0351,71.0,0.1222,0.5146,0.068,0.135,0.0,0.0,0.33,0.3,0.009,0.001998,0.00705,0.001382,0.00425,0.002965,0.002112,0.002292,0.676992,0.0373,-0.0729,0.0445,-0.0381,0.00228,-0.0133,0.005714285714285716,0.569,1.62,2.87,5
1094,1,0,0,0.49,0.06,0.5656,0.045,73.0,0.04,0.0297,0.045,0.0365,0.02,0.02,0.0318,0.015,0.04,0.04,0.03,70.0,0.1952,0.43,0.1,0.17,0.0,0.0,0.33,0.3,0.009,0.003571,0.002961,0.007551,0.001689,0.005193,0.006262,0.00066213,0.723464,0.0193,-0.0475,0.0224,-0.0291,0.00229,-0.01125,0.007857142857142858,0.137,0.355,7.24,5
1095,1,0,0,0.49,0.06,0.5656,0.045,73.0,0.04,0.0297,0.045,0.0365,0.02,0.02,0.0318,0.015,0.05,0.04,0.03,70.0,0.1952,0.43,0.1,0.17,0.0,0.0,0.33,0.3,0.009,0.003351,0.004536,0.004228,0.00078515,0.002376,0.004823,0.005204,0.728675,0.0116,-0.0289,0.0138,-0.0173,0.00148,-0.00665,0.0044285714285714275,0.236,0.632,8.45,5
1096,1,0,0,0.49,0.06,0.5656,0.045,73.0,0.04,0.0297,0.045,0.0365,0.02,0.02,0.0318,0.015,0.05,0.04,0.03,70.0,0.1419,0.48,0.1,0.17,0.0,0.0,0.33,0.3,0.009,0.000757,0.005558,0.005258,0.005189,0.00096923,0.00068629,0.001477,0.726891,0.0191,-0.0433,0.0221,-0.0236,0.00158,-0.008425,0.0053571428571428615,0.284,0.809,6.16,5
1097,1,0,0,0.49,0.06,0.5656,0.045,73.0,0.04,0.0297,0.045,0.0365,0.02,0.02,0.0318,0.015,0.05,0.04,0.03,70.0,0.1426,0.43,0.1,0.17,0.0,0.0,0.33,0.3,0.009,0.002192,0.000853,0.006462,0.001093,0.001639,0.003965,0.004379,0.726891,0.0127,-0.0293,0.0152,-0.0158,0.00199,-0.00575,0.0051428571428571435,0.28,0.823,6.82,5
1098,0,0,1,0.405,0.07,0.5656,0.06,73.5,0.04,0.038,0.045,0.0485,0.02335,0.013,0.0318,0.015,0.0499,0.0491,0.0326,73.0,0.145,0.4991,0.068,0.13,0.0,0.0,0.33,0.3,0.009,0.001482,0.001875,0.006483,0.00056599,0.002081,0.00079526,0.0005253,0.642997,0.0141,-0.027,0.0173,-0.0143,0.00291,-0.00507,0.008428571428571431,1.26,1.86,2.88,5
1099,1,0,0,0.54,0.06,0.5656,0.045,73.0,0.04,0.0297,0.045,0.0365,0.02,0.02,0.0318,0.015,0.05,0.04,0.03,70.0,0.1426,0.43,0.1,0.17,0.0,0.0,0.33,0.3,0.009,0.001095,0.001833,0.001021,0.007821,0.002262,0.00086662,0.001708,0.726891,0.0281,-0.0664,0.0324,-0.0349,0.0022,-0.0121,0.007142857142857149,0.249,0.712,4.25,5
1100,0,0,1,0.388,0.05,0.5656,0.055,76.0,0.04,0.0302,0.044,0.0365,0.03,0.0165,0.035,0.015,0.0495,0.0376,0.0413,75.0,0.12,0.5676,0.068,0.12,0.0,0.0,0.33,0.3,0.009,0.003343,0.000537,0.000517,0.001201,0.00283,0.008208,0.007388,0.635355,-0.00616,0.0114,-0.00682,0.00602,0.0017,-0.0065,0.004857142857142857,2.49,2.32,3.38,5
1101,0,0,1,0.3559,0.007,0.5656,0.045,74.5,0.04,0.0286,0.045,0.0365,0.02335,0.013,0.0318,0.015,0.0524,0.0422,0.0264,70.0,0.125,0.3202,0.068,0.135,0.0,0.0,0.33,0.3,0.009,0.00161,0.001973,0.000813,0.003547,0.001856,0.001566,0.003532,0.56161,-0.0059,0.00762,-0.006,0.0035,0.0012,-0.002535,0.0036428571428571426,2.05,2.79,2.04,5
1102,1,0,0,0.54,0.06,0.5656,0.045,73.0,0.04,0.0297,0.045,0.0365,0.02,0.02,0.0318,0.015,0.05,0.04,0.03,70.0,0.1426,0.43,0.1,0.17,0.0,0.0,0.33,0.3,0.009,0.000966,0.003149,0.005208,0.00055391,0.00092694,0.001271,0.00071655,0.726891,0.0257,-0.0612,0.0306,-0.0318,0.00337,-0.011200000000000002,0.01,0.209,0.632,4.87,5
1103,1,0,0,0.67133,0.07,0.5656,0.045,50.6,0.04,0.0302,0.045,0.0365,0.026,0.013,0.0318,0.015,0.035,0.05,0.065,63.5,0.15,0.425,0.068,0.135,0.016,0.0,0.33,0.3,0.009,0.006887,0.000673,0.007607,0.001163,0.001258,0.002313,0.003363,0.909903,0.0264,-0.09,0.0318,-0.0504,0.00298,-0.0184,0.004285714285714284,0.215,0.484,9.23,5
1104,1,0,0,0.48,0.0,0.5656,0.205,90.0,0.0381,0.0286,0.0318,0.034,0.022,0.01425,0.0286,0.015,0.04,0.2,0.03,75.0,0.0923,0.55,0.068,0.12,0.0,0.0,0.33,0.3,0.0106,0.007899,0.001467,0.000632,0.001028,0.00063812,0.009616,0.00766,0.561793,-0.00427,0.00595,-0.00413,0.00212,0.00121,-0.0007034999999999999,0.004135714285714285,0.747,0.673,5.77,5
1105,1,0,0,0.343,0.02,0.5656,0.045,72.5,0.04,0.0286,0.045,0.0365,0.02335,0.0225,0.0318,0.015,0.0505,0.0288,0.0208,70.6,0.11,0.3088,0.068,0.13,0.0,0.0,0.33,0.3,0.009,0.005723,0.001212,0.003772,0.004148,0.002439,0.00054228,0.002439,0.604714,-0.00298,0.00399,-0.00305,0.00211,0.000707,-0.00205,0.002142857142857144,0.66,0.865,5.16,5
1106,1,0,0,0.367,0.04,0.5656,0.045,73.0,0.04,0.0286,0.045,0.0365,0.02335,0.013,0.0318,0.015,0.0498,0.0479,0.0353,73.5,0.1459,0.5199,0.068,0.13,0.0,0.0,0.33,0.3,0.009,0.005859,0.000742,0.001379,0.002422,0.001297,0.005502,0.001359,0.609929,-0.00539,0.00934,-0.00585,0.0052,0.00142,-0.005555,0.003928571428571429,1.02,0.882,3.33,5
1107,1,0,0,0.37,0.04,0.5656,0.045,73.5,0.04,0.0286,0.045,0.0365,0.02335,0.013,0.0318,0.015,0.0501,0.06,0.0353,73.5,0.1534,0.61,0.068,0.135,0.0,0.0,0.33,0.3,0.009,0.002394,0.002184,0.003487,0.002561,0.004248,0.0005664,0.0006561,0.60856,-0.00551,0.00969,-0.00594,0.00537,0.00114,-0.005805,0.0033571428571428563,1.06,0.952,4.39,5
1108,0,0,1,0.3821,0.0,0.5656,0.045,74.0,0.04,0.0286,0.045,0.0365,0.025,0.0175,0.0318,0.015,0.045,0.0338,0.0232,71.0,0.1,0.2938,0.068,0.13,0.0,0.0,0.33,0.3,0.009,0.008994,0.002836,0.004437,0.002301,0.0008276,0.00060694,0.002038,0.645624,-0.00811,0.0121,-0.00799,0.00654,0.00132,-0.00685,0.004142857142857141,1.74,2.12,3.16,5
1109,0,0,1,0.31978,-0.02,0.5656,0.045,74.0,0.04,0.0286,0.045,0.0365,0.025,0.0175,0.0318,0.015,0.0408,0.0376,0.0235,74.5,0.1,0.2176,0.068,0.13,0.0,0.0,0.33,0.3,0.009,0.007945,0.000666,0.003676,0.00067855,0.00073863,0.00058322,0.002688,0.622662,-0.00579,0.00777,-0.00553,0.00429,0.0016,-0.004915,0.009357142857142859,1.61,1.02,2.47,5
1111,0,0,1,0.38793,0.0,0.5656,0.045,74.0,0.04,0.0286,0.045,0.0365,0.02,0.0165,0.0318,0.015,0.0547,0.0404,0.0191,72.0,0.1,0.2904,0.068,0.13,0.0,0.0,0.33,0.3,0.009,0.00276,0.00641,0.002514,0.003329,0.007377,0.00098568,0.00051184,0.652783,-0.0179,0.0262,-0.0176,0.0137,0.00259,-0.0139,0.0071428571428571366,1.05,0.875,2.6,5
1112,0,0,1,0.38793,0.0,0.5656,0.045,74.0,0.04,0.0286,0.045,0.0365,0.02,0.0165,0.0318,0.015,0.0547,0.0404,0.0191,72.0,0.1,0.2904,0.068,0.13,0.0,0.0,0.33,0.3,0.009,0.001583,0.001909,0.004434,0.001909,0.002197,0.005736,0.005285,0.652783,-0.00589,0.00937,-0.00596,0.00488,0.00182,-0.00485,0.0044285714285714275,1.9,2.3,3.14,5
1113,0,0,1,0.38793,0.0,0.5656,0.045,74.0,0.04,0.0286,0.045,0.0365,0.02,0.0165,0.0318,0.015,0.0547,0.0404,0.0191,72.0,0.1,0.2904,0.068,0.13,0.0,0.0,0.33,0.3,0.009,0.006811,0.002359,0.00346,0.00075474,0.003936,0.003959,0.001996,0.652783,-0.00962,0.0148,-0.00958,0.00787,0.00258,-0.00771,0.00885714285714286,1.17,1.32,2.78,5
1114,0,0,1,0.38793,0.0,0.5656,0.045,74.0,0.04,0.0286,0.045,0.0365,0.026,0.018,0.0318,0.015,0.0547,0.0404,0.0191,72.0,0.1,0.2804,0.068,0.13,0.0,0.0,0.33,0.3,0.009,0.005422,0.001401,0.002754,0.001054,0.001962,0.006742,0.001725,0.65238,-0.0109,0.0163,-0.0107,0.0087,0.00189,-0.00876,0.005714285714285716,1.51,1.67,2.51,5
1115,1,0,0,0.435,0.062,0.5656,0.045,73.5,0.038,0.0302,0.0365,0.03657,0.02085,0.0125,0.0286,0.015,0.045,0.04,0.02,71.0,0.11,0.435,0.068,0.135,0.016,0.0,0.33,0.3,0.014,0.002452,0.002685,0.006988,0.00222,0.002948,0.004139,0.004044,0.691754,0.0112,-0.0213,0.0131,-0.0113,0.00114,-0.0039900000000000005,0.0025714285714285717,0.432,1.0,6.99,5
1116,1,0,0,0.43,0.032,0.5656,0.045,73.0,0.038,0.0302,0.0365,0.03657,0.02085,0.0125,0.0286,0.015,0.035,0.04,0.027,69.5,0.11,0.436,0.068,0.135,0.016,0.0,0.33,0.3,0.014,0.005694,0.009066,0.001716,0.002021,0.009956,0.001226,0.002532,0.654352,-0.00502,0.0091,-0.00526,0.00494,0.00106,-0.0050349999999999995,0.0026428571428571404,1.06,0.859,6.45,5
1117,1,0,0,0.367,0.04,0.5656,0.045,73.0,0.04,0.0286,0.045,0.0365,0.02335,0.013,0.0318,0.015,0.0491,0.0484,0.0351,74.0,0.148,0.525,0.068,0.135,0.0,0.0,0.33,0.3,0.009,0.001278,0.002443,0.008722,0.007931,0.00077374,0.001106,0.001325,0.636837,-0.00349,0.00639,-0.0038,0.00365,0.000791,-0.004515,0.0026428571428571464,1.12,1.13,5.3,5
1118,0,0,1,0.38834,0.0,0.5656,0.045,74.0,0.04,0.0297,0.054,0.0465,0.025,0.0165,0.0318,0.015,0.04,0.0539,0.0271,72.0,0.1,0.3539,0.068,0.13,0.0,0.0,0.33,0.3,0.009,0.006952,0.001439,0.006015,0.00057833,0.00397,0.0005929,0.00058944,0.646219,-0.00866,0.0137,-0.00864,0.00731,0.00238,-0.007345000000000001,0.007928571428571432,1.88,1.09,2.91,5
1119,1,0,0,0.405,0.055,0.5656,0.03,73.0,0.04,0.0254,0.0317,0.0365,0.02335,0.013,0.0318,0.015,0.035,0.02,0.0382,73.0,0.17,0.58,0.068,0.12,0.0,0.0,0.33,0.3,0.009,0.004073,0.000564,0.009683,0.001764,0.001498,0.00066796,0.005686,0.636953,0.0095,-0.0196,0.0112,-0.0108,0.00124,-0.00397,0.0025714285714285717,0.476,1.13,6.85,5
1120,1,0,0,0.67133,0.07,0.5656,0.045,50.6,0.04,0.0302,0.045,0.0365,0.026,0.013,0.0318,0.015,0.035,0.05,0.065,62.5,0.15,0.425,0.068,0.135,0.016,0.0,0.33,0.3,0.009,0.003522,0.003146,0.002294,0.002092,0.004203,0.00051447,0.007816,0.902395,0.022,-0.0745,0.0265,-0.0414,0.00155,-0.015,0.002857142857142852,0.194,0.49,10.93,5
1121,1,0,0,0.44,0.078,0.5656,0.03,73.0,0.04,0.0273,0.036,0.031,0.01775,0.0105,0.0286,0.015,0.046,0.0256,0.04,74.0,0.1753,0.63,0.068,0.13,0.014,0.0,0.33,0.3,0.006,0.004309,0.000789,0.006042,0.001771,0.004937,0.009234,0.002504,0.70228,0.0218,-0.0535,0.027,-0.0307,0.00343,-0.01145,0.006428571428571439,0.243,0.637,5.74,5
1122,1,0,0,0.415,0.058,0.5656,0.03,75.5,0.04,0.0286,0.045,0.0365,0.02335,0.013,0.0318,0.015,0.0485,0.02,0.03,74.5,0.1469,0.577,0.068,0.13,0.0,0.0,0.33,0.3,0.009,0.00472,0.001057,0.005191,0.001077,0.002991,0.00761,0.00058365,0.684807,0.0244,-0.0498,0.0286,-0.0278,0.00243,-0.0102,0.005714285714285716,0.282,0.71,4.7,5
1124,1,0,0,0.54,0.06,0.5656,0.045,73.0,0.04,0.0297,0.045,0.0365,0.02,0.02,0.0318,0.015,0.06,0.04,0.03,70.0,0.1658,0.38,0.1,0.17,0.0,0.0,0.33,0.3,0.009,0.004592,0.002276,0.001459,0.001801,0.003085,0.002809,0.009599,0.733015,0.0127,-0.0308,0.015,-0.0167,0.00137,-0.006025,0.0036428571428571426,0.272,0.766,8.95,5
1125,0,0,1,0.405,0.07392,0.5656,0.045,75.06374,0.04,0.0355,0.005,0.0365,0.00235,0.0075,0.0318,0.015,0.0505,0.0508,0.0805,74.56374,0.15,0.6108,0.068,0.13,0.0,0.0,0.33,0.3,0.009,0.002648,0.000529,0.004844,0.00068528,0.003087,0.001083,0.001211,0.633986,0.0145,-0.0796,0.0449,-0.0355,0.052,-0.01185,0.024999999999999994,0.105,0.246,2.05,5
1126,0,0,1,0.38516,0.0,0.5656,0.045,73.5,0.04,0.0286,0.045,0.0365,0.022,0.0165,0.0318,0.015,0.0507,0.0448,0.0169,71.5,0.1,0.3048,0.068,0.13,0.0,0.0,0.33,0.3,0.009,0.001037,0.000515,0.001546,0.002038,0.00054487,0.009017,0.005552,0.625186,-0.00613,0.00964,-0.00633,0.0047,0.00224,-0.0041600000000000005,0.005,2.18,2.28,2.27,5
1127,0,0,1,0.405,0.045,0.5656,0.15,74.0,0.04,0.032,0.05,0.042,0.021,0.0125,0.0318,0.015,0.0491,0.047,0.0371,73.0,0.13,0.547,0.068,0.13,0.0,0.0,0.33,0.3,0.009,0.000972,0.001753,0.003415,0.004529,0.00054867,0.003425,0.001629,0.625965,-0.00556,0.0114,-0.00632,0.00556,0.00204,-0.0054,0.0051428571428571435,1.34,2.81,2.21,5
1128,0,0,1,0.42,0.07,0.5656,0.14,75.0,0.04,0.035,0.045,0.0365,0.035,0.019,0.0318,0.015,0.0572,0.0478,0.0287,73.0,0.0985,0.52,0.068,0.13,0.0,0.0,0.33,0.3,0.009,0.000633,0.005945,0.005723,0.002241,0.00067238,0.00079672,0.007491,0.653875,0.0117,-0.0206,0.014,-0.00938,0.000555,-0.00313,0.001571428571428569,1.35,4.11,5.7,5
1129,0,0,1,0.415,0.08,0.5656,0.045,72.0,0.04,0.0286,0.045,0.0365,0.02335,0.013,0.0318,0.015,0.0498,0.0472,0.0368,72.5,0.135,0.5582,0.068,0.13,0.0,0.0,0.33,0.3,0.009,0.001595,0.000945,0.000644,0.007133,0.002693,0.008089,0.00057454,0.653018,0.0866,-0.169,0.104,-0.0887,0.00442,-0.0306,0.011428571428571408,0.268,0.769,1.57,5
1130,0,0,1,0.41,0.08,0.5656,0.045,73.0,0.04,0.0286,0.045,0.0365,0.02335,0.013,0.0318,0.015,0.0498,0.0473,0.037,72.5,0.1427,0.5683,0.068,0.13,0.0,0.0,0.33,0.3,0.009,0.00618,0.00444,0.006144,0.004225,0.001868,0.00074107,0.001427,0.653396,0.0281,-0.0557,0.0341,-0.0296,0.00179,-0.010450000000000001,0.005000000000000006,0.607,1.93,3.62,5
1131,0,0,1,0.42,0.07,0.5656,0.14,75.0,0.04,0.035,0.045,0.0365,0.035,0.019,0.0318,0.015,0.0572,0.0478,0.0287,73.0,0.0985,0.52,0.068,0.13,0.0,0.0,0.33,0.3,0.009,0.00421,0.001555,0.002314,0.0009864,0.001078,0.003884,0.006239,0.653875,0.0161,-0.0279,0.0192,-0.0128,0.00105,-0.004255,0.00307142857142857,1.07,2.5,4.11,5
1132,1,0,0,0.44,0.078,0.5656,0.03,73.0,0.04,0.0273,0.036,0.031,0.01775,0.0105,0.0286,0.015,0.046,0.0256,0.04,74.0,0.1753,0.63,0.068,0.13,0.014,0.0,0.33,0.3,0.006,0.002956,0.000798,0.00392,0.003638,0.005759,0.003952,0.002866,0.70228,0.0219,-0.0537,0.0271,-0.0309,0.00295,-0.0114,0.005714285714285716,0.247,0.812,5.36,5
1133,0,0,1,0.49135,0.07,0.5656,0.145,64.6,0.04,0.0286,0.045,0.0365,0.02335,0.013,0.0318,0.015,0.0346,0.0706,0.0378,50.0,0.145,0.443,0.068,0.13,0.0,0.0,0.33,0.3,0.009,0.000578,0.00154,0.001963,0.004559,0.001992,0.001419,0.006271,0.888015,0.0403,-0.114,0.0482,-0.07,0.00266,-0.0271,0.005714285714285704,0.487,1.43,4.02,5
1134,1,0,0,0.425,0.07,0.5656,0.025,73.5,0.04,0.0254,0.0286,0.0286,0.02335,0.013,0.0286,0.015,0.0397,0.0103,0.0433,72.5,0.2169,0.5653,0.068,0.13,0.0,0.0,0.33,0.3,0.009,0.001689,0.006262,0.000798,0.00079847,0.002456,0.002961,0.006262,0.678427,0.026,-0.0665,0.0317,-0.0407,0.00121,-0.01575,0.0035714285714285744,0.158,0.404,6.06,5
1135,1,0,0,0.44498,0.055,0.5656,0.045,74.0,0.04,0.0254,0.04,0.0365,0.0195,0.013,0.0286,0.015,0.0466,0.0374,0.0303,74.0,0.1807,0.6074,0.068,0.13,0.0,0.0,0.33,0.3,0.009,0.000966,0.00063,0.000528,0.00070049,0.002679,0.00071812,0.006831,0.658445,0.0121,-0.0278,0.0148,-0.015,0.00196,-0.00534,0.004571428571428571,0.406,0.625,4.88,5
1136,0,0,1,0.405,0.07,0.5656,0.045,73.0,0.04,0.0286,0.045,0.0365,0.02335,0.013,0.0318,0.015,0.0499,0.047,0.0375,73.0,0.15,0.587,0.068,0.13,0.0,0.0,0.33,0.3,0.009,0.009086,0.003579,0.004167,0.004076,0.00132,0.002942,0.00051147,0.653575,0.0445,-0.0876,0.0527,-0.0475,0.00248,-0.01695,0.006428571428571414,0.471,1.33,2.83,5
1139,0,0,1,0.44,0.0,0.5656,0.045,78.0,0.04,0.0426,0.045,0.053,0.03635,0.0165,0.038,0.015,0.0412,0.07,0.015,66.0,0.1,0.35,0.068,0.135,0.0,0.0,0.33,0.3,0.009,0.00061,0.002523,0.001115,0.002145,0.003292,0.001512,0.002186,0.549142,-0.00299,0.00416,-0.00295,0.00129,0.000547,-0.00054,0.0013857142857142855,3.36,7.68,2.96,5
1141,1,0,0,0.44498,0.055,0.5656,0.045,74.0,0.04,0.0254,0.04,0.0365,0.0195,0.013,0.0286,0.015,0.0466,0.0374,0.0303,74.0,0.1807,0.6074,0.068,0.13,0.0,0.0,0.33,0.3,0.009,0.000737,0.000621,0.001598,0.00053129,0.00074705,0.004247,0.001405,0.658445,0.0272,-0.0608,0.0325,-0.0333,0.00388,-0.012,0.008571428571428568,0.21,0.506,2.49,5
1142,1,0,0,0.412,0.07,0.5656,0.045,74.0,0.04,0.0286,0.035,0.0365,0.02335,0.013,0.0286,0.015,0.0424,0.0324,0.037,73.0,0.1316,0.5724,0.068,0.13,0.0,0.0,0.33,0.3,0.009,0.001829,0.001634,0.002519,0.00852,0.001501,0.002095,0.00132,0.652584,0.0197,-0.038,0.0232,-0.0201,0.00126,-0.006955,0.0036428571428571426,0.276,0.844,3.98,5
1143,1,0,0,0.44,0.068,0.5656,0.045,73.0,0.038,0.03228,0.037,0.0429,0.02335,0.015,0.0286,0.015,0.048,0.04,0.033,72.0,0.1433,0.56,0.073,0.13,0.0,0.0,0.33,0.3,0.0123,0.00539,0.000732,0.00089,0.003221,0.009578,0.001627,0.005859,0.639639,0.00691,-0.0138,0.00833,-0.00682,0.000889,-0.00233,0.0017142857142857125,0.575,1.66,6.99,5
1144,1,0,0,0.41,0.07,0.5656,0.045,74.0,0.04,0.0286,0.045,0.0365,0.02335,0.013,0.0318,0.015,0.0474,0.0478,0.0367,73.0,0.21,0.6278,0.068,0.13,0.0,0.0,0.33,0.3,0.009,0.000501,0.009254,0.002474,0.00079963,0.008184,0.003363,0.002313,0.681825,0.0162,-0.0406,0.02,-0.0244,0.000968,-0.00941,0.0025714285714285657,0.264,0.612,7.18,5
1145,1,0,0,0.41,0.07,0.5656,0.045,74.0,0.04,0.0286,0.045,0.0365,0.02335,0.013,0.0318,0.015,0.0474,0.0478,0.0367,73.0,0.21,0.6278,0.068,0.13,0.0,0.0,0.33,0.3,0.009,0.006399,0.003328,0.004406,0.001052,0.002788,0.00078601,0.00255,0.681825,0.0135,-0.0334,0.0166,-0.0202,0.00103,-0.007775000000000001,0.0026428571428571404,0.296,0.61,6.83,5
1146,1,0,0,0.425,0.01981,0.5656,0.045,72.55061,0.04,0.0327,0.04,0.05,0.02335,0.013,0.0318,0.015,0.043,0.0522,0.033,67.55061,0.1151,0.432,0.068,0.135,0.0,0.0,0.33,0.3,0.009,0.002605,0.007546,0.001687,0.007646,0.00918,0.001692,0.0009482,0.657299,-0.00435,0.00774,-0.00451,0.00406,0.000667,-0.004125,0.0019285714285714303,1.24,1.19,6.11,5
1147,1,0,0,0.405,0.07,0.5656,0.045,74.0,0.04,0.0286,0.045,0.0365,0.02335,0.013,0.0318,0.015,0.0499,0.0474,0.0371,73.0,0.145,0.5724,0.068,0.13,0.0,0.0,0.33,0.3,0.009,0.000924,0.005121,0.000728,0.001289,0.0009358,0.00072764,0.005808,0.653639,0.0118,-0.0234,0.0143,-0.0123,0.000739,-0.00437,0.0018571428571428556,0.42,1.09,5.83,5
1148,1,0,0,0.395,0.048,0.5656,0.045,73.5,0.04,0.0267,0.037,0.0365,0.02335,0.013,0.028,0.015,0.0384,0.0353,0.0294,72.0,0.0845,0.4503,0.068,0.13,0.0,0.0,0.33,0.3,0.007,0.007138,0.000969,0.001422,0.002017,0.004124,0.001019,0.001193,0.577511,-0.00718,0.01,-0.00785,0.00421,0.00167,-0.00232,0.0039999999999999975,0.739,1.17,3.07,5
1149,1,0,0,0.405,0.07,0.5656,0.045,74.0,0.04,0.0286,0.045,0.0365,0.02335,0.013,0.0318,0.015,0.0599,0.0484,0.0365,73.0,0.145,0.5144,0.068,0.135,0.0,0.0,0.33,0.3,0.009,0.002353,0.004755,0.002302,0.00089857,0.003627,0.002864,0.001396,0.657115,0.0205,-0.0394,0.0247,-0.0207,0.00109,-0.007345,0.0029285714285714327,0.322,0.798,4.95,5
1150,0,0,1,0.62967,0.027,0.5656,0.045,42.0,0.04,0.0286,0.045,0.0365,0.02335,0.013,0.0318,0.015,0.0522,0.0327,0.0473,43.5,0.0888,0.5077,0.068,0.13,0.0,0.0,0.33,0.3,0.009,0.001081,0.000894,0.004694,0.003304,0.009726,0.003054,0.001346,0.600809,-0.0202,0.0394,-0.0217,0.0117,0.00563,-0.004065,0.009357142857142859,1.26,2.84,2.69,5
1152,0,0,1,0.39,0.05,0.5656,0.19,75.0,0.04,0.04795,0.045,0.0365,0.0225,0.018,0.0318,0.015,0.035,0.025,0.03,72.5,0.1381,0.53,0.068,0.13,0.0,0.0,0.33,0.3,0.009,0.003108,0.001637,0.001346,0.006572,0.00254,0.005628,0.006787,0.634337,-0.00269,0.00712,-0.00328,0.00329,0.00129,-0.00397,0.0035714285714285683,1.77,3.74,3.71,5
1153,1,0,0,0.405,0.07,0.5656,0.045,74.0,0.04,0.0286,0.045,0.0365,0.02335,0.013,0.0318,0.015,0.0496,0.0283,0.0327,73.0,0.16,0.585,0.068,0.13,0.0,0.0,0.33,0.3,0.009,0.003655,0.008489,0.000617,0.001433,0.00071029,0.00061723,0.005316,0.656952,0.0124,-0.0254,0.015,-0.0139,0.000696,-0.00506,0.0018571428571428556,0.383,0.922,6.79,5
1155,1,0,0,0.33,0.0,0.5656,0.2,77.0,0.04,0.0426,0.045,0.053,0.03635,0.0165,0.038,0.015,0.0412,0.09,0.015,70.0,0.1107,0.4,0.068,0.135,0.0,0.0,0.33,0.3,0.009,0.007713,0.006732,0.000626,0.008824,0.001555,0.003988,0.00060251,0.46802,0.0137,-0.0276,0.016,-0.0156,0.000248,-0.00561,0.0007142857142857161,0.275,0.677,8.16,5
1156,1,0,0,0.405,0.08,0.5656,0.2,83.0,0.05,0.0352,0.05,0.0365,0.04,0.0265,0.05,0.015,0.0515,0.0547,0.0387,75.0,0.12,0.4,0.05,0.135,0.0,0.0,0.33,0.3,0.009,0.002495,0.003973,0.000661,0.00251,0.003144,0.001402,0.001386,0.652568,0.02,-0.0378,0.0246,-0.0185,0.000278,-0.00712,0.00042857142857142963,0.288,0.846,6.64,5
1157,0,0,1,0.39504,0.068,0.5656,0.355,78.0,0.04,0.0289,0.045,0.0365,0.0275,0.0165,0.0318,0.015,0.04,0.1,0.035,75.0,0.11,0.7,0.068,0.13,0.0,0.0,0.33,0.3,0.009,0.007844,0.001086,0.002378,0.001937,0.002392,0.00272,0.00356,0.668891,0.0258,-0.0525,0.0315,-0.0256,0.00173,-0.01014,0.0051428571428571435,0.692,2.02,3.36,5
1158,0,0,1,0.39,0.07,0.5656,0.355,76.0,0.04,0.0286,0.045,0.043,0.026,0.013,0.0318,0.015,0.045,0.025,0.03,74.0,0.1026,0.605,0.068,0.13,0.0,0.0,0.33,0.3,0.009,0.003913,0.006892,0.005518,0.003712,0.002541,0.00072234,0.001727,0.637774,0.0188,-0.0421,0.0242,-0.0163,0.000983,-0.005275,0.0029285714285714266,0.603,2.84,3.79,5
1159,1,0,0,0.41369,0.07,0.5656,0.045,72.5,0.04,0.0286,0.036,0.0365,0.02335,0.013,0.0318,0.015,0.0447,0.0375,0.0529,73.0,0.1533,0.5875,0.068,0.13,0.0,0.0,0.33,0.3,0.009,0.006373,0.001978,0.006836,0.00073998,0.001154,0.002944,0.003592,0.65324,0.011,-0.0231,0.0135,-0.0123,0.0012,-0.0043549999999999995,0.0029285714285714266,0.455,0.914,6.67,5
1160,0,0,1,0.405,0.07,0.5656,0.045,75.0,0.04,0.0286,0.045,0.0365,0.02335,0.013,0.0318,0.015,0.0485,0.0474,0.0365,75.0,0.1289,0.5674,0.068,0.13,0.0,0.0,0.33,0.3,0.009,0.007992,0.001555,0.000568,0.004439,0.003649,0.004289,0.0009212,0.695236,0.0816,-0.165,0.0967,-0.0915,0.003,-0.033,0.008571428571428568,0.298,0.822,2.13,5
1161,0,0,1,0.405,0.07,0.5656,0.045,75.0,0.04,0.0286,0.045,0.0365,0.02335,0.013,0.0318,0.015,0.0485,0.0474,0.0365,75.0,0.1289,0.5674,0.068,0.13,0.0,0.0,0.33,0.3,0.009,0.002998,0.001107,0.008684,0.001353,0.004142,0.004522,0.002783,0.695236,0.0267,-0.0547,0.0323,-0.03,0.00279,-0.010950000000000001,0.006428571428571426,0.719,1.98,3.68,5
1162,0,0,1,0.415,0.07,0.5656,0.045,73.0,0.04,0.0286,0.045,0.0365,0.02335,0.013,0.0318,0.015,0.0475,0.0468,0.0379,73.0,0.1428,0.5868,0.068,0.13,0.0,0.0,0.33,0.3,0.009,0.004297,0.001692,0.008811,0.001928,0.002791,0.001391,0.001082,0.681605,0.0357,-0.0743,0.0429,-0.0407,0.003,-0.01475,0.007857142857142846,0.647,1.81,3.41,5
1163,1,0,0,0.415,0.07,0.5656,0.045,73.0,0.04,0.0286,0.045,0.0365,0.02335,0.013,0.0318,0.015,0.0475,0.0468,0.0379,73.0,0.1428,0.5868,0.068,0.13,0.0,0.0,0.33,0.3,0.009,0.000531,0.006872,0.000876,0.003292,0.005748,0.005715,0.005615,0.681605,0.0129,-0.0271,0.0155,-0.0147,0.000635,-0.00528,0.0018571428571428556,0.404,1.11,7.06,5
1164,1,0,0,0.405,0.07,0.5656,0.07,78.5,0.04,0.0286,0.045,0.0365,0.02335,0.013,0.0318,0.015,0.0468,0.0478,0.0385,73.0,0.1685,0.6478,0.068,0.13,0.0,0.0,0.33,0.3,0.009,0.002817,0.005889,0.00974,0.007844,0.00093238,0.004855,0.002834,0.71817,0.0125,-0.0291,0.0149,-0.0175,0.000646,-0.00659,0.002142857142857142,0.4,1.19,8.47,5
1166,1,0,0,0.42,0.068,0.5656,0.045,72.5,0.04,0.03175,0.0349,0.0365,0.0257,0.018,0.0349,0.015,0.0405,0.0402,0.0336,73.0,0.191,0.5822,0.068,0.13,0.0,0.0,0.33,0.3,0.009,0.000689,0.007361,0.001291,0.001057,0.00476,0.00090882,0.002844,0.662127,0.0149,-0.0343,0.018,-0.02,0.00071,-0.007555,0.0019285714285714242,0.284,0.726,6.47,5
1167,1,0,0,0.3756,0.03,0.5656,0.045,76.0,0.0381,0.027,0.0317,0.034,0.01735,0.0105,0.0286,0.015,0.0306,0.03,0.0231,75.0,0.1074,0.53,0.068,0.12,0.0,0.0,0.33,0.3,0.0106,0.000968,0.007804,0.002575,0.00092898,0.001566,0.004516,0.001494,0.599105,-0.00571,0.00917,-0.00616,0.00475,0.00181,-0.0043,0.004857142857142857,0.992,0.882,3.47,5
1170,1,0,0,0.41,0.068,0.5656,0.045,72.5,0.04,0.03175,0.045,0.0365,0.01735,0.013,0.0349,0.015,0.0518,0.0493,0.0331,73.0,0.1496,0.5393,0.068,0.13,0.0,0.0,0.33,0.3,0.009,0.00577,0.004158,0.004256,0.001175,0.001669,0.00063929,0.001749,0.652422,0.0127,-0.0251,0.0154,-0.0134,0.00184,-0.004795,0.0036428571428571426,0.406,1.19,5.43,5
1171,1,0,0,0.41624,0.07,0.5656,0.045,74.0,0.04,0.02855,0.037,0.0365,0.02335,0.013,0.028,0.015,0.039,0.0425,0.0427,72.0,0.1526,0.5925,0.068,0.13,0.0,0.0,0.33,0.3,0.007,0.004486,0.002223,0.005043,0.008639,0.003991,0.009712,0.006448,0.647115,0.00836,-0.0174,0.00998,-0.00935,0.000666,-0.003275,0.0019285714285714273,0.54,1.51,8.02,5
1172,1,0,0,0.40919,0.073,0.5656,0.015,75.0,0.04,0.0254,0.0317,0.0365,0.02335,0.013,0.0286,0.015,0.0311,0.0144,0.0485,71.5,0.0945,0.4944,0.068,0.13,0.0,0.0,0.33,0.3,0.007,0.004207,0.008101,0.001246,0.00085654,0.009322,0.009769,0.00064681,0.628251,0.0398,-0.0697,0.0482,-0.0321,0.00128,-0.01055,0.0035714285714285744,0.193,0.595,4.9,5
1173,1,0,0,0.415,0.068,0.5656,0.06,72.3,0.04,0.03175,0.045,0.0365,0.0165,0.014,0.0349,0.015,0.0426,0.0485,0.0307,72.5,0.1649,0.5735,0.068,0.13,0.0,0.0,0.33,0.3,0.009,0.009536,0.002167,0.002746,0.009934,0.007557,0.003637,0.00059638,0.636717,0.0186,-0.0374,0.0217,-0.0209,0.00245,-0.007415,0.005071428571428569,0.307,0.838,5.25,5
1174,1,0,0,0.43,0.065,0.5656,0.06,71.8,0.04,0.03175,0.045,0.042,0.0165,0.054,0.0349,0.015,0.0515,0.0415,0.0387,72.0,0.1248,0.5415,0.068,0.13,0.0,0.0,0.33,0.3,0.009,0.001608,0.002579,0.003297,0.002675,0.003212,0.004923,0.00077942,0.632626,0.0143,-0.0257,0.0169,-0.0121,0.00164,-0.00401,0.003428571428571431,0.332,1.03,7.45,5
1175,1,0,0,0.425,0.03,0.5656,0.064,73.0,0.035,0.04,0.045,0.04495,0.026,0.0175,0.0386,0.015,0.044,0.055,0.037,70.0,0.1453,0.51,0.1,0.135,0.0,0.0,0.33,0.3,0.0112,0.003189,0.000748,0.001063,0.006269,0.001676,0.00065562,0.003818,0.640683,-0.00183,0.0038,-0.00203,0.00199,0.000684,-0.00216,0.002142857142857142,1.89,1.88,5.82,5
1176,0,0,1,0.415,0.069,0.5656,0.07,73.5,0.04,0.03175,0.055,0.0365,0.0165,0.0115,0.0349,0.015,0.0525,0.0481,0.0342,73.5,0.1688,0.5731,0.068,0.13,0.0,0.0,0.33,0.3,0.009,0.004281,0.001328,0.001718,0.002944,0.007334,0.001565,0.001376,0.661566,0.036,-0.0759,0.0434,-0.0422,0.00473,-0.01545,0.009285714285714277,0.59,1.6,2.7,5
1177,1,0,0,0.405,0.069,0.5656,0.12,73.0,0.04,0.03175,0.045,0.0365,0.0165,0.0115,0.0349,0.015,0.049,0.0481,0.02,72.5,0.1468,0.5881,0.06,0.13,0.0,0.0,0.33,0.3,0.009,0.001706,0.007971,0.001281,0.001281,0.00074979,0.007518,0.00095866,0.643804,0.0238,-0.045,0.0286,-0.0241,0.00236,-0.008695,0.004357142857142853,0.283,0.786,3.43,5
1178,1,0,0,0.4,0.068,0.5656,0.055,72.5,0.04,0.03175,0.045,0.0365,0.01735,0.013,0.0349,0.015,0.041,0.0492,0.0281,73.0,0.1453,0.5392,0.068,0.13,0.0,0.018,0.33,0.3,0.009,0.000975,0.00161,0.005971,0.008799,0.006024,0.001471,0.008557,0.648553,0.00659,-0.013,0.00783,-0.0071,0.000847,-0.002515,0.0019285714285714273,0.62,1.81,8.62,5
1179,1,0,0,0.46289,0.088,0.5656,0.045,77.5,0.04,0.0386,0.045,0.0615,0.04335,0.02,0.0318,0.015,0.0743,0.0513,0.037,73.0,0.145,0.4073,0.068,0.12,0.0,0.0,0.33,0.3,0.009,0.000562,0.001484,0.009876,0.008107,0.005054,0.003375,0.001763,0.699801,0.00393,-0.00871,0.00482,-0.00449,0.000279,-0.001545,0.0007857142857142862,0.863,2.38,9.88,5
1180,1,0,0,0.42,0.062,0.5656,0.06,73.5,0.04,0.0286,0.045,0.0365,0.02335,0.013,0.0318,0.015,0.0478,0.0589,0.0343,73.0,0.1666,0.57,0.068,0.135,0.0,0.0,0.33,0.3,0.009,0.000522,0.001588,0.002626,0.002115,0.00053168,0.00090022,0.001111,0.680171,0.0231,-0.05,0.0273,-0.0283,0.00154,-0.010450000000000001,0.0035714285714285618,0.266,0.714,3.34,5
1181,1,0,0,0.405,0.068,0.5656,0.06,72.5,0.04,0.03175,0.045,0.0365,0.02385,0.013,0.0349,0.015,0.0409,0.0492,0.0281,73.0,0.1465,0.5392,0.068,0.13,0.0,0.018,0.33,0.3,0.009,0.002916,0.001071,0.000567,0.002783,0.005181,0.006212,0.00059463,0.645691,0.0355,-0.0685,0.0419,-0.0375,0.0018,-0.0135,0.004285714285714284,0.175,0.488,4.03,5
1182,0,0,1,0.7341,0.037,0.5656,0.025,50.0,0.0381,0.0229,0.0317,0.034,0.01735,0.0105,0.0286,0.015,0.044,0.31,0.03,50.0,0.1273,0.55,0.068,0.135,0.0,0.0,0.33,0.3,0.0106,0.000588,0.001134,0.008098,0.004932,0.003208,0.004045,0.008217,0.459238,0.0177,-0.214,0.0469,-0.0404,0.00293,-0.01185,0.006428571428571426,0.389,1.64,4.29,5
1184,1,0,0,0.44082,0.085,0.5656,0.025,73.0,0.04,0.0286,0.045,0.0365,0.02335,0.013,0.0318,0.015,0.0477,0.04,0.0407,74.0,0.1468,0.665,0.068,0.13,0.0,0.0,0.33,0.3,0.009,0.005246,0.005482,0.001862,0.008329,0.00109,0.00054667,0.001394,0.692058,0.0235,-0.0536,0.0287,-0.0294,0.000993,-0.0104,0.002857142857142852,0.254,0.708,6.05,5
1185,1,0,0,0.47948,0.088,0.5656,0.045,77.5,0.04,0.0386,0.045,0.0615,0.04335,0.02,0.0318,0.015,0.0743,0.0513,0.037,73.0,0.145,0.4073,0.068,0.12,0.0,0.0,0.33,0.3,0.009,0.002223,0.00372,0.001565,0.00072287,0.00058557,0.00067385,0.008148,0.699801,0.0021,-0.00478,0.00264,-0.00237,0.000133,-0.0008190000000000001,0.00034285714285714263,0.606,1.38,13.84,5
1186,1,0,0,0.415,0.068,0.5656,0.058,72.0,0.04,0.03175,0.045,0.0365,0.02385,0.013,0.0349,0.015,0.0417,0.0491,0.0284,72.5,0.1061,0.4991,0.068,0.13,0.0,0.018,0.33,0.3,0.009,0.001066,0.00564,0.00344,0.001479,0.00070873,0.002494,0.004347,0.632028,0.00792,-0.0136,0.00941,-0.00645,0.00063,-0.00215,0.001571428571428569,0.565,0.702,6.97,5
1187,1,0,0,0.39,0.06,0.5656,0.058,70.1,0.04,0.0286,0.045,0.0365,0.02335,0.013,0.0318,0.015,0.0478,0.0466,0.0385,74.0,0.15,0.515,0.068,0.13,0.0,0.0,0.33,0.3,0.009,0.000711,0.009207,0.001748,0.001306,0.002504,0.002017,0.005682,0.636419,0.01,-0.0189,0.0119,-0.01,0.000636,-0.0035900000000000003,0.0017142857142857155,0.461,1.11,6.78,5
1188,0,0,1,0.405,0.07,0.5656,0.045,74.0,0.04,0.0286,0.045,0.0365,0.02335,0.013,0.0318,0.015,0.0499,0.049,0.034,73.0,0.145,0.515,0.068,0.13,0.0,0.0,0.33,0.3,0.009,0.007568,0.000872,0.007942,0.002832,0.00149,0.007896,0.0006883,0.653639,0.0338,-0.0653,0.0403,-0.0352,0.00402,-0.0126,0.009999999999999988,0.646,1.78,2.75,5
1189,0,0,1,0.405,0.07,0.5656,0.045,74.0,0.04,0.0286,0.045,0.0365,0.02335,0.013,0.0318,0.015,0.0499,0.049,0.034,73.0,0.145,0.515,0.068,0.13,0.0,0.0,0.33,0.3,0.009,0.000948,0.00828,0.007388,0.00078572,0.00069691,0.001657,0.003893,0.653639,0.0191,-0.0379,0.0233,-0.0201,0.00162,-0.00718,0.004571428571428571,0.84,1.94,4.13,5
1190,0,0,1,0.39771,-0.092,0.5656,0.045,75.5,0.04,0.0286,0.045,0.0365,0.02335,0.013,0.0318,0.015,0.0452,0.0472,0.0346,80.5,0.145,0.4472,0.068,0.13,0.0,0.0,0.33,0.3,0.009,0.006453,0.001343,0.001821,0.00071498,0.004576,0.00081439,0.00106,0.587084,-0.0135,0.0182,-0.0114,0.00965,0.00288,-0.00904,0.010142857142857137,1.79,1.32,2.25,5
1191,1,0,0,0.448,0.098,0.5656,0.045,77.5,0.04,0.0386,0.045,0.0615,0.04335,0.02,0.0318,0.015,0.0743,0.0513,0.037,73.0,0.145,0.4073,0.068,0.12,0.0,0.0,0.33,0.3,0.009,0.000787,0.000704,0.000513,0.009356,0.00093991,0.002301,0.001748,0.708879,0.00662,-0.015,0.0083,-0.00798,0.000395,-0.002775,0.001071428571428571,0.621,1.75,5.12,5
1192,0,0,1,0.405,0.07,0.5656,0.045,74.0,0.04,0.0286,0.045,0.0365,0.02335,0.013,0.0318,0.015,0.0499,0.049,0.034,73.0,0.145,0.515,0.068,0.13,0.0,0.0,0.33,0.3,0.009,0.005665,0.000511,0.000531,0.004952,0.005478,0.003532,0.008347,0.653639,0.0201,-0.0396,0.0242,-0.021,0.0022,-0.0074199999999999995,0.0044285714285714275,0.807,2.24,3.71,5
1193,1,0,0,0.39,0.05,0.5656,0.045,70.6,0.04,0.0286,0.045,0.0365,0.02335,0.013,0.0318,0.015,0.0487,0.0484,0.035,74.5,0.1337,0.5144,0.068,0.13,0.0,0.0,0.33,0.3,0.009,0.007657,0.007781,0.001755,0.002609,0.005335,0.005624,0.006902,0.664316,-0.00283,0.00562,-0.00313,0.00323,0.000548,-0.0038000000000000004,0.0015714285714285724,1.64,1.27,8.34,5
1194,1,0,0,0.39,0.05,0.5656,0.045,72.6,0.04,0.0286,0.045,0.0365,0.02335,0.013,0.0318,0.015,0.0487,0.0484,0.035,73.0,0.1644,0.5684,0.068,0.13,0.0,0.0,0.33,0.3,0.009,0.003498,0.001754,0.008124,0.00562,0.00242,0.007708,0.00272,0.650376,-0.00274,0.00573,-0.00306,0.00336,0.000806,-0.004314999999999999,0.002500000000000003,1.18,1.19,6.62,5
1195,1,0,0,0.415,0.07,0.5656,0.045,72.5,0.04,0.0286,0.045,0.0365,0.02335,0.013,0.0318,0.015,0.0462,0.0317,0.0312,73.5,0.1509,0.6017,0.068,0.13,0.0,0.0,0.33,0.3,0.009,0.001983,0.00549,0.000522,0.00064116,0.004687,0.002581,0.002768,0.659435,0.0194,-0.0401,0.0236,-0.0216,0.00103,-0.007775000000000001,0.002500000000000003,0.309,0.752,5.44,5
1197,1,0,0,0.39,0.045,0.5656,0.12,75.0,0.04,0.0286,0.045,0.0365,0.02335,0.013,0.0318,0.015,0.0477,0.0464,0.0343,74.0,0.11,0.5664,0.068,0.12,0.0,0.0,0.33,0.3,0.009,0.00067,0.004952,0.001942,0.00605,0.00092627,0.001011,0.00062222,0.63492,-0.00835,0.0142,-0.00902,0.00728,0.00101,-0.007095,0.0027857142857142833,0.713,0.753,3.83,5
1198,1,0,0,0.37,0.05,0.5656,0.12,74.0,0.04,0.0286,0.045,0.0365,0.02335,0.014,0.0318,0.015,0.035,0.0205,0.03,73.0,0.08,0.5805,0.068,0.12,0.0,0.0,0.33,0.3,0.009,0.00149,0.00075,0.000547,0.001186,0.004981,0.001057,0.001864,0.600224,-0.00655,0.0102,-0.00728,0.0047,0.00154,-0.0032849999999999997,0.003928571428571426,0.827,0.992,2.82,5
1199,1,0,0,0.355,-0.009,0.5656,0.045,78.0,0.04,0.0286,0.048,0.0365,0.02485,0.0165,0.0318,0.015,0.0446,0.0407,0.0204,73.5,0.115,0.278,0.068,0.11,0.0,0.0,0.33,0.3,0.009,0.000845,0.004338,0.001952,0.001013,0.0007155,0.002333,0.002333,0.601523,-0.0035,0.00476,-0.00341,0.00252,0.000567,-0.002595,0.0022142857142857138,0.927,1.07,3.93,5
1200,1,0,0,0.34,0.02,0.5656,0.045,73.0,0.04,0.0286,0.045,0.0365,0.02335,0.013,0.0318,0.015,0.0493,0.0466,0.0377,74.5,0.1447,0.5866,0.068,0.13,0.0,0.0,0.33,0.3,0.009,0.002803,0.000768,0.00275,0.001534,0.00053912,0.00081678,0.008142,0.636956,-0.00208,0.00395,-0.0023,0.00229,0.000821,-0.0028450000000000003,0.0020714285714285704,1.98,1.39,6.18,5
1202,0,0,1,0.41,0.01,0.5656,0.104,71.5,0.04,0.0385,0.06,0.0455,0.031,0.0165,0.0318,0.015,0.035,0.1012,0.0226,67.0,0.1,0.33,0.073,0.13,0.0,0.0,0.33,0.3,0.009,0.007453,0.000823,0.002409,0.002409,0.00073245,0.00089366,0.007696,0.624861,-0.00213,0.00371,-0.00228,0.00182,0.000785,-0.001895,0.0023571428571428584,2.96,5.69,4.49,5
1203,0,0,1,0.455,0.037,0.5656,0.06,70.0,0.04,0.042,0.065,0.05,0.035,0.0175,0.0349,0.015,0.045,0.0566,0.035,67.0,0.12,0.4,0.073,0.13,0.0,0.0,0.33,0.3,0.008,0.000959,0.00341,0.003822,0.00083367,0.0008852,0.00061949,0.002886,0.667153,-0.00265,0.00561,-0.00294,0.00288,0.000677,-0.003215,0.0017857142857142872,3.87,2.85,4.44,5
1204,1,0,0,0.355,-0.009,0.5656,0.037,78.0,0.04,0.0286,0.048,0.0365,0.02485,0.0165,0.0318,0.015,0.0446,0.0327,0.0204,73.5,0.115,0.27,0.068,0.11,0.0,0.0,0.33,0.3,0.009,0.003441,0.00067,0.002315,0.004042,0.004832,0.00127,0.00057686,0.601523,-0.00588,0.00759,-0.00569,0.00397,0.00134,-0.004215,0.004071428571428566,0.832,0.707,3.3,5
1205,0,0,1,0.43418,0.07,0.5656,0.037,72.0,0.04,0.0474,0.045,0.0301,0.0275,0.0175,0.0318,0.015,0.0474,0.0461,0.0556,71.5,0.1,0.5461,0.068,0.12,0.0,0.0,0.33,0.3,0.009,0.004705,0.001639,0.001799,0.001211,0.008915,0.0005535,0.008214,0.646653,0.0156,-0.0288,0.0188,-0.0129,0.00205,-0.00414,0.005285714285714287,1.11,2.28,4.32,5
1206,1,0,0,0.3302,-0.038,0.5656,0.045,71.0,0.04,0.0277,0.045,0.035,0.02335,0.013,0.0318,0.015,0.0368,0.0351,0.0235,75.0,0.1103,0.22225,0.068,0.11,0.0,0.0,0.33,0.3,0.007,0.001072,0.001911,0.002324,0.007307,0.00051372,0.00065299,0.00914,0.517521,-0.00153,0.00172,-0.00144,0.000499,0.000369,-0.00021,0.0011142857142857141,0.748,3.04,4.81,5
1207,0,0,1,0.455,0.037,0.5656,0.06,70.0,0.04,0.042,0.065,0.05,0.035,0.0175,0.0349,0.015,0.045,0.0566,0.035,67.0,0.12,0.4,0.073,0.13,0.0,0.0,0.33,0.3,0.008,0.003188,0.00555,0.004444,0.00075144,0.005039,0.002726,0.003011,0.667153,-0.00252,0.0052,-0.00278,0.00272,0.000584,-0.002725,0.0017857142857142872,3.71,3.22,6.06,5
1208,1,0,0,0.365,0.058,0.5656,0.06,74.5,0.04,0.0286,0.033,0.031,0.02335,0.013,0.028,0.015,0.031,0.0217,0.0328,74.0,0.1192,0.62,0.068,0.12,0.0,0.0,0.33,0.3,0.009,0.002952,0.001144,0.003022,0.001151,0.005269,0.001654,0.001542,0.58332,0.0162,-0.0246,0.0189,-0.0117,0.00157,-0.0039299999999999995,0.004714285714285713,0.338,1.02,3.75,5
1210,0,0,1,0.395,0.058,0.5656,0.055,74.5,0.04,0.0302,0.044,0.0365,0.03,0.0165,0.035,0.015,0.048,0.0373,0.0417,74.0,0.1628,0.62,0.068,0.12,0.0,0.0,0.33,0.3,0.009,0.006627,0.008387,0.00145,0.002531,0.009305,0.003557,0.002349,0.653421,0.031,-0.062,0.0361,-0.0344,0.000743,-0.0125,0.002857142857142852,0.596,1.62,5.16,5
1211,1,0,0,0.435,0.07146,0.5656,0.012,73.19463,0.04,0.02545,0.0321,0.0365,0.02225,0.013,0.029,0.015,0.0291,0.0129,0.0226,72.19463,0.1505,0.585,0.068,0.135,0.0,0.0,0.33,0.3,0.009,0.001151,0.001249,0.000557,0.004294,0.004002,0.007983,0.001213,0.65686,0.0321,-0.0688,0.0385,-0.0378,0.0018,-0.013649999999999999,0.005000000000000006,0.188,0.519,2.97,5
1212,0,0,1,0.405,0.07,0.5656,0.055,74.0,0.04,0.0285,0.045,0.0445,0.0258,0.0115,0.035,0.015,0.0587,0.0444,0.036,73.0,0.148,0.5494,0.068,0.13,0.0,0.018,0.33,0.39,0.009,0.007787,0.004103,0.002088,0.00062176,0.004325,0.005339,0.004079,0.68605,0.0164,-0.034,0.0201,-0.0186,0.00113,-0.00679,0.002714285714285715,0.944,1.95,4.05,5
1213,1,0,0,0.425,0.07,0.5656,0.095,73.0,0.04,0.0271,0.035,0.0365,0.02335,0.013,0.0288,0.015,0.0406,0.0455,0.0354,73.0,0.1603,0.6155,0.068,0.13,0.016,0.018,0.33,0.35,0.009,0.002326,0.001595,0.000779,0.00194,0.007133,0.003661,0.009669,0.651179,0.00431,-0.11,0.0205,-0.0166,0.000837,-0.0049250000000000006,0.0023571428571428537,0.056,0.727,6.93,5
1214,0,0,1,0.43663,0.0095,0.5656,0.045,70.5,0.04,0.0286,0.045,0.0365,0.02735,0.018,0.0318,0.015,0.0453,0.0536,0.0275,70.0,0.119,0.3407,0.068,0.13,0.0,0.0,0.33,0.3,0.009,0.008883,0.004188,0.000571,0.004586,0.005812,0.003859,0.002716,0.637996,-0.0108,0.0182,-0.0108,0.00938,0.00111,-0.00894,0.0032857142857142755,1.24,1.58,3.79,5
1215,1,0,0,0.401,0.07,0.5656,0.045,74.0,0.04,0.0286,0.045,0.0365,0.02335,0.013,0.0318,0.015,0.0491,0.0477,0.0365,73.0,0.1822,0.5977,0.068,0.13,0.0,0.0,0.33,0.3,0.009,0.003383,0.004905,0.002395,0.001334,0.00051862,0.005324,0.00070305,0.661668,0.026,-0.0567,0.0314,-0.0328,0.00116,-0.01225,0.0035714285714285744,0.224,0.527,4.65,5
1216,1,0,0,0.45,-0.03,0.5656,0.045,59.1,0.04,0.0286,0.045,0.0365,0.02335,0.013,0.0318,0.015,0.0332,0.1609,0.0722,66.0,0.1451,0.415,0.068,0.13,0.0,0.0,0.33,0.3,0.009,0.000944,0.004432,0.00359,0.003926,0.003891,0.005646,0.004193,0.505981,-0.00304,0.00511,-0.00282,0.00141,0.000555,-0.0005425,0.0015071428571428573,1.11,2.46,5.82,5
1217,0,0,1,0.405,0.07,0.5656,0.045,74.0,0.04,0.0286,0.045,0.0365,0.02335,0.013,0.0318,0.015,0.0499,0.049,0.034,73.0,0.145,0.515,0.068,0.13,0.0,0.0,0.33,0.3,0.009,0.003731,0.009404,0.001645,0.00062633,0.005522,0.007753,0.001472,0.653639,0.0423,-0.0827,0.0512,-0.0442,0.00206,-0.01585,0.006428571428571414,0.525,1.19,3.39,5
1219,0,0,1,0.405,0.07,0.5656,0.045,74.0,0.04,0.0286,0.045,0.0365,0.02335,0.013,0.0318,0.015,0.0526,0.0467,0.0364,77.5,0.145,0.6167,0.068,0.13,0.0,0.0,0.33,0.3,0.009,0.004959,0.001449,0.001707,0.009113,0.00054707,0.004167,0.008863,0.6804,0.0193,-0.0401,0.023,-0.0222,0.00143,-0.00787,0.0038571428571428546,0.83,2.27,4.18,5
1220,0,0,1,0.41,0.07,0.5656,0.045,73.0,0.04,0.0286,0.045,0.0365,0.02335,0.013,0.0318,0.015,0.0513,0.0118,0.0732,73.5,0.1617,0.55,0.068,0.13,0.0,0.0,0.33,0.3,0.009,0.0016,0.002319,0.001133,0.00063093,0.001097,0.002517,0.006649,0.667149,0.0223,-0.0494,0.0276,-0.0263,0.00204,-0.00942,0.00542857142857143,0.747,1.4,3.2,5
1221,1,0,0,0.38,0.0045,0.5656,0.045,71.0,0.04,0.0286,0.045,0.0365,0.02335,0.013,0.0318,0.015,0.0446,0.0386,0.0322,72.0,0.1247,0.2886,0.068,0.135,0.0,0.0,0.33,0.3,0.009,0.00425,0.006457,0.000945,0.001374,0.001284,0.002279,0.009281,0.604371,-0.00235,0.00381,-0.00243,0.00196,0.000522,-0.00193,0.0015714285714285724,1.04,1.26,7.03,5
1222,0,0,1,0.409,0.07,0.5656,0.22,75.0,0.04,0.0327,0.045,0.0365,0.021,0.013,0.0318,0.015,0.0498,0.1737,0.0301,75.0,0.175,0.81,0.068,0.13,0.0,0.0,0.33,0.3,0.009,0.000609,0.001925,0.005454,0.001341,0.001274,0.009592,0.009648,0.659423,0.0138,-0.0309,0.0171,-0.017,0.00199,-0.00625,0.004142857142857141,1.16,2.57,4.8,5
1223,1,0,0,0.405,0.07,0.5656,0.035,73.0,0.04,0.0254,0.0318,0.0365,0.02335,0.013,0.0286,0.015,0.0372,0.0169,0.0291,73.0,0.1418,0.5769,0.068,0.13,0.0,0.0,0.33,0.3,0.009,0.003962,0.000768,0.003587,0.005216,0.0021,0.008256,0.006846,0.649455,0.00975,-0.0193,0.0117,-0.0104,0.000989,-0.003725,0.002214285714285717,0.471,1.29,6.49,5
1224,1,0,0,0.405,0.07,0.5656,0.045,74.0,0.04,0.0286,0.045,0.0365,0.02335,0.013,0.0318,0.015,0.0497,0.0477,0.042,72.0,0.1099,0.52,0.068,0.13,0.0,0.0,0.33,0.3,0.009,0.004253,0.001341,0.009384,0.001088,0.007827,0.00574,0.00096358,0.643138,0.0156,-0.0275,0.0188,-0.0132,0.00179,-0.004425,0.0042142857142857156,0.429,1.3,5.58,5
1225,1,0,0,0.405,0.068,0.5656,0.055,72.5,0.04,0.03175,0.045,0.0365,0.02385,0.013,0.0349,0.015,0.0409,0.0492,0.0281,73.0,0.1465,0.5392,0.068,0.13,0.0,0.018,0.33,0.3,0.009,0.000847,0.001175,0.002543,0.001485,0.00075309,0.006336,0.002927,0.645691,0.0105,-0.0204,0.0125,-0.0111,0.00104,-0.003995,0.0023571428571428537,0.499,1.19,4.85,5
1226,1,0,0,0.405,0.05,0.5656,0.095,74.0,0.04,0.0255,0.0312,0.0365,0.02335,0.013,0.0285,0.015,0.0383,0.0192,0.0333,73.0,0.17,0.5692,0.068,0.13,0.0,0.0,0.33,0.3,0.009,0.003433,0.000939,0.001772,0.00236,0.009363,0.001474,0.003803,0.603063,-0.00305,0.00673,-0.00347,0.00364,0.00106,-0.00408,0.002714285714285718,0.933,1.07,5.02,5
1227,1,0,0,0.4,0.05,0.5656,0.02,73.0,0.04,0.0254,0.0317,0.0365,0.0175,0.0125,0.0286,0.015,0.0338,0.0159,0.0248,74.0,0.0891,0.5109,0.068,0.13,0.016,0.018,0.33,0.3,0.009,0.001428,0.002291,0.000692,0.003165,0.002787,0.007232,0.001766,0.618247,-0.00782,0.0127,-0.00848,0.00634,0.00154,-0.005145,0.003928571428571429,0.731,0.803,3.47,5
1228,1,0,0,0.47,0.08,0.5656,0.02,71.0,0.04,0.0254,0.0317,0.0365,0.0175,0.0125,0.0286,0.015,0.0328,0.0155,0.0263,70.0,0.0936,0.5355,0.068,0.13,0.016,0.018,0.33,0.3,0.009,0.00056,0.003956,0.004715,0.002269,0.002115,0.004743,0.008124,0.631179,0.00896,-0.0169,0.011,-0.00725,0.00108,-0.00228,0.0022857142857142855,0.525,1.66,7.53,5
1229,1,0,0,0.3,-0.007,0.5656,0.045,75.0,0.04,0.0286,0.045,0.0365,0.02335,0.013,0.0318,0.015,0.0457,0.0498,0.0323,75.0,0.145,0.3498,0.068,0.13,0.0,0.0,0.33,0.3,0.009,0.007496,0.002931,0.003324,0.001056,0.001047,0.003836,0.003618,0.481835,-0.00106,0.000995,-0.00112,0.000324,0.000395,4.9999999999999996e-06,0.0023571428571428567,1.68,0.86,3.96,5
1230,1,0,0,0.355,0.0,0.5656,0.04,67.0,0.04,0.029,0.045,0.035,0.022,0.014,0.03,0.015,0.0385,0.029,0.0285,70.0,0.115,0.259,0.068,0.12,0.0,0.0,0.33,0.3,0.009,0.005498,0.001411,0.000635,0.001474,0.004653,0.003393,0.003393,0.529955,-0.00326,0.00383,-0.00331,0.0015,0.000845,-0.0007639999999999999,0.003057142857142856,1.01,1.25,3.63,5
1231,0,0,1,0.405,0.07,0.5656,0.058,75.5,0.04,0.0375,0.04,0.0365,0.01985,0.013,0.0318,0.015,0.0529,0.049,0.0351,73.0,0.145,0.515,0.068,0.13,0.0,0.0,0.33,0.3,0.009,0.005595,0.00119,0.001258,0.005628,0.006887,0.005915,0.005324,0.656007,0.0184,-0.0357,0.022,-0.0191,0.0022,-0.006765,0.004785714285714288,0.934,2.57,3.48,5
1234,0,0,1,0.392,0.058,0.5656,0.045,75.5,0.04,0.0302,0.045,0.044,0.02335,0.013,0.035,0.015,0.0574,0.0528,0.0412,74.0,0.135,0.6028,0.068,0.13,0.0,0.0,0.33,0.3,0.009,0.0042,0.00198,0.001208,0.002168,0.00061453,0.001825,0.005744,0.631303,0.0114,-0.0203,0.0135,-0.00983,0.0011,-0.003345,0.0025,1.14,3.32,3.56,5
1235,1,0,0,0.4,0.06,0.5656,0.045,74.0,0.04,0.0286,0.045,0.0365,0.02335,0.013,0.0318,0.015,0.0528,0.0491,0.0332,74.5,0.1178,0.5091,0.068,0.12,0.0,0.0,0.33,0.3,0.009,0.007151,0.003084,0.002121,0.001353,0.00092255,0.002188,0.00082428,0.678137,0.0297,-0.0546,0.0347,-0.0288,0.00131,-0.01023,0.0038571428571428606,0.259,0.738,4.13,5
1236,0,0,1,0.375,0.0,0.5656,0.047,74.0,0.04,0.0292,0.04,0.033,0.022,0.0175,0.028,0.015,0.0428,0.0434,0.0295,73.0,0.1,0.2934,0.068,0.13,0.0,0.0,0.33,0.3,0.009,0.003144,0.003266,0.005949,0.005021,0.00070925,0.007902,0.00077885,0.594338,-0.00953,0.0125,-0.00944,0.0058,0.00202,-0.004685,0.006214285714285715,1.77,2.17,2.5,5
1237,0,0,1,0.425,0.0,0.5656,0.175,74.0,0.04,0.0302,0.043,0.035,0.03,0.0215,0.03,0.015,0.0498,0.0439,0.031,73.0,0.11,0.4439,0.068,0.13,0.0,0.0,0.33,0.3,0.009,0.002826,0.000762,0.000632,0.001009,0.005442,0.001336,0.00076195,0.651822,-0.0299,0.051,-0.0292,0.0258,0.00306,-0.0273,0.008571428571428568,0.942,0.968,1.98,5
1238,0,0,1,0.405,0.0,0.5656,0.044,74.0,0.04,0.0302,0.04,0.035,0.025,0.019,0.027,0.015,0.0451,0.0393,0.0305,73.0,0.107,0.3143,0.068,0.13,0.0,0.0,0.33,0.3,0.009,0.006816,0.001138,0.003979,0.008268,0.00081499,0.00076867,0.007185,0.59023,-0.00479,0.0068,-0.00481,0.0031,0.00127,-0.00226,0.0035714285714285713,2.7,3.69,3.92,5
1240,0,0,1,0.41,0.0,0.5656,0.22,73.0,0.04,0.0327,0.04,0.04,0.03,0.0215,0.035,0.015,0.0576,0.0443,0.0307,73.0,0.127,0.5193,0.068,0.13,0.0,0.0,0.33,0.3,0.009,0.002692,0.00392,0.00296,0.001889,0.005244,0.009177,0.004577,0.645654,-0.00517,0.0107,-0.00504,0.00469,0.000738,-0.004475,0.0020714285714285735,1.28,3.0,4.55,5
1241,1,0,0,0.4,-0.007,0.5656,0.045,75.0,0.04,0.0286,0.045,0.0365,0.02335,0.013,0.0318,0.015,0.0791,0.0475,0.0213,75.0,0.12,0.3475,0.068,0.13,0.0,0.0,0.33,0.3,0.009,0.003342,0.003194,0.004537,0.002576,0.001599,0.003073,0.002751,0.587127,-0.00343,0.00442,-0.00336,0.00185,0.000724,-0.0010835,0.0019499999999999993,1.13,2.01,4.92,5
1242,1,0,0,0.375,0.0,0.5656,0.044,74.0,0.04,0.0292,0.04,0.034,0.023,0.018,0.028,0.015,0.043,0.0393,0.0288,72.0,0.1,0.2643,0.068,0.13,0.0,0.0,0.33,0.3,0.009,0.005842,0.002857,0.000542,0.001991,0.003165,0.003707,0.002335,0.593796,-0.00656,0.00877,-0.00644,0.00421,0.000807,-0.00327,0.0025714285714285717,0.848,1.0,4.25,5
1243,1,0,0,0.35,-0.03,0.5656,0.044,78.0,0.04,0.0292,0.04,0.034,0.023,0.018,0.028,0.015,0.0409,0.0391,0.0302,72.0,0.111,0.2791,0.068,0.13,0.0,0.0,0.33,0.3,0.009,0.005893,0.00142,0.008915,0.00078285,0.006406,0.001999,0.00819,0.576285,-0.002,0.0025,-0.00184,0.00125,0.000719,-0.0008185,0.004307142857142856,0.715,0.489,7.42,5
1244,0,0,1,0.35,0.0,0.5656,0.044,74.0,0.04,0.0277,0.045,0.04,0.025,0.013,0.03,0.015,0.1105,0.05,0.1555,75.0,0.1791,0.35,0.07,0.13,0.0,0.0,0.33,0.3,0.009,0.001067,0.002321,0.002139,0.002352,0.001057,0.001223,0.008001,0.591584,-0.00377,0.00645,-0.00378,0.00276,0.000726,-0.001695,0.0023571428571428584,2.89,4.87,3.33,5
1245,0,0,1,0.415,0.07,0.5656,0.045,72.5,0.04,0.0286,0.045,0.0365,0.02335,0.013,0.0318,0.015,0.0462,0.0317,0.0312,73.5,0.1509,0.6017,0.068,0.13,0.0,0.0,0.33,0.3,0.009,0.00948,0.000535,0.000888,0.001537,0.001548,0.00062495,0.004136,0.659435,0.0274,-0.0567,0.0334,-0.0305,0.00307,-0.010950000000000001,0.006428571428571426,0.677,1.67,2.52,5
1246,0,0,1,0.4,0.04,0.5656,0.175,80.0,0.04,0.0327,0.04,0.0365,0.03,0.025,0.04,0.015,0.025,0.16,0.025,74.0,0.1353,0.66,0.072,0.12,0.02,0.0,0.37,0.3,0.009,0.008508,0.005542,0.00086,0.002189,0.002803,0.001725,0.006983,0.596165,-0.00471,0.00853,-0.00499,0.00454,0.000627,-0.00442,0.0019999999999999987,2.82,2.59,6.53,5
1247,1,0,0,0.407,0.067,0.5656,0.045,75.0,0.04,0.0286,0.045,0.0365,0.02335,0.013,0.0318,0.015,0.0486,0.0487,0.036,70.5,0.158,0.5337,0.068,0.13,0.0,0.0,0.33,0.3,0.009,0.008844,0.009268,0.005941,0.00164,0.008639,0.001759,0.004984,0.632945,0.00833,-0.0162,0.01,-0.0085,0.000662,-0.00302,0.0017142857142857155,0.518,1.38,9.24,5
1248,1,0,0,0.415,0.069,0.5656,0.045,74.0,0.04,0.0267,0.035,0.0305,0.02335,0.013,0.031,0.015,0.0409,0.0141,0.0346,74.0,0.167,0.5941,0.068,0.13,0.0,0.0,0.33,0.3,0.009,0.003585,0.001223,0.002649,0.001991,0.00070485,0.001712,0.001006,0.670601,0.0337,-0.0729,0.0401,-0.0419,0.00213,-0.0156,0.005714285714285716,0.193,0.52,3.62,5
1249,1,0,0,0.445,0.07,0.5656,0.08,73.5,0.04,0.0339,0.038,0.0429,0.02335,0.015,0.032,0.015,0.0504,0.0773,0.0254,71.0,0.12,0.48,0.068,0.135,0.0,0.0,0.33,0.3,0.0123,0.000518,0.000744,0.004011,0.001046,0.009397,0.004629,0.007612,0.751986,0.00758,-0.0172,0.00931,-0.00955,0.00124,-0.00353,0.0017142857142857155,0.59,1.23,8.69,5
1250,1,0,0,0.56,0.12218,0.5656,0.08,62.8736,0.0381,0.0277,0.0317,0.034,0.0175,0.00525,0.0286,0.015,0.0317,0.04,0.03,59.3736,0.142,0.5,0.068,0.135,0.0,0.0,0.33,0.3,0.0106,0.004294,0.007442,0.000983,0.001674,0.00081023,0.00053794,0.002243,0.679554,0.0258,-0.0682,0.0351,-0.0336,0.00299,-0.01145,0.004999999999999994,0.212,0.554,4.23,5
1251,1,0,0,0.445,0.075,0.5656,0.06,73.0,0.04,0.0369,0.05,0.0429,0.02335,0.015,0.035,0.015,0.048,0.0581,0.0413,71.0,0.2,0.54,0.068,0.135,0.0,0.0,0.33,0.3,0.0123,0.004746,0.002126,0.001479,0.00344,0.00095656,0.002011,0.006221,0.709397,0.00631,-0.0162,0.00777,-0.00964,0.000656,-0.00366,0.001428571428571429,0.691,1.64,7.83,5
1252,1,0,0,0.405,0.0,0.5656,0.043,74.0,0.04,0.0292,0.04,0.034,0.022,0.0175,0.028,0.015,0.0429,0.0382,0.03,72.0,0.1,0.2982,0.068,0.13,0.0,0.0,0.33,0.3,0.009,0.004392,0.001575,0.002129,0.009733,0.00090616,0.004973,0.001214,0.595873,-0.00648,0.00893,-0.00647,0.00402,0.00127,-0.003015,0.0036428571428571426,0.889,1.16,3.86,5
1254,1,0,0,0.80152,0.07,0.5656,0.045,45.6,0.04,0.0302,0.045,0.0365,0.026,0.013,0.0318,0.015,0.035,0.05,0.065,56.5,0.15,0.43,0.068,0.13,0.016,0.0,0.33,0.3,0.009,0.000958,0.001492,0.000775,0.00052129,0.006732,0.003953,0.00065586,0.857217,0.106,-0.364,0.126,-0.18,0.00663,-0.06105,0.009285714285714253,0.0929,0.24,4.5,5
1255,0,0,1,0.4323,0.07,0.5656,0.065,71.5,0.04,0.0336,0.045,0.0365,0.02335,0.018,0.0318,0.015,0.0633,0.068,0.0298,67.5,0.125,0.4205,0.068,0.135,0.0,0.0,0.33,0.3,0.009,0.005117,0.001937,0.003864,0.002642,0.00085905,0.008614,0.002551,0.68208,0.0227,-0.0432,0.027,-0.0221,0.0022,-0.00767,0.005285714285714287,0.8,2.04,3.37,5
1257,1,0,0,0.405,0.07,0.5656,0.066,78.0,0.088,0.0371,0.045,0.0365,0.02335,0.013,0.0318,0.015,0.0523,0.0509,0.0366,77.0,0.145,0.5169,0.068,0.12,0.0,0.0,0.33,0.3,0.009,0.000501,0.00417,0.001279,0.008366,0.00549,0.001684,0.006171,0.677453,0.00911,-0.0187,0.0115,-0.0097,0.000609,-0.00347,0.0017142857142857125,0.493,1.34,7.44,5
1258,1,0,0,0.405,0.09,0.5656,0.066,76.0,0.088,0.0371,0.045,0.0365,0.02335,0.013,0.0318,0.015,0.0503,0.0509,0.0366,75.0,0.145,0.5169,0.068,0.135,0.0,0.0,0.33,0.3,0.009,0.001501,0.00338,0.000872,0.004809,0.003331,0.00079439,0.001176,0.701828,0.0231,-0.0507,0.0303,-0.0279,0.00121,-0.01035,0.0035714285714285744,0.272,0.732,4.42,5
1259,1,0,0,0.325,-0.025,0.5656,0.043,74.0,0.04,0.0287,0.035,0.032,0.02,0.0165,0.027,0.015,0.0365,0.0353,0.0323,73.0,0.097,0.2603,0.068,0.13,0.0,0.0,0.33,0.3,0.009,0.001443,0.006006,0.008142,0.003197,0.001023,0.003642,0.004739,0.49551,0.0134,-0.0291,0.0167,-0.0168,0.00109,-0.00625,0.0029999999999999953,0.445,1.13,7.44,5
1260,1,0,0,0.325,-0.025,0.5656,0.04,74.0,0.04,0.0287,0.035,0.032,0.02,0.0165,0.027,0.015,0.0352,0.0368,0.0303,73.0,0.095,0.1868,0.068,0.13,0.0,0.0,0.33,0.3,0.009,0.000628,0.007507,0.000852,0.003085,0.002072,0.00077544,0.004869,0.486082,0.0206,-0.0452,0.0257,-0.0259,0.00111,-0.00961,0.003142857142857138,0.28,0.752,5.39,5
1261,1,0,0,0.445,0.0675,0.5656,0.02,73.0,0.04,0.0339,0.036,0.0429,0.02335,0.015,0.0286,0.015,0.0517,0.0666,0.0259,71.0,0.12,0.485,0.068,0.135,0.0,0.0,0.33,0.3,0.0123,0.00295,0.002345,0.002628,0.002564,0.001287,0.00852,0.008876,0.74741,0.0076,-0.0171,0.00917,-0.0093,0.000712,-0.0033699999999999997,0.001428571428571429,0.665,1.83,9.41,5
1262,0,0,1,0.405,0.07,0.5656,0.065,80.0,0.04,0.0381,0.045,0.0365,0.02335,0.014,0.0318,0.015,0.0526,0.0508,0.0318,77.5,0.145,0.5168,0.068,0.13,0.0,0.0,0.33,0.3,0.009,0.001351,0.006742,0.001548,0.00060605,0.003142,0.00099219,0.00532,0.6804,0.0187,-0.0381,0.0227,-0.0212,0.00167,-0.0076749999999999995,0.005499999999999999,0.831,1.48,3.92,5
1263,0,0,1,0.405,0.07,0.5656,0.065,80.0,0.04,0.0381,0.045,0.0365,0.02335,0.014,0.0318,0.015,0.0526,0.0508,0.0318,80.5,0.145,0.5168,0.068,0.13,0.0,0.0,0.33,0.3,0.009,0.005928,0.007264,0.005816,0.003245,0.005099,0.007725,0.00385,0.696834,0.0138,-0.0284,0.0164,-0.0163,0.00127,-0.006059999999999999,0.0037142857142857173,1.21,3.31,5.35,5
1264,1,0,0,0.325,-0.025,0.5656,0.04,74.0,0.04,0.0287,0.035,0.032,0.02,0.0165,0.028,0.015,0.0365,0.0352,0.0324,73.0,0.095,0.2602,0.068,0.13,0.0,0.0,0.33,0.3,0.009,0.001315,0.000693,0.001576,0.001741,0.00475,0.001581,0.009473,0.49551,0.0163,-0.0339,0.0196,-0.0193,0.0019,-0.007145,0.003785714285714286,0.289,0.744,5.9,5
1266,1,0,0,0.56,0.05,0.5656,0.058,73.0,0.04,0.0286,0.045,0.0381,0.02335,0.013,0.0318,0.015,0.06,0.0528,0.025,73.0,0.1325,0.5188,0.068,0.13,0.0,0.0,0.33,0.3,0.009,0.005091,0.00239,0.00488,0.00099509,0.00070563,0.00066943,0.008433,0.748079,-0.0035,0.00924,-0.00398,0.0049,0.00142,-0.005015,0.0020714285714285674,1.06,0.984,9.47,5
1267,0,0,1,0.405,0.07,0.5656,0.045,74.0,0.04,0.0286,0.045,0.0365,0.02335,0.013,0.0318,0.015,0.0501,0.049,0.034,73.0,0.145,0.515,0.068,0.13,0.0,0.0,0.33,0.3,0.009,0.003805,0.000574,0.000719,0.00061678,0.00099219,0.00551,0.002304,0.651833,0.0385,-0.0755,0.0469,-0.0401,0.00418,-0.0142,0.01,0.528,1.01,1.86,5
1269,1,0,0,0.36786,0.069,0.5656,0.044,75.0,0.04,0.0277,0.04,0.0365,0.02335,0.013,0.03,0.015,0.0477,0.0168,0.0307,74.0,0.12,0.52,0.068,0.12,0.016,0.018,0.33,0.3,0.009,0.006214,0.003232,0.001267,0.00526,0.002973,0.005325,0.001827,0.621341,0.0565,-0.178,0.082,-0.0547,0.00154,-0.0154,0.005714285714285729,0.282,1.14,2.65,5
1270,1,0,0,0.33,-0.015,0.5656,0.045,74.0,0.04,0.0286,0.045,0.0365,0.02485,0.0165,0.0318,0.02,0.0438,0.0401,0.0228,69.0,0.0934,0.2601,0.068,0.13,0.0,0.0,0.33,0.3,0.009,0.009819,0.001349,0.005842,0.007816,0.00057244,0.002762,0.004489,0.552008,-0.00184,0.00185,-0.00179,0.000698,0.000452,-0.000364,0.0013142857142857144,1.27,2.89,5.41,5
1271,1,0,0,0.415,0.08,0.5656,0.17,72.0,0.04,0.0286,0.045,0.0365,0.022,0.017,0.0318,0.015,0.0433,0.1296,0.0292,73.5,0.1457,0.7096,0.068,0.13,0.016,0.018,0.33,0.3,0.009,0.002366,0.004355,0.000753,0.00278,0.00074297,0.00087331,0.007934,0.659974,0.0103,-0.0219,0.0128,-0.0116,0.000626,-0.004145,0.0017857142857142872,0.438,1.18,7.42,5
1272,0,0,1,0.38,0.08,0.5656,0.24,76.0,0.04,0.027,0.038,0.0365,0.022,0.016,0.0318,0.015,0.0492,0.1396,0.0336,72.5,0.1538,0.6996,0.068,0.13,0.017,0.018,0.33,0.3,0.009,0.001173,0.001226,0.008329,0.001862,0.004876,0.002445,0.006235,0.71197,0.0217,-0.0482,0.0269,-0.0284,0.00187,-0.0109,0.004285714285714284,0.775,2.04,4.72,5
1273,1,0,0,0.45212,0.06604,0.5656,0.12,73.5,0.04,0.0286,0.045,0.0365,0.02335,0.013,0.0318,0.015,0.0468,0.116,0.0317,71.0,0.1176,0.508,0.068,0.135,0.0,0.0,0.33,0.3,0.009,0.001788,0.002051,0.000923,0.009585,0.006767,0.001103,0.004934,0.712289,0.0158,-0.0333,0.0184,-0.0178,0.000925,-0.006165,0.0023571428571428537,0.372,1.05,6.22,5
1274,1,0,0,0.445,0.0675,0.5656,0.025,73.0,0.04,0.0339,0.036,0.0429,0.02335,0.015,0.0286,0.015,0.0517,0.0666,0.0259,71.0,0.12,0.485,0.068,0.135,0.0,0.0,0.33,0.3,0.0123,0.00614,0.004191,0.000905,0.00082518,0.003805,0.001707,0.003307,0.74741,0.0146,-0.0325,0.0177,-0.0179,0.00106,-0.0065249999999999996,0.0019285714285714303,0.385,0.874,6.77,5
1275,0,0,1,0.444,0.058,0.5656,0.045,73.0,0.04,0.0302,0.045,0.03895,0.02335,0.013,0.0316,0.015,0.0454,0.0362,0.03,71.0,0.1169,0.4422,0.068,0.13,0.0,0.0,0.33,0.3,0.009,0.000647,0.001069,0.003365,0.003033,0.00074161,0.001263,0.00429,0.668309,0.0189,-0.0364,0.0222,-0.0181,0.00211,-0.006215,0.004500000000000002,0.955,2.76,2.81,5
1276,1,0,0,0.405,0.07,0.5656,0.045,74.0,0.04,0.0286,0.045,0.03995,0.02335,0.013,0.0318,0.015,0.0518,0.04,0.032,73.0,0.1026,0.46,0.068,0.13,0.0,0.0,0.33,0.3,0.009,0.00417,0.008715,0.001597,0.00887,0.00203,0.002007,0.007708,0.655654,0.00717,-0.0126,0.00847,-0.00619,0.000447,-0.002035,0.0012142857142857142,0.568,1.67,8.65,5
1277,1,0,0,0.36,0.04,0.5656,0.045,75.5,0.04,0.0286,0.045,0.0365,0.02335,0.013,0.0318,0.015,0.0488,0.04,0.0377,74.5,0.1331,0.55,0.068,0.135,0.0,0.0,0.33,0.3,0.009,0.002904,0.003048,0.002469,0.00060362,0.005659,0.00086821,0.006097,0.622814,-0.00234,0.00442,-0.00271,0.00244,0.000736,-0.002495,0.003071428571428573,1.67,0.692,6.53,5
1278,1,0,0,0.4225,0.064,0.5656,0.07,74.0,0.034,0.0286,0.04,0.0365,0.02335,0.013,0.0318,0.015,0.0442,0.0531,0.0361,71.5,0.165,0.58,0.068,0.135,0.0,0.0,0.33,0.3,0.009,0.003007,0.008968,0.003395,0.003481,0.002047,0.006557,0.001114,0.668197,0.0196,-0.0416,0.0229,-0.0235,0.000931,-0.0086,0.0027142857142857025,0.31,0.817,6.29,5
1279,0,0,1,0.44,0.069,0.5656,0.08,73.25,0.04,0.0307,0.045,0.0365,0.025,0.019,0.036,0.015,0.054,0.0513,0.0425,72.0,0.188,0.56,0.068,0.13,0.0,0.0,0.33,0.3,0.009,0.000943,0.000674,0.002523,0.002766,0.0008698,0.002628,0.006068,0.656976,0.0176,-0.0396,0.0213,-0.0217,0.00214,-0.00788,0.0044285714285714215,0.883,2.22,3.19,5
1280,0,0,1,0.42,0.058,0.5656,0.08,69.0,0.04,0.03495,0.055,0.0365,0.03335,0.0228,0.0286,0.015,0.07,0.02,0.025,69.0,0.09,0.4,0.068,0.135,0.0,0.0,0.33,0.3,0.008,0.007014,0.000818,0.000523,0.00735,0.007804,0.001221,0.00076028,0.669618,0.0715,-0.117,0.0814,-0.0539,0.0022,-0.01715,0.006428571428571439,0.378,1.18,2.94,5
1281,1,0,0,0.4,-0.0175,0.5656,0.075,74.0,0.04,0.0267,0.035,0.0365,0.02335,0.013,0.028,0.015,0.0378,0.0305,0.0354,72.0,0.194,0.48,0.068,0.12,0.0,0.0,0.33,0.3,0.009,0.001465,0.001216,0.004954,0.002622,0.005004,0.001783,0.006352,0.521821,-0.00154,0.00268,-0.00154,0.00131,0.000614,-0.0012200000000000002,0.0018571428571428571,0.9,2.01,5.61,5
1282,1,0,0,0.405,-0.03,0.5656,0.045,40.0,0.04,0.0286,0.045,0.0365,0.02335,0.013,0.0318,0.015,0.0306,0.0426,0.0527,40.0,0.145,0.3426,0.068,0.13,0.0,0.0,0.33,0.3,0.009,0.001117,0.001451,0.004774,0.008359,0.007024,0.00084968,0.001228,0.361384,-0.00253,0.00404,-0.0025,0.00198,0.000859,-0.001935,0.002785714285714285,0.901,1.46,4.75,5
1283,1,0,0,0.375,0.05,0.5656,0.025,70.0,0.04,0.0255,0.032,0.0365,0.02335,0.013,0.0256,0.015,0.025,0.015,0.025,77.0,0.0875,0.555,0.068,0.12,0.0,0.0,0.33,0.3,0.009,0.00876,0.001204,0.000609,0.001066,0.00089562,0.004582,0.002154,0.611212,-0.00641,0.0105,-0.00707,0.00544,0.0013,-0.0047,0.0035714285714285744,0.774,0.785,3.21,5
1285,0,0,1,0.4,0.05,0.5656,0.14,74.0,0.04,0.031,0.045,0.0365,0.025,0.0165,0.0318,0.01,0.0356,0.009,0.0461,74.0,0.0985,0.549,0.068,0.12,0.0,0.0,0.33,0.3,0.009,0.00635,0.002098,0.001001,0.004576,0.003042,0.006782,0.00128,0.633593,-0.0143,0.0264,-0.0157,0.013,0.00193,-0.01165,0.005000000000000006,0.975,1.52,2.52,5
1286,1,0,0,0.415,0.07,0.5656,0.045,72.99997971982306,0.04,0.0286,0.045,0.0365,0.02335,0.013,0.0318,0.015,0.0439,0.0202,0.033,72.0,0.1795,0.5852,0.068,0.13,0.0,0.0,0.33,0.3,0.009,0.00085,0.003157,0.00805,0.001096,0.008932,0.001692,0.004144,0.664566,0.009984,-0.02232,0.01218,-0.01279,0.0009391,-0.004797,0.0022142857142857107,0.4088,1.029,8.11,6
1287,0,0,1,0.327,-0.001,0.5656,0.055,74.0000202554444,0.04,0.0286,0.042,0.0365,0.0235,0.0165,0.0318,0.015,0.0523,0.0546,0.0226,71.0,0.115,0.3,0.068,0.13,0.0,0.0,0.33,0.3,0.009,0.001012,0.000557,0.003753,0.003438,0.005239,0.00789,0.007798,0.599064,-0.003552,0.005081,-0.003716,0.002582,0.001337,-0.002536,0.0034999999999999996,2.416,3.522,3.23,6
1288,0,0,1,0.355,-0.001,0.5656,0.055,74.0000202554444,0.04,0.0286,0.042,0.0365,0.0235,0.0165,0.0318,0.015,0.0505,0.0537,0.024,69.5,0.115,0.3,0.068,0.13,0.0,0.0,0.33,0.3,0.009,0.000663,0.000542,0.008786,0.005446,0.003395,0.00067139,0.007702,0.570698,-0.003081,0.004521,-0.003322,0.001919,0.001376,-0.001408,0.003257142857142857,2.2,4.784,3.41,6
1289,0,0,1,0.41,0.015,0.5656,0.2,69.99997270451806,0.04,0.05,0.045,0.0475,0.04,0.0215,0.04,0.015,0.0455,0.0534,0.03,65.1,0.0899,0.3534,0.068,0.13,0.0,0.0,0.33,0.3,0.009,0.00391,0.001827,0.00051,0.004687,0.00088975,0.001249,0.003581,0.610274,-0.003952,0.007922,-0.004054,0.002695,0.0004471,-0.001677,0.0012857142857142843,1.674,4.88,3.75,6
1290,1,0,0,0.295,0.0,0.5656,0.029,73.49999998763374,0.04,0.0379,0.04,0.04245,0.0315,0.021,0.0318,0.015,0.0327,0.0269,0.033,72.5,0.0917,0.2269,0.068,0.135,0.0,0.0,0.33,0.3,0.0112,0.002117,0.002151,0.000982,0.009086,0.00059203,0.00089693,0.004228,0.535367,-0.001236,0.001268,-0.001233,0.00043,0.0001766,-0.0002579,0.0006414285714285713,1.937,3.571,4.84,6
1291,0,0,1,0.295,0.0,0.5656,0.029,73.49999998763374,0.04,0.0429,0.04,0.04245,0.0315,0.021,0.0318,0.015,0.0327,0.0269,0.033,72.5,0.0917,0.2269,0.068,0.135,0.0,0.0,0.33,0.3,0.0112,0.002603,0.001708,0.003698,0.009655,0.001095,0.00097421,0.009,0.535367,-0.001083,0.001153,-0.001107,0.0003792,0.0003018,-0.00022955,0.001055,5.814,8.921,4.21,6
1292,1,0,0,0.405,0.07,0.5656,0.045,74.0000202554444,0.04,0.0286,0.045,0.0365,0.02335,0.013,0.0318,0.015,0.055,0.0494,0.0333,73.0,0.145,0.5154,0.068,0.13,0.0,0.0,0.33,0.3,0.009,0.001382,0.000993,0.001374,0.00094474,0.008353,0.003314,0.006382,0.613077,0.008715,-0.01579,0.01065,-0.007613,0.001117,-0.002556,0.0030142857142857146,0.4876,1.021,5.66,6
1293,1,0,0,0.42,0.03,0.5656,0.045,71.99999647998123,0.04,0.0286,0.045,0.0365,0.02335,0.013,0.0318,0.015,0.0469,0.0512,0.0316,68.5,0.103,0.4,0.068,0.135,0.0,0.0,0.33,0.3,0.009,0.000618,0.003383,0.002306,0.00056289,0.002481,0.00066894,0.00050515,0.643233,-0.01001,0.01742,-0.01072,0.008763,0.001638,-0.0077020000000000005,0.005157142857142859,0.7475,0.6868,3.29,6
1294,0,0,1,0.405,0.07,0.5656,0.045,74.49998322747555,0.04,0.0286,0.045,0.0365,0.02335,0.013,0.0318,0.015,0.0505,0.0488,0.0335,74.0,0.145,0.5148,0.068,0.13,0.0,0.0,0.33,0.3,0.009,0.008452,0.002855,0.001047,0.007009,0.006988,0.001798,0.004032,0.659632,0.02488,-0.04885,0.0295,-0.02656,0.001369,-0.009401,0.004171428571428567,0.6922,1.921,3.55,6
1295,1,0,0,0.37,-0.001,0.5656,0.055,74.0000202554444,0.04,0.0286,0.042,0.0365,0.0235,0.0165,0.0318,0.015,0.0521,0.0489,0.023,69.5,0.115,0.3,0.068,0.13,0.0,0.0,0.33,0.3,0.009,0.000879,0.000773,0.000501,0.00477,0.00313,0.00203,0.001664,0.588225,-0.006154,0.008262,-0.006118,0.003922,0.001186,-0.003162,0.003300000000000001,0.8832,0.9932,2.54,6
1296,0,0,1,0.36,-0.026,0.5656,0.045,71.99999647998123,0.04,0.0327,0.045,0.0365,0.035,0.024,0.033,0.015,0.07,0.0515,0.018,72.0,0.12,0.1515,0.068,0.13,0.0,0.0,0.33,0.3,0.009,0.00068,0.001388,0.002768,0.00068378,0.00051635,0.007355,0.0008441,0.508382,-0.008125,0.01052,-0.007986,0.004997,0.001139,-0.0041135,0.00506428571428571,2.162,2.275,1.88,6
1297,1,0,0,0.44,0.085,0.5656,0.045,75.50002376309689,0.04,0.0286,0.0318,0.0286,0.02335,0.013,0.0286,0.015,0.0443,0.0462,0.0301,72.0,0.09,0.4462,0.068,0.135,0.0,0.0,0.33,0.3,0.009,0.005382,0.006406,0.004405,0.004259,0.00062222,0.005084,0.001285,0.680136,0.02429,-0.04644,0.02949,-0.02289,0.001388,-0.0076755,0.0033071428571428622,0.3054,0.9021,5.85,6
1298,1,0,0,0.41,0.005,0.5656,0.045,71.00001324013941,0.04,0.0377,0.05,0.049,0.05,0.0215,0.0318,0.015,0.11,0.0401,0.0217,70.0,0.13,0.3851,0.068,0.135,0.0,0.0,0.33,0.3,0.009,0.000999,0.008347,0.003302,0.008214,0.007942,0.00092762,0.003341,0.618267,-0.00158,0.002181,-0.001577,0.0008796,7.486e-05,-0.00054665,0.0002250000000000004,2.203,3.443,13.88,6
1300,1,0,0,0.35,0.000356,0.5656,0.045,72.61529585617222,0.04,0.0377,0.05,0.049,0.05,0.0215,0.0318,0.015,0.11,0.0401,0.0217,70.49592,0.13,0.3401,0.068,0.135,0.0,0.0,0.33,0.3,0.009,0.000784,0.003133,0.000818,0.001919,0.001329,0.003033,0.001329,0.628809,-0.00352,0.004502,-0.003429,0.002131,0.0001044,-0.0016324999999999998,0.0004499999999999993,1.439,1.55,6.27,6
1301,0,0,1,0.345,-0.007,0.5656,0.05,78.00001051059121,0.04,0.0286,0.042,0.0365,0.0235,0.0165,0.0318,0.015,0.0543,0.0463,0.0217,73.5,0.115,0.2963,0.068,0.13,0.0,0.0,0.33,0.3,0.015,0.005542,0.001528,0.002439,0.002501,0.00393,0.00062222,0.005518,0.574455,-0.004319,0.005133,-0.004199,0.002475,0.001099,-0.0019010000000000001,0.003342857142857143,2.427,3.666,3.11,6
1302,1,0,0,0.43,0.062,0.5656,0.045,73.59998112288406,0.04,0.0286,0.045,0.0365,0.02335,0.013,0.0318,0.015,0.0416,0.0169,0.054,72.0,0.1224,0.54,0.068,0.13,0.0,0.0,0.33,0.3,0.009,0.007753,0.002434,0.000513,0.001744,0.00062267,0.004194,0.00148,0.646153,0.02873,-0.05509,0.03397,-0.02674,0.00132,-0.0090145,0.003378571428571437,0.2273,0.6743,3.72,6
1303,1,0,0,0.445,0.073,0.5656,0.045,71.99999647998123,0.04,0.0254,0.0318,0.0365,0.0225,0.015,0.0286,0.015,0.0333,0.0234,0.0361,73.0,0.1512,0.5884,0.068,0.13,0.0,0.0,0.33,0.3,0.0101,0.002777,0.003348,0.000822,0.00051484,0.001822,0.002249,0.004382,0.650501,0.01464,-0.03204,0.01799,-0.01681,0.001289,-0.0059025,0.003664285714285717,0.3319,0.6496,5.42,6
1304,0,0,1,0.48,0.03,0.5656,0.075,75.50002376309689,0.04,0.0316,0.025,0.0365,0.02335,0.013,0.0318,0.015,0.0899,0.056,0.0294,76.5,0.1588,0.592,0.068,0.13,0.0,0.0,0.33,0.3,0.009,0.005434,0.001604,0.000585,0.006514,0.00052167,0.007607,0.0022,0.693611,-0.01661,0.03424,-0.01743,0.01802,0.002776,-0.017875,0.006642857142857144,1.266,1.187,2.57,6
1305,1,0,0,0.43,0.062,0.5656,0.045,71.99999647998123,0.04,0.0286,0.045,0.0365,0.02335,0.013,0.0318,0.015,0.041,0.0181,0.0256,72.0,0.1581,0.54,0.068,0.13,0.0,0.0,0.33,0.3,0.009,0.001106,0.004954,0.009539,0.001361,0.006627,0.00076783,0.008412,0.652475,0.007788,-0.01607,0.009267,-0.008718,0.0007411,-0.003175,0.0017285714285714287,0.4996,1.235,9.89,6
1306,0,0,1,0.295,0.0,0.5656,0.029,85.99999102088485,0.04,0.04,0.04,0.0425,0.0315,0.021,0.0318,0.015,0.0327,0.0269,0.033,72.5,0.1101,0.2269,0.068,0.135,0.0,0.0,0.33,0.3,0.0112,0.001044,0.007091,0.002194,0.00071341,0.002051,0.00098136,0.0005096,0.601819,-0.004601,0.005889,-0.004458,0.003052,0.0004037,-0.0039115,0.002950000000000001,2.551,2.159,2.66,6
1307,0,0,1,0.295,0.0,0.5656,0.029,73.49999998763374,0.04,0.0354,0.04,0.03495,0.0315,0.021,0.0318,0.015,0.0327,0.0269,0.033,72.5,0.0917,0.2269,0.068,0.135,0.0,0.0,0.33,0.3,0.0112,0.005281,0.009978,0.003069,0.001501,0.007425,0.005258,0.006158,0.535367,-0.002568,0.002435,-0.002542,0.0009223,0.0002997,-0.0004315,0.0016671428571428568,3.29,4.167,4.66,6
1308,1,0,0,0.39,0.057,0.5656,0.08,74.49998322747555,0.04,0.0286,0.045,0.0365,0.02335,0.013,0.0318,0.015,0.0426,0.0266,0.0398,73.0,0.1457,0.5766,0.068,0.12,0.0,0.0,0.33,0.3,0.009,0.003183,0.002277,0.00158,0.009342,0.007491,0.001365,0.005526,0.636579,0.009779,-0.01837,0.01127,-0.009821,0.0005958,-0.0034175,0.0018642857142857137,0.4452,1.291,6.77,6
1309,0,0,1,0.42,0.02,0.5656,0.09,72.36021504577998,0.04,0.0377,0.05,0.095,0.0375,0.0165,0.045,0.015,0.095,0.07,0.06,72.36023,0.15,0.42,0.068,0.13,0.0,0.0,0.33,0.3,0.009,0.00118,0.001718,0.001718,0.00059659,0.00082067,0.001773,0.006935,0.622581,-0.0002386,0.001273,-0.0003897,0.0003135,0.0002032,-0.0001374,0.001504285714285714,1.75,1.351,7.23,6
1310,0,0,1,0.42,0.034051,0.5656,0.09,74.28111334973558,0.04,0.0377,0.05,0.095,0.0375,0.0165,0.045,0.015,0.095,0.07,0.06,74.28109,0.15,0.42,0.068,0.13,0.0,0.0,0.33,0.3,0.009,0.001037,0.003036,0.006787,0.004667,0.008305,0.002319,0.004415,0.662147,-0.0005506,0.001643,-0.0006517,0.0005197,0.0003285,-0.00051075,0.0014435714285714286,1.647,5.647,7.96,6
1311,0,0,1,0.405,0.07,0.5656,0.21,73.49999998763374,0.04,0.0302,0.045,0.0365,0.02335,0.013,0.035,0.015,0.0491,0.2043,0.0327,73.0,0.17,0.73,0.068,0.13,0.0,0.0,0.33,0.3,0.009,0.001715,0.005283,0.005283,0.00086758,0.005337,0.00057643,0.00050422,0.66147,0.0406,-0.08739,0.04929,-0.04886,0.002571,-0.01796,0.007000000000000011,0.5558,1.052,3.72,6
1312,1,0,0,0.42,0.0,0.5656,0.045,71.00001324013941,0.04,0.0286,0.044,0.0365,0.02335,0.013,0.0309,0.015,0.0468,0.051,0.0324,66.0,0.1097,0.42,0.068,0.135,0.0,0.0,0.33,0.3,0.009,0.000864,0.000834,0.000541,0.00078228,0.00078228,0.007844,0.005923,0.63726,-0.004056,0.007411,-0.004297,0.00363,0.001336,-0.0030465,0.004149999999999999,1.179,0.7535,4.1,6
1313,1,0,0,0.395,0.075,0.5656,0.145,72.99997971982306,0.04,0.0302,0.045,0.0365,0.02335,0.013,0.035,0.015,0.0539,0.0492,0.0333,74.0,0.1206,0.5281,0.068,0.12,0.0,0.0,0.33,0.3,0.009,0.00447,0.001867,0.000738,0.001837,0.001776,0.004148,0.00074705,0.699099,0.04439,-0.08683,0.05343,-0.04784,0.001583,-0.017419999999999998,0.004142857142857147,0.174,0.4758,3.21,6
1314,1,0,0,0.43,0.07,0.5656,0.045,72.99997971982306,0.04,0.027,0.036,0.0365,0.02335,0.013,0.0286,0.015,0.0315,0.0148,0.0244,72.0,0.175,0.5493,0.068,0.13,0.0,0.0,0.33,0.3,0.009,0.000638,0.002716,0.007948,0.004977,0.007431,0.003726,0.001211,0.661644,0.01648,-0.03648,0.01948,-0.02134,0.00113,-0.0079845,0.0035071428571428515,0.2871,0.8316,5.94,6
1315,0,0,1,0.3759,0.0,0.5656,0.045,74.0000202554444,0.04,0.0286,0.045,0.0365,0.0257,0.0165,0.0318,0.015,0.0491,0.0377,0.027,72.5,0.1,0.2977,0.068,0.135,0.0,0.0,0.33,0.3,0.009,0.002072,0.00136,0.009942,0.002276,0.00079381,0.002024,0.005223,0.627089,-0.004913,0.007326,-0.004942,0.00371,0.001235,-0.0033855,0.003578571428571426,2.058,2.971,3.56,6
1316,1,0,0,0.405,0.07,0.5656,0.045,74.0000202554444,0.04,0.0286,0.045,0.0365,0.02335,0.013,0.0318,0.015,0.0499,0.049,0.034,73.0,0.145,0.515,0.068,0.13,0.0,0.0,0.33,0.3,0.009,0.000923,0.001163,0.007995,0.001119,0.002638,0.001879,0.00060384,0.653639,0.01832,-0.03572,0.02208,-0.01914,0.002137,-0.0068695,0.005192857142857144,0.3017,0.8528,4.31,6
1317,1,0,0,0.406,0.07,0.5656,0.045,74.0000202554444,0.04,0.0286,0.045,0.0365,0.02335,0.013,0.0318,0.015,0.0426,0.032,0.0335,73.0,0.1038,0.547,0.068,0.13,0.0,0.0,0.33,0.3,0.009,0.003862,0.00171,0.002787,0.001743,0.001055,0.00992,0.005121,0.648782,0.01021,-0.0182,0.01228,-0.00886,0.0009443,-0.0030085,0.0022071428571428554,0.4557,1.385,5.66,6
1318,1,0,0,0.38,0.06,0.5656,0.12,74.0000202554444,0.04,0.0286,0.045,0.0365,0.02335,0.013,0.0318,0.015,0.0498,0.0459,0.0401,74.0,0.18,0.62,0.068,0.13,0.0,0.0,0.33,0.3,0.009,0.001439,0.008945,0.007246,0.00091985,0.006512,0.008605,0.003021,0.668339,0.01177,-0.02495,0.01407,-0.01468,0.0007548,-0.0056155,0.0021071428571428578,0.428,0.9499,8.37,6
1319,0,0,1,0.295,-0.0,0.5656,0.029,73.49999998763374,0.04,0.0375,0.04,0.0425,0.0315,0.021,0.0318,0.015,0.0327,0.0269,0.033,72.5,0.0917,0.2269,0.068,0.135,0.0,0.0,0.33,0.3,0.0112,0.002568,0.005989,0.000557,0.00079207,0.002925,0.006519,0.002183,0.535367,-0.004236,0.004258,-0.004163,0.001569,0.0003506,-0.00067575,0.0023435714285714284,2.493,3.267,2.75,6
1320,1,0,0,0.45,0.07,0.5656,0.045,74.49998322747555,0.04,0.0286,0.045,0.0365,0.02335,0.013,0.0318,0.015,0.0535,0.0547,0.0263,74.0,0.145,0.4047,0.068,0.13,0.0,0.0,0.33,0.3,0.009,0.005121,0.009676,0.001578,0.003042,0.002891,0.003346,0.001202,0.674856,0.0241,-0.04875,0.02839,-0.02628,0.001091,-0.0093755,0.0028928571428571363,0.2594,0.732,6.01,6
1322,1,0,0,0.42,0.027,0.5656,0.045,71.99999647998123,0.04,0.0286,0.046,0.0365,0.02335,0.013,0.0272,0.015,0.0476,0.0516,0.0314,67.0,0.1064,0.42,0.073,0.135,0.0,0.0,0.33,0.3,0.009,0.00073,0.007925,0.002057,0.0092,0.004848,0.003453,0.004115,0.650055,-0.003971,0.006984,-0.004205,0.00349,0.0005918,-0.003212,0.001914285714285714,0.8174,0.8057,6.74,6
1323,0,0,1,0.395,-0.035318,0.5656,0.025,66.36157611387831,0.04,0.055,0.05,0.075,0.0315,0.019,0.03,0.015,0.085,0.03,0.03,67.36157,0.105,0.38,0.068,0.13,0.0,0.0,0.33,0.3,0.009,0.000503,0.004887,0.000632,0.005502,0.003016,0.002828,0.002878,0.587686,-0.001958,0.002601,-0.001818,0.0008371,0.0002566,-0.00047475,0.000553571428571428,1.91,3.035,4.07,6
1324,1,0,0,0.43,0.06,0.5656,0.045,73.49999998763374,0.04,0.0286,0.045,0.0365,0.02335,0.013,0.0318,0.015,0.0493,0.0465,0.0388,73.5,0.1237,0.6,0.068,0.13,0.0,0.0,0.33,0.3,0.009,0.001343,0.003522,0.004732,0.003965,0.00064351,0.002238,0.001888,0.676207,0.01641,-0.0322,0.01915,-0.01653,0.0009788,-0.0057125000000000006,0.0026214285714285723,0.3773,1.086,5.43,6
1325,1,0,0,0.35,-0.009,0.5656,0.045,74.0000202554444,0.04,0.0286,0.045,0.0365,0.02335,0.015,0.03,0.015,0.0429,0.025,0.0254,73.0,0.105,0.275,0.068,0.13,0.0,0.0,0.33,0.3,0.009,0.004219,0.001455,0.000712,0.006777,0.00094889,0.003022,0.00477,0.584392,-0.002916,0.003866,-0.002872,0.001804,0.0005506,-0.0014725,0.0017071428571428574,1.308,1.374,4.38,6
1326,1,0,0,0.42,0.045942,0.5656,0.045,71.44279502421651,0.04,0.0302,0.042,0.0365,0.025,0.0165,0.03,0.015,0.076,0.0283,0.0214,71.44277,0.125,0.3633,0.068,0.135,0.0,0.0,0.33,0.3,0.009,0.000716,0.002062,0.001093,0.006462,0.008274,0.001839,0.008981,0.636471,-0.002961,0.005253,-0.003278,0.00252,0.0006218,-0.002123,0.0015999999999999986,1.281,1.619,6.85,6
1327,0,0,1,0.424,0.036,0.5656,0.045,72.99997971982306,0.04,0.0286,0.046,0.0365,0.02335,0.013,0.0272,0.015,0.0476,0.0516,0.032,70.5,0.1248,0.445,0.073,0.135,0.0,0.0,0.33,0.3,0.009,0.001811,0.00078,0.004207,0.004207,0.003329,0.008896,0.009769,0.657778,-0.004713,0.009821,-0.005378,0.005203,0.001903,-0.005317499999999999,0.0044642857142857114,1.457,1.581,4.12,6
1328,0,0,1,0.395,0.0,0.5656,0.025,71.99999647998123,0.04,0.055,0.05,0.075,0.0315,0.019,0.03,0.015,0.085,0.03,0.03,73.0,0.105,0.28,0.068,0.13,0.0,0.0,0.33,0.3,0.009,0.003794,0.00465,0.001265,0.006973,0.008928,0.00369,0.001341,0.614074,-0.002558,0.003648,-0.002554,0.001409,0.0003827,-0.00098655,0.0009921428571428575,2.935,3.758,4.25,6
1329,0,0,1,0.42,0.036,0.5656,0.045,72.99997971982306,0.04,0.0286,0.046,0.0365,0.02335,0.013,0.0272,0.015,0.0476,0.0516,0.032,70.5,0.1248,0.44,0.073,0.135,0.0,0.0,0.33,0.3,0.009,0.009683,0.002581,0.007844,0.00974,0.00072498,0.002657,0.00582,0.657778,-0.004997,0.009576,-0.005479,0.005111,0.001265,-0.005386999999999999,0.00404285714285714,1.063,1.016,4.36,6
1330,0,0,1,0.395,-0.038808,0.5656,0.025,66.36174800121685,0.04,0.055,0.05,0.075,0.0315,0.019,0.03,0.015,0.085,0.03,0.03,67.36172,0.105,0.28,0.068,0.13,0.0,0.0,0.33,0.3,0.009,0.002611,0.006581,0.009459,0.00058729,0.002689,0.001515,0.00074215,0.585717,-0.00125,0.001712,-0.001205,0.0004326,0.0004723,-0.0001955,0.00136,2.991,2.017,5.56,6
1331,0,0,1,0.42,0.036,0.5656,0.045,72.99997971982306,0.04,0.0286,0.046,0.0365,0.02335,0.013,0.0272,0.015,0.0476,0.0516,0.032,70.5,0.1248,0.44,0.073,0.135,0.0,0.0,0.33,0.3,0.009,0.000883,0.001658,0.001014,0.002359,0.001596,0.009508,0.005327,0.657778,-0.007173,0.01414,-0.007822,0.007612,0.001798,-0.0078645,0.0049499999999999935,2.12,1.743,2.65,6
1332,1,0,0,0.416,0.019234,0.5656,0.045,68.25245142936906,0.04,0.0302,0.042,0.0365,0.025,0.0165,0.03,0.015,0.076,0.0297,0.02,67.75222,0.125,0.3297,0.068,0.135,0.0,0.0,0.33,0.3,0.009,0.005719,0.005028,0.001542,0.00328,0.001018,0.001396,0.001144,0.623691,-0.00723,0.01075,-0.007358,0.005236,0.0008151,-0.004291,0.002228571428571433,0.6739,0.9006,4.99,6
1334,1,0,0,0.416,0.019234,0.5656,0.045,68.25245142936906,0.04,0.0302,0.042,0.0365,0.025,0.0165,0.03,0.015,0.076,0.0297,0.02,67.75222,0.125,0.3297,0.068,0.135,0.0,0.0,0.33,0.3,0.009,0.000817,0.001675,0.00146,0.003156,0.005575,0.001329,0.001232,0.623691,-0.007208,0.01098,-0.007394,0.005289,0.00117,-0.004309,0.0031285714285714285,0.7689,1.014,3.41,6
1335,1,0,0,0.415,0.07,0.5656,0.045,72.99997971982306,0.04,0.027,0.036,0.0365,0.02335,0.013,0.0286,0.015,0.0302,0.0126,0.0269,72.0,0.1796,0.605,0.068,0.13,0.0,0.0,0.33,0.3,0.009,0.008012,0.002454,0.002454,0.00055594,0.006313,0.005204,0.002916,0.658055,0.01478,-0.03351,0.01804,-0.01959,0.001282,-0.0073805,0.00353571428571429,0.3236,0.7184,5.86,6
1337,1,0,0,0.385,0.045,0.5656,0.045,76.50000700293872,0.04,0.0286,0.045,0.0365,0.02485,0.014,0.0318,0.015,0.0469,0.0221,0.041,80.0,0.0878,0.52,0.068,0.12,0.0,0.0,0.33,0.3,0.009,0.001319,0.003859,0.000902,0.003045,0.00057961,0.00053402,0.00085279,0.630675,-0.01031,0.0162,-0.01104,0.00802,0.0008921,-0.0065285,0.002507142857142855,0.594,0.6711,3.38,6
1338,1,0,0,0.406,0.07,0.5656,0.045,71.00001324013941,0.04,0.0286,0.045,0.0365,0.02335,0.013,0.0318,0.015,0.0422,0.0313,0.0336,73.0,0.1298,0.5813,0.068,0.13,0.0,0.0,0.33,0.3,0.009,0.00813,0.003165,0.003685,0.005893,0.001359,0.001069,0.001717,0.6511,0.01528,-0.02898,0.01808,-0.01532,0.0008895,-0.0053495,0.002592857142857146,0.3686,1.046,5.48,6
1339,1,0,0,0.44,0.045,0.5656,0.045,71.00001324013941,0.04,0.0286,0.045,0.0365,0.02335,0.013,0.0318,0.015,0.0406,0.0313,0.0336,73.0,0.156,0.5813,0.068,0.13,0.0,0.0,0.33,0.3,0.009,0.005367,0.005782,0.005583,0.009804,0.004837,0.001038,0.005129,0.633446,-0.002446,0.00515,-0.002711,0.002769,0.0005603,-0.003,0.0017142857142857125,1.282,1.44,9.14,6
1340,1,0,0,0.406,0.07,0.5656,0.045,74.0000202554444,0.04,0.0286,0.045,0.0365,0.02335,0.013,0.0318,0.015,0.0425,0.032,0.0335,73.0,0.1057,0.547,0.068,0.13,0.0,0.0,0.33,0.3,0.009,0.003884,0.006015,0.004173,0.005919,0.00072977,0.001552,0.002408,0.647704,0.01231,-0.0218,0.01454,-0.01083,0.0007209,-0.0036414999999999998,0.002035714285714286,0.435,1.279,6.31,6
1341,1,0,0,0.49483,0.09,0.5656,0.14,65.99998244937126,0.04,0.0286,0.045,0.0365,0.02335,0.013,0.0318,0.015,0.0291,0.03,0.0362,50.0,0.1658,0.43,0.068,0.13,0.0,0.0,0.33,0.3,0.009,0.001868,0.005829,0.000964,0.002051,0.008935,0.005216,0.005277,0.762216,0.01625,-0.04377,0.0205,-0.02493,0.001044,-0.0094585,0.0023499999999999958,0.2783,0.608,8.1,6
1342,0,0,1,0.405,0.07,0.5656,0.1,78.00001051059121,0.04,0.04,0.03,0.0365,0.045,0.01,0.0318,0.005,0.0336,0.016,0.0387,73.0,0.1,0.516,0.068,0.13,0.0,0.0,0.33,0.3,0.009,0.000855,0.000563,0.004265,0.00067238,0.006634,0.001359,0.001008,0.644844,0.01578,-0.028,0.01876,-0.01376,0.001865,-0.004605,0.010485714285714286,1.011,1.15,2.9,6
1343,1,0,0,0.44,0.075,0.5656,0.03,68.00000622483442,0.0508,0.0286,0.0381,0.03805,0.02335,0.0145,0.0286,0.015,0.045,0.03,0.03,70.0,0.105,0.37,0.068,0.135,0.0,0.0,0.33,0.3,0.009,0.00111,0.003803,0.003769,0.00111,0.005898,0.005125,0.00095028,0.695306,0.02478,-0.04922,0.03033,-0.02519,0.00152,-0.0088755,0.0038357142857142804,0.2638,0.7672,4.75,6
1348,1,0,0,0.3423,-0.005,0.5656,0.045,70.49999297232874,0.04,0.0286,0.045,0.0365,0.02485,0.019,0.0318,0.015,0.046,0.0447,0.0218,69.5,0.0935,0.2603,0.068,0.13,0.0,0.0,0.33,0.3,0.009,0.001258,0.004044,0.001819,0.008136,0.007607,0.007696,0.008452,0.546584,-0.00194,0.002018,-0.001928,0.0006743,0.0003271,-0.00027975,0.0009164285714285714,1.362,2.641,6.49,6
1349,0,0,1,0.38,0.045,0.5656,0.15,78.00001051059121,0.04,0.0381,0.045,0.0365,0.03035,0.0175,0.0318,0.015,0.0608,0.06,0.0508,78.5,0.0961,0.58,0.068,0.13,0.0,0.0,0.33,0.3,0.009,0.003921,0.000603,0.005702,0.003921,0.005702,0.002696,0.00087683,0.639706,-0.004922,0.008054,-0.005408,0.003857,0.002473,-0.003791,0.0061714285714285725,2.895,3.342,3.24,6
1350,0,0,1,0.406,0.07,0.5656,0.05,73.49999998763374,0.075,0.0327,0.05,0.05,0.02335,0.013,0.0318,0.015,0.046,0.042,0.028,72.5,0.1424,0.5024,0.068,0.13,0.0,0.0,0.33,0.3,0.009,0.005292,0.004559,0.003534,0.00067484,0.00067287,0.001126,0.002094,0.647762,0.01516,-0.02681,0.01805,-0.01244,0.001744,-0.0037359999999999997,0.013385714285714286,0.3002,0.665,3.39,6
1351,1,0,0,0.39281,0.05,0.5656,0.05,75.00000349528622,0.04,0.0286,0.045,0.0365,0.02625,0.014,0.0318,0.01,0.0404,0.035,0.0338,74.0,0.1764,0.63,0.068,0.13,0.0,0.0,0.33,0.3,0.009,0.000556,0.002159,0.00126,0.00577,0.001045,0.00070202,0.002316,0.661298,-0.00391,0.008835,-0.004316,0.005301,0.0006522,-0.0074205,0.002392857142857144,1.313,0.8699,4.14,6
1352,0,0,1,0.4,0.045,0.5656,0.045,74.0000202554444,0.04,0.0257,0.032,0.0365,0.02335,0.013,0.029,0.015,0.0488,0.0372,0.0385,73.0,0.1492,0.5672,0.068,0.13,0.0,0.0,0.33,0.3,0.009,0.003918,0.000672,0.001128,0.002328,0.001613,0.004596,0.007827,0.628966,-0.005474,0.01124,-0.006206,0.006141,0.002025,-0.00645,0.004528571428571422,2.786,2.353,3.25,6
1353,1,0,0,0.435,0.02,0.5656,0.065,71.99999647998123,0.04,0.0317,0.05,0.0415,0.028,0.0205,0.031,0.015,0.06,0.07,0.02,72.0,0.13,0.415,0.068,0.13,0.0,0.0,0.33,0.3,0.009,0.004287,0.003693,0.006968,0.004708,0.00057119,0.004919,0.006002,0.60935,-0.001576,0.002566,-0.001628,0.001244,0.0003603,-0.0010059,0.0010014285714285709,0.8092,1.424,9.28,6
1354,1,0,0,0.37692,0.042,0.5656,0.1,74.0000202554444,0.04,0.0286,0.045,0.0365,0.02335,0.013,0.0318,0.015,0.0501,0.0159,0.0398,75.5,0.1176,0.5459,0.068,0.13,0.0,0.0,0.33,0.3,0.009,0.001166,0.00092,0.001288,0.005761,0.00119,0.001022,0.001772,0.607375,-0.005305,0.008993,-0.005819,0.004384,0.001171,-0.0037644999999999996,0.0031357142857142833,0.8413,1.008,2.97,6
1357,1,0,0,0.43,0.034,0.5656,0.045,74.0000202554444,0.04,0.0317,0.05,0.0415,0.028,0.0205,0.031,0.015,0.055,0.05,0.02,74.0,0.13,0.325,0.068,0.13,0.0,0.0,0.33,0.3,0.009,0.002151,0.001922,0.001414,0.0005535,0.00067632,0.00053207,0.002366,0.668163,-0.003502,0.006643,-0.003745,0.003729,0.0008347,-0.004253,0.0026714285714285724,0.4973,1.005,4.53,6
1358,1,0,0,0.43,0.01998,0.5656,0.045,72.12816713875199,0.04,0.0317,0.05,0.0415,0.028,0.0205,0.031,0.015,0.055,0.05,0.02,72.12818,0.13,0.438,0.068,0.13,0.0,0.0,0.33,0.3,0.009,0.001102,0.003011,0.001297,0.00153,0.004023,0.004995,0.00062587,0.660867,-0.00801,0.01419,-0.008158,0.007801,0.0008986,-0.0083105,0.0024499999999999965,0.8329,0.6745,4.25,6
1359,1,0,0,0.475,-0.01,0.5656,0.045,68.00000622483442,0.04,0.0397,0.05,0.0415,0.04,0.0265,0.04,0.015,0.055,0.1,0.02,69.0,0.1,0.475,0.068,0.13,0.0,0.0,0.33,0.3,0.009,0.000862,0.003195,0.001376,0.006153,0.007776,0.002588,0.00053324,0.617346,-0.006992,0.01064,-0.006759,0.004418,0.0004459,-0.0028834999999999998,0.0009357142857142828,0.8845,1.325,6.7,6
1360,1,0,0,0.4,0.032592,0.5656,0.048,69.50316100036014,0.04,0.0307,0.048,0.0365,0.023,0.0165,0.0318,0.015,0.0474,0.0447,0.0219,69.00314,0.115,0.3697,0.068,0.135,0.0,0.0,0.33,0.3,0.009,0.000823,0.002355,0.009819,0.001823,0.003794,0.002077,0.00087875,0.619036,-0.003656,0.005974,-0.003946,0.003017,0.001231,-0.002847,0.003314285714285714,1.199,1.459,5.07,6
1361,1,0,0,0.4,0.030848,0.5656,0.048,69.25254926076991,0.04,0.0307,0.048,0.0365,0.023,0.0165,0.0318,0.015,0.0474,0.043,0.0242,68.75255,0.115,0.418,0.068,0.135,0.0,0.0,0.33,0.3,0.009,0.002738,0.001256,0.001763,0.001807,0.005732,0.007201,0.001014,0.643438,-0.00677,0.0114,-0.007132,0.006172,0.00158,-0.0063025,0.004007142857142862,0.8555,0.8881,3.76,6
1362,0,0,1,0.425,0.07,0.5656,0.045,72.50001674779189,0.04,0.03,0.045,0.042,0.02335,0.013,0.0318,0.015,0.0565,0.0567,0.0352,71.5,0.14,0.4167,0.1,0.17,0.0,0.0,0.33,0.3,0.009,0.002543,0.002927,0.00093,0.001593,0.001708,0.001384,0.00577,0.658046,0.01477,-0.02952,0.01817,-0.01491,0.001365,-0.0052315,0.004578571428571428,1.013,2.32,3.5,6
1363,1,0,0,0.405,0.07,0.5656,0.08,74.0000202554444,0.04,0.0254,0.0316,0.0365,0.02335,0.013,0.0286,0.015,0.0412,0.0291,0.0331,73.0,0.1278,0.5691,0.068,0.13,0.0,0.0,0.33,0.3,0.009,0.002404,0.000559,0.001439,0.00074596,0.00992,0.00070873,0.007318,0.645575,0.0109,-0.02101,0.01334,-0.01065,0.00151,-0.0036544999999999998,0.004192857142857145,0.4317,0.7054,5.82,6
1364,1,0,0,0.43,0.01,0.5656,0.045,74.0000202554444,0.04,0.0327,0.045,0.043,0.02335,0.013,0.0318,0.015,0.0442,0.0431,0.0272,71.5,0.145,0.3231,0.068,0.11,0.0,0.0,0.33,0.3,0.009,0.003576,0.001563,0.001549,0.001059,0.00078802,0.002106,0.003062,0.677861,-0.002487,0.004996,-0.002575,0.002917,0.001001,-0.0039629999999999995,0.002171428571428568,1.193,0.9428,4.64,6
1365,1,0,0,0.43,0.01,0.5656,0.045,74.0000202554444,0.04,0.0327,0.045,0.043,0.02335,0.013,0.0318,0.015,0.0442,0.0431,0.0272,71.5,0.145,0.3231,0.068,0.11,0.0,0.0,0.33,0.3,0.009,0.003071,0.001509,0.00124,0.001452,0.00096147,0.002395,0.00052319,0.677861,-0.006838,0.01272,-0.006868,0.007533,0.001686,-0.010329999999999999,0.004571428571428571,0.7954,0.4143,2.89,6
1367,1,0,0,0.43,0.06,0.5656,0.045,73.49999998763374,0.04,0.027,0.038,0.0365,0.02335,0.013,0.0286,0.015,0.0417,0.0304,0.0368,72.0,0.16,0.6,0.068,0.13,0.0,0.0,0.33,0.3,0.009,0.00444,0.001106,0.005324,0.004876,0.005216,0.002094,0.003383,0.649628,0.01194,-0.02474,0.01403,-0.01325,0.001104,-0.004699,0.002857142857142852,0.4442,1.231,6.4,6
1370,0,0,1,0.4,0.045,0.5656,0.045,74.0000202554444,0.04,0.0257,0.032,0.0365,0.02335,0.013,0.029,0.015,0.0488,0.0372,0.0385,73.0,0.1492,0.5672,0.068,0.13,0.0,0.0,0.33,0.3,0.009,0.005144,0.000579,0.003151,0.009452,0.003584,0.009193,0.001508,0.628966,-0.01068,0.02048,-0.01186,0.01117,0.003226,-0.012135,0.008357142857142863,1.779,1.531,2.5,6
1371,0,0,1,0.4,0.045,0.5656,0.045,74.0000202554444,0.04,0.0257,0.032,0.0365,0.02335,0.013,0.029,0.015,0.0488,0.0372,0.0385,73.0,0.1492,0.5672,0.068,0.13,0.0,0.0,0.33,0.3,0.009,0.005593,0.00587,0.008338,0.00054967,0.00065706,0.003536,0.004604,0.628966,-0.005515,0.01134,-0.00632,0.006273,0.001649,-0.0064825,0.006192857142857147,2.615,1.493,4.34,6
1372,0,0,1,0.4,0.045,0.5656,0.045,74.0000202554444,0.04,0.0257,0.032,0.0365,0.02335,0.013,0.029,0.015,0.0488,0.0372,0.0385,73.0,0.1492,0.5672,0.068,0.13,0.0,0.0,0.33,0.3,0.009,0.002129,0.000525,0.003003,0.001389,0.002425,0.002556,0.00058858,0.628966,-0.01719,0.03279,-0.01877,0.01824,0.005801,-0.019625,0.013928571428571429,1.346,1.199,1.66,6
1373,0,0,1,0.4,0.045,0.5656,0.045,74.0000202554444,0.04,0.0257,0.032,0.0365,0.02335,0.013,0.029,0.015,0.0488,0.0372,0.0385,73.0,0.1492,0.5672,0.068,0.13,0.0,0.0,0.33,0.3,0.009,0.005599,0.005003,0.002291,0.006481,0.00146,0.002291,0.00057244,0.628966,-0.0181,0.03334,-0.01954,0.01836,0.002085,-0.020185,0.006214285714285709,1.159,1.026,2.74,6
1374,1,0,0,0.43,0.01,0.5656,0.045,74.0000202554444,0.04,0.0327,0.045,0.043,0.02335,0.013,0.0318,0.015,0.0442,0.0431,0.0272,71.5,0.145,0.3231,0.068,0.11,0.0,0.0,0.33,0.3,0.009,0.000513,0.000707,0.004636,0.0005903,0.002324,0.00098352,0.002738,0.677861,-0.001906,0.004635,-0.002192,0.002496,0.001429,-0.0032805,0.004064285714285715,0.6355,0.767,4.85,6
1375,0,0,1,0.38418,0.0,0.5656,0.045,74.0000202554444,0.04,0.0286,0.045,0.0365,0.0247,0.0165,0.0318,0.015,0.052,0.0358,0.0257,72.5,0.1,0.2858,0.068,0.13,0.0,0.0,0.33,0.3,0.009,0.009812,0.00642,0.000718,0.009869,0.003927,0.004905,0.002088,0.603527,-0.01118,0.01509,-0.01109,0.006863,0.001026,-0.005263,0.003271428571428572,1.57,1.892,3.29,6
1376,1,0,0,0.355,0.0,0.5656,0.045,71.00001324013941,0.04,0.0277,0.045,0.035,0.02335,0.013,0.0318,0.015,0.0389,0.0351,0.0233,75.0,0.12,0.2751,0.068,0.11,0.0,0.0,0.33,0.3,0.009,0.001482,0.007607,0.001618,0.005466,0.002653,0.00133,0.001935,0.560089,-0.003745,0.00468,-0.003695,0.002244,0.0005232,-0.001911,0.0018142857142857134,0.7034,1.249,4.5,6
1378,1,0,0,0.40504,0.07,0.5656,0.045,74.0000202554444,0.04,0.0286,0.045,0.0365,0.02335,0.013,0.0318,0.015,0.0563,0.051,0.0299,75.5,0.145,0.517,0.068,0.13,0.0,0.0,0.33,0.3,0.009,0.002973,0.006598,0.006754,0.001136,0.001236,0.002064,0.002565,0.671385,0.01277,-0.02534,0.01541,-0.01381,0.0008705,-0.0050035,0.002264285714285711,0.3831,1.079,7.01,6
1379,1,0,0,0.38996,0.042,0.5656,0.045,75.99998673512805,0.04,0.0286,0.045,0.0365,0.02335,0.013,0.0318,0.015,0.0514,0.0161,0.0401,76.0,0.125,0.5561,0.068,0.13,0.0,0.0,0.33,0.3,0.009,0.000749,0.001014,0.000945,0.003511,0.00053129,0.001078,0.001164,0.599805,-0.007273,0.01196,-0.007835,0.005933,0.001441,-0.0049125,0.0037928571428571443,0.7527,0.8163,2.36,6
1380,0,0,1,0.39355,0.0,0.5656,0.045,74.0000202554444,0.04,0.0286,0.045,0.0365,0.029,0.0185,0.0318,0.015,0.0507,0.0339,0.0276,72.5,0.09,0.3139,0.068,0.13,0.0,0.0,0.33,0.3,0.009,0.00847,0.001371,0.000829,0.00084968,0.002059,0.009261,0.00079788,0.617006,-0.02329,0.03188,-0.02275,0.01513,0.002039,-0.012879999999999999,0.005999999999999991,1.106,1.291,2.19,6
1381,0,0,1,0.48,0.03,0.5656,0.075,75.50002376309689,0.04,0.0316,0.025,0.0365,0.02335,0.013,0.0318,0.015,0.0899,0.056,0.0294,76.5,0.1588,0.592,0.068,0.13,0.0,0.0,0.33,0.3,0.009,0.000857,0.001707,0.000997,0.001575,0.006387,0.001673,0.002228,0.693611,-0.01569,0.03285,-0.01648,0.01742,0.003349,-0.017215,0.006928571428571443,1.439,1.347,2.28,6
1383,0,0,1,0.38308,0.0,0.5656,0.045,73.49999998763374,0.04,0.0286,0.045,0.0365,0.03235,0.019,0.0318,0.015,0.051,0.035,0.0264,73.0,0.11,0.305,0.068,0.13,0.0,0.0,0.33,0.3,0.009,0.005099,0.002154,0.00119,0.00062404,0.008646,0.004411,0.001933,0.6131,-0.01136,0.01596,-0.01112,0.00821,0.001041,-0.0083245,0.0033500000000000044,1.422,1.562,3.06,6
1384,0,0,1,0.425,0.068,0.5656,0.045,73.49999998763374,0.04,0.0286,0.045,0.0365,0.02335,0.013,0.0318,0.015,0.0493,0.0481,0.0359,72.0,0.17,0.58,0.068,0.13,0.0,0.0,0.33,0.3,0.009,0.002465,0.007957,0.000861,0.001369,0.009694,0.00055655,0.006541,0.669846,0.02311,-0.05087,0.02798,-0.0281,0.001474,-0.010285,0.0036428571428571426,0.6919,1.623,4.86,6
1385,1,0,0,0.40504,0.07,0.5656,0.045,74.0000202554444,0.04,0.0286,0.045,0.0365,0.02335,0.013,0.0318,0.015,0.0533,0.0494,0.0275,79.5,0.1448,0.5154,0.068,0.12,0.0,0.0,0.33,0.3,0.009,0.002378,0.001616,0.000911,0.005058,0.00079613,0.001664,0.001429,0.691817,0.02684,-0.05488,0.03175,-0.03129,0.001244,-0.011470000000000001,0.0037142857142857238,0.2277,0.6165,3.42,6
1386,1,0,0,0.27416,0.015,0.5656,0.2,72.99997971982306,0.04,0.0286,0.045,0.0365,0.02335,0.01275,0.0318,0.015,0.0404,0.07,0.0302,73.0,0.25,0.55,0.068,0.13,0.0,0.0,0.33,0.3,0.009,0.002545,0.000677,0.009315,0.002014,0.005885,0.00053755,0.00060782,0.5593,-0.001499,0.003294,-0.00166,0.002097,0.0009193,-0.0049515,0.004064285714285715,0.9515,0.9921,5.33,6
1388,1,0,0,0.36,0.06,0.5656,0.2,71.99999647998123,0.0381,0.027,0.0317,0.034,0.02235,0.01175,0.0286,0.015,0.0406,0.0402,0.0301,74.0,0.124,0.6002,0.068,0.135,0.0,0.0,0.33,0.3,0.0106,0.001341,0.001532,0.001171,0.002989,0.00948,0.00075254,0.008633,0.624718,0.01126,-0.02038,0.01351,-0.009901,0.0007883,-0.0034695000000000004,0.0022642857142857143,0.4606,1.287,5.78,6
1389,0,0,1,0.425,0.068,0.5656,0.045,73.49999998763374,0.04,0.0286,0.045,0.0365,0.02335,0.013,0.0318,0.015,0.0483,0.0472,0.0377,72.0,0.17,0.595,0.068,0.13,0.0,0.0,0.33,0.3,0.009,0.000513,0.002805,0.001912,0.0006788,0.00097279,0.001706,0.001288,0.654983,0.04406,-0.09557,0.05364,-0.05188,0.0029,-0.01879,0.007142857142857149,0.489,1.163,2.02,6
1390,1,0,0,0.27683,0.0,0.5656,0.25,75.00000349528622,0.04,0.0286,0.045,0.0365,0.02335,0.013,0.0318,0.015,0.0438,0.085,0.0492,76.0,0.24,0.61,0.068,0.12,0.0,0.0,0.33,0.3,0.009,0.000801,0.003797,0.000966,0.00066796,0.002364,0.001054,0.001257,0.588009,-0.003325,0.00712,-0.003343,0.004577,0.0004826,-0.009352,0.0029000000000000007,1.021,0.4931,3.39,6
1391,1,0,0,0.405,0.07,0.5656,0.045,74.0000202554444,0.04,0.0286,0.045,0.0365,0.02335,0.013,0.0318,0.015,0.0499,0.049,0.034,73.0,0.145,0.515,0.068,0.13,0.0,0.0,0.33,0.3,0.009,0.009007,0.001648,0.001133,0.007127,0.00065204,0.001191,0.001784,0.653639,0.0192,-0.03714,0.02268,-0.02011,0.001082,-0.0070880000000000006,0.003157142857142861,0.2906,0.8124,3.93,6
1392,1,0,0,0.408,0.025,0.5656,0.06,74.49998322747555,0.04,0.0359,0.045,0.03745,0.02335,0.0175,0.0318,0.015,0.0471,0.0553,0.0317,69.5,0.1239,0.3053,0.068,0.135,0.0,0.0,0.33,0.3,0.009,0.001849,0.000864,0.004827,0.009913,0.001882,0.00059073,0.001694,0.640002,-0.002375,0.004222,-0.002583,0.002172,0.001105,-0.0023745,0.0030642857142857147,1.5,1.522,4.87,6
1393,1,0,0,0.44,0.049954,0.5656,0.06,70.52377072082666,0.04,0.0369,0.045,0.0369,0.025,0.016,0.0318,0.015,0.0493,0.0399,0.038,69.52376,0.16,0.5199,0.072,0.135,0.0,0.0,0.33,0.3,0.012,0.001303,0.00051,0.001266,0.003985,0.00124,0.007787,0.00052781,0.653076,-0.006672,0.01399,-0.007382,0.007788,0.002697,-0.0090345,0.0062499999999999925,0.9,0.7629,2.74,6
1394,1,0,0,0.405,0.07,0.5656,0.045,74.0000202554444,0.045,0.0327,0.045,0.0365,0.02335,0.013,0.0318,0.015,0.0511,0.053,0.0384,73.0,0.145,0.519,0.068,0.13,0.0,0.0,0.33,0.3,0.009,0.003425,0.002008,0.001276,0.004781,0.00053363,0.005707,0.00050923,0.654297,0.02865,-0.05538,0.03402,-0.02967,0.001567,-0.010509999999999999,0.0039999999999999975,0.2232,0.6392,3.38,6
1395,0,0,1,0.45,0.067,0.5656,0.045,72.99997971982306,0.04,0.0286,0.045,0.0365,0.02335,0.013,0.0318,0.015,0.0481,0.0493,0.0343,70.0,0.1141,0.482,0.068,0.135,0.0,0.0,0.33,0.3,0.009,0.007464,0.006486,0.00206,0.007464,0.00070202,0.001749,0.009655,0.674495,0.01883,-0.03704,0.02216,-0.01843,0.001186,-0.006154,0.0031285714285714285,0.9123,2.677,5.12,6
1396,1,0,0,0.41,0.005,0.5656,0.045,74.0000202554444,0.04,0.0327,0.045,0.043,0.02335,0.013,0.0318,0.015,0.0459,0.04,0.03,74.0,0.1302,0.4,0.068,0.11,0.0,0.0,0.33,0.3,0.009,0.000916,0.008564,0.006698,0.001206,0.001356,0.00074651,0.008715,0.662002,-0.001323,0.002654,-0.001393,0.001433,0.0005075,-0.001653,0.001128571428571428,1.687,1.823,10.26,6
1397,1,0,0,0.425,0.07,0.5656,0.045,72.99997971982306,0.04,0.027,0.036,0.0365,0.02335,0.013,0.0286,0.015,0.0301,0.0148,0.0244,72.0,0.1795,0.5478,0.068,0.13,0.0,0.0,0.33,0.3,0.009,0.00198,0.002259,0.006495,0.005546,0.003153,0.00118,0.005095,0.658144,0.008945,-0.02004,0.01068,-0.01175,0.000725,-0.0044035,0.002207142857142859,0.3717,1.161,7.19,6
1398,1,0,0,0.345,-0.007,0.5656,0.05,78.00001051059121,0.04,0.0286,0.042,0.0365,0.0235,0.0165,0.0318,0.015,0.0543,0.0463,0.0217,73.5,0.115,0.2963,0.068,0.13,0.0,0.0,0.33,0.3,0.015,0.000764,0.001102,0.002244,0.00393,0.001179,0.00096077,0.001389,0.574455,-0.004114,0.004885,-0.004001,0.002288,0.0009275,-0.0017895,0.0027785714285714284,1.196,1.445,2.6,6
1399,1,0,0,0.425,0.07,0.5656,0.035,74.0000202554444,0.04,0.0254,0.0318,0.03175,0.02335,0.013,0.0286,0.015,0.038,0.025,0.0331,72.0,0.115,0.549,0.068,0.13,0.0,0.0,0.33,0.3,0.009,0.002614,0.004591,0.005536,0.00713,0.002904,0.00246,0.006026,0.639681,0.01296,-0.02391,0.0153,-0.01183,0.0007694,-0.0039380000000000005,0.0021857142857142843,0.4043,1.187,7.25,6
1400,0,0,1,0.4441,0.02,0.5656,0.035,75.99998673512805,0.04,0.0426,0.045,0.053,0.03635,0.0165,0.038,0.015,0.0412,0.07,0.015,66.0,0.1,0.405,0.068,0.135,0.0,0.0,0.33,0.3,0.009,0.000859,0.001325,0.003498,0.00242,0.003864,0.001301,0.001703,0.564052,-0.002391,0.003696,-0.002521,0.001272,0.0007965,-0.0006422,0.0019185714285714277,4.266,9.128,2.92,6
1401,0,0,1,0.44,0.0,0.5656,0.035,78.00001051059121,0.04,0.0426,0.045,0.053,0.03635,0.0165,0.038,0.015,0.0412,0.07,0.015,66.0,0.1,0.35,0.068,0.135,0.0,0.0,0.33,0.3,0.009,0.006861,0.00393,0.006654,0.001456,0.00068528,0.005665,0.003029,0.549142,-0.001439,0.001992,-0.001447,0.000617,0.0004119,-0.00029505000000000004,0.000605,3.454,9.307,5.1,6
1402,0,0,1,0.4601,0.02,0.5656,0.035,74.49998322747555,0.04,0.0426,0.045,0.053,0.03635,0.0165,0.038,0.015,0.0412,0.09,0.015,65.0,0.1,0.45,0.068,0.135,0.0,0.0,0.33,0.3,0.009,0.004718,0.005715,0.001023,0.004476,0.00099655,0.001842,0.00098496,0.558143,-0.005111,0.007291,-0.005242,0.00247,0.0005828,-0.001119,0.0013714285714285705,2.381,5.074,4.34,6
1403,0,0,1,0.405,0.02,0.5656,0.045,74.0000202554444,0.04,0.0286,0.045,0.041,0.02735,0.0215,0.0358,0.015,0.0461,0.0553,0.0122,71.0,0.0862,0.3553,0.068,0.135,0.0,0.0,0.33,0.3,0.009,0.001433,0.000744,0.002289,0.00081737,0.00058901,0.001082,0.004408,0.614191,-0.005004,0.00761,-0.005262,0.003483,0.00161,-0.002969,0.005,2.128,2.309,2.59,6
1404,0,0,1,0.405,0.02,0.5656,0.045,74.0000202554444,0.04,0.0286,0.045,0.041,0.02735,0.0215,0.0358,0.015,0.0461,0.0531,0.0143,71.0,0.0856,0.4031,0.068,0.135,0.0,0.0,0.33,0.3,0.009,0.001187,0.002503,0.002021,0.001716,0.001362,0.003353,0.00084287,0.614122,-0.01288,0.01825,-0.01312,0.008496,0.001632,-0.006162000000000001,0.0041571428571428575,1.639,2.154,2.04,6
1405,0,0,1,0.405,0.02,0.5656,0.045,74.0000202554444,0.04,0.0286,0.045,0.041,0.02735,0.0215,0.0358,0.015,0.0566,0.0516,0.0159,71.0,0.1004,0.4516,0.068,0.135,0.0,0.0,0.33,0.3,0.009,0.006401,0.000981,0.000545,0.009254,0.001642,0.001315,0.009613,0.620945,-0.00422,0.006521,-0.004392,0.002992,0.0009511,-0.0027,0.0021714285714285715,3.014,3.65,4.82,6
1406,1,0,0,0.405,0.07,0.5656,0.035,74.0000202554444,0.045,0.0327,0.045,0.0365,0.02335,0.013,0.0318,0.015,0.0511,0.053,0.0384,73.0,0.145,0.519,0.068,0.13,0.0,0.0,0.33,0.3,0.009,0.000995,0.000507,0.001505,0.002644,0.005833,0.001821,0.004253,0.654297,0.01123,-0.02244,0.01379,-0.0117,0.001423,-0.0041425,0.0028928571428571423,0.4421,1.235,4.79,6
1408,1,0,0,0.41,0.03,0.5656,0.06,72.99997971982306,0.04,0.0327,0.052,0.055,0.025,0.019,0.0318,0.015,0.0756,0.0497,0.0257,72.5,0.135,0.4747,0.068,0.13,0.0,0.0,0.33,0.3,0.009,0.000644,0.006947,0.000999,0.00085279,0.004586,0.007674,0.001657,0.638185,-0.002479,0.004488,-0.00268,0.00228,0.0005426,-0.0020495,0.001207142857142856,1.774,1.809,5.7,6
1409,1,0,0,0.4072,0.07,0.5656,0.045,74.0000202554444,0.04,0.0286,0.045,0.0365,0.02335,0.013,0.0318,0.015,0.0444,0.0468,0.0377,74.5,0.2275,0.58,0.068,0.12,0.0,0.0,0.33,0.3,0.009,0.002408,0.003676,0.002047,0.00050055,0.002219,0.001523,0.002391,0.618887,0.01235,-0.02929,0.01537,-0.01729,0.001065,-0.006510999999999999,0.003671428571428569,0.3066,0.7775,5.12,6
1410,1,0,0,0.405,0.03,0.5656,0.045,72.99997971982306,0.04,0.03765,0.045,0.0425,0.02335,0.013,0.0349,0.015,0.0525,0.0287,0.0417,72.0,0.243,0.5787,0.068,0.13,0.0,0.0,0.33,0.3,0.009,0.001024,0.005458,0.000829,0.004606,0.001533,0.00562,0.00061543,0.643159,-0.004026,0.009514,-0.004243,0.005997,0.0007882,-0.0097385,0.002692857142857147,1.015,0.4614,4.31,6
1411,1,0,0,0.425,0.02,0.5656,0.045,71.99999647998123,0.03,0.0277,0.04,0.0365,0.02335,0.0185,0.03,0.015,0.036,0.06,0.036,68.5,0.1332,0.48,0.1,0.135,0.0,0.0,0.33,0.3,0.0112,0.008341,0.003592,0.000882,0.005736,0.002979,0.007776,0.00541,0.666893,-0.00373,0.007311,-0.003904,0.004029,0.0006161,-0.0047205,0.002764285714285715,1.45,1.179,7.73,6
1412,1,0,0,0.365,-0.02,0.5656,0.05,75.00000349528622,0.04,0.0286,0.042,0.0365,0.021,0.0165,0.0318,0.015,0.0473,0.0463,0.0237,71.0,0.11,0.2763,0.068,0.13,0.0,0.0,0.33,0.3,0.015,0.002359,0.007076,0.002468,0.002981,0.001263,0.005682,0.0005903,0.631277,-0.007288,0.009867,-0.006894,0.005354,0.0009726,-0.0058835,0.0031071428571428543,0.8328,0.7695,4.04,6
1414,1,0,0,0.365,-0.02,0.5656,0.05,75.00000349528622,0.04,0.0286,0.042,0.0365,0.021,0.0165,0.0318,0.015,0.0473,0.0463,0.0237,71.0,0.11,0.2763,0.068,0.13,0.0,0.0,0.33,0.3,0.015,0.00789,0.000994,0.000778,0.005923,0.00058386,0.00081977,0.00069589,0.631277,-0.01035,0.01412,-0.009826,0.00767,0.001535,-0.0083845,0.004764285714285708,0.6694,0.602,3.02,6
1415,1,0,0,0.425,0.02,0.5656,0.045,71.99999647998123,0.03,0.0277,0.04,0.0365,0.02335,0.0185,0.03,0.015,0.034,0.06,0.03,68.5,0.132,0.48,0.1,0.135,0.0,0.0,0.33,0.3,0.0112,0.007607,0.006401,0.002239,0.00073245,0.001819,0.0005022,0.001563,0.666596,-0.006313,0.01227,-0.006587,0.006961,0.001061,-0.00824,0.004285714285714296,0.7055,0.4142,6.69,6
1417,0,0,1,0.425,0.05,0.5656,0.045,78.00001051059121,0.04,0.0371,0.045,0.042,0.02335,0.0165,0.031,0.015,0.0538,0.0315,0.0285,68.5,0.1,0.3815,0.068,0.13,0.0,0.0,0.33,0.3,0.009,0.00424,0.006963,0.00369,0.004047,0.00079672,0.004272,0.008178,0.611586,-0.002546,0.004212,-0.00283,0.001898,0.0008429,-0.001315,0.002028571428571428,3.893,5.288,5.2,6
1418,1,0,0,0.41,0.07,0.5656,0.045,71.99999647998123,0.04,0.0286,0.045,0.0365,0.02335,0.013,0.0318,0.015,0.0455,0.0466,0.0335,72.0,0.1511,0.6016,0.068,0.13,0.0,0.0,0.33,0.3,0.009,0.000837,0.000517,0.004781,0.001276,0.00060075,0.003794,0.003817,0.65113,0.01061,-0.0219,0.01306,-0.01161,0.001614,-0.004163,0.0031714285714285707,0.4359,1.063,4.82,6
1419,0,0,1,0.425,0.03,0.5656,0.073,72.99997971982306,0.035,0.04,0.045,0.04495,0.026,0.0185,0.035,0.015,0.07,0.065,0.026,69.5,0.1404,0.52,0.1,0.135,0.0,0.0,0.33,0.3,0.0112,0.000646,0.005568,0.006115,0.00069057,0.002423,0.009394,0.005146,0.691509,-0.002435,0.005607,-0.002834,0.002984,0.001115,-0.003386,0.004014285714285714,2.678,2.492,5.61,6
1420,0,0,1,0.425,0.03,0.5656,0.073,72.99997971982306,0.035,0.04,0.045,0.04495,0.026,0.0185,0.035,0.015,0.07,0.065,0.026,69.5,0.1404,0.52,0.1,0.135,0.0,0.0,0.33,0.3,0.0112,0.004917,0.001003,0.006521,0.001968,0.006,0.00071159,0.005361,0.691509,-0.002469,0.005262,-0.00276,0.002851,0.001341,-0.0032895,0.003978571428571429,3.932,3.963,5.88,6
1421,0,0,1,0.425,0.03,0.5656,0.073,72.99997971982306,0.035,0.04,0.045,0.04495,0.026,0.0185,0.035,0.015,0.07,0.065,0.026,69.5,0.1404,0.52,0.1,0.135,0.0,0.0,0.33,0.3,0.0112,0.008896,0.000857,0.000589,0.008101,0.00098568,0.001033,0.001368,0.691509,-0.009491,0.01839,-0.01013,0.0101,0.002063,-0.011675,0.007357142857142854,2.231,1.859,2.97,6
1423,0,0,1,0.425,0.03,0.5656,0.073,72.99997971982306,0.035,0.04,0.045,0.04495,0.026,0.0185,0.035,0.015,0.07,0.065,0.026,69.5,0.1404,0.52,0.1,0.135,0.0,0.0,0.33,0.3,0.0112,0.001088,0.001705,0.003833,0.001044,0.002683,0.003179,0.00054627,0.691509,-0.00623,0.01228,-0.006709,0.006711,0.002525,-0.007856,0.008814285714285712,2.807,1.247,2.75,6
1424,0,0,1,0.425,0.064105,0.5656,0.045,71.99999647998123,0.04,0.0312,0.045,0.05,0.02335,0.013,0.0318,0.015,0.0485,0.028,0.038,72.0,0.1849,0.6,0.068,0.13,0.0,0.0,0.33,0.3,0.009,0.004094,0.003924,0.001186,0.00054707,0.001228,0.00094405,0.007024,0.655814,0.00733,-0.01716,0.009264,-0.009287,0.001084,-0.0033895,0.002235714285714285,1.58,1.766,4.8,6
1425,1,0,0,0.445,0.06,0.5656,0.045,74.0000202554444,0.04,0.0286,0.045,0.0365,0.02335,0.013,0.0318,0.015,0.0538,0.0407,0.0335,68.5,0.12,0.393,0.068,0.135,0.0,0.0,0.33,0.3,0.009,0.003174,0.007148,0.00825,0.002274,0.007045,0.00168,0.002486,0.671098,0.01306,-0.02454,0.0152,-0.01225,0.0009062,-0.0041935,0.002264285714285711,0.421,1.269,7.96,6
1426,1,0,0,0.42,0.03,0.5656,0.12,71.00001324013941,0.04,0.0312,0.045,0.0365,0.02335,0.015,0.0318,0.015,0.042,0.0439,0.0247,71.5,0.14,0.56,0.068,0.135,0.0,0.0,0.33,0.3,0.009,0.00167,0.006113,0.00094,0.001922,0.0007863,0.004418,0.004549,0.640204,-0.003477,0.007025,-0.0037,0.003758,0.000692,-0.0040435,0.0018499999999999975,1.437,1.131,5.95,6
1427,0,0,1,0.395,0.03,0.5656,0.045,72.50001674779189,0.04,0.0292,0.043,0.041,0.02735,0.0215,0.034,0.015,0.05,0.0354,0.023,70.5,0.1,0.3,0.068,0.135,0.0,0.0,0.33,0.3,0.009,0.001063,0.000517,0.001337,0.00058173,0.001426,0.001337,0.006086,0.63882,-0.004425,0.007922,-0.004852,0.003876,0.001697,-0.004097,0.006185714285714285,1.375,0.7858,2.8,6
1428,1,0,0,0.4249,0.055,0.5656,0.045,69.99997270451806,0.04,0.0286,0.045,0.0349,0.02335,0.013,0.0318,0.015,0.0358,0.0462,0.0406,68.0,0.2087,0.4762,0.068,0.13,0.0,0.0,0.33,0.3,0.009,0.002809,0.001679,0.003808,0.00068981,0.009268,0.003468,0.001089,0.589939,0.01435,-0.02933,0.01694,-0.01639,0.001682,-0.0059924999999999996,0.005107142857142853,0.2585,0.7799,5.34,6
1429,1,0,0,0.385,-0.02,0.5656,0.045,75.00000349528622,0.04,0.0286,0.045,0.0365,0.02335,0.013,0.0318,0.015,0.0553,0.033,0.0379,75.0,0.1292,0.279,0.068,0.13,0.0,0.0,0.33,0.3,0.009,0.002959,0.00089,0.006683,0.00212,0.003105,0.002878,0.00075364,0.682758,-0.005852,0.009816,-0.005623,0.00562,0.001554,-0.0073574999999999995,0.004649999999999997,0.6038,0.672,4.33,6
1430,0,0,1,0.405,0.075,0.5656,0.045,74.0000202554444,0.04,0.0286,0.045,0.0365,0.02335,0.013,0.0318,0.015,0.0508,0.0525,0.0386,74.0,0.095,0.3525,0.068,0.13,0.0,0.0,0.33,0.3,0.009,0.0024,0.008384,0.005902,0.00056248,0.00061498,0.004684,0.001682,0.664027,0.02782,-0.05001,0.03408,-0.024,0.001979,-0.007993,0.007328571428571428,0.7566,1.687,3.35,6
1431,1,0,0,0.377825,-0.01277,0.5656,0.03,74.49998322747555,0.05,0.0286,0.045,0.0365,0.025,0.014,0.0318,0.015,0.03,0.0244,0.025,74.5,0.1153,0.4372,0.068,0.12,0.0,0.0,0.33,0.3,0.009,0.00076,0.004883,0.000854,0.001455,0.007312,0.001309,0.003418,0.646909,-0.004555,0.007513,-0.004354,0.004362,0.0006235,-0.005057,0.0018714285714285718,1.127,0.8813,5.33,6
1432,1,0,0,0.43,0.07,0.5656,0.045,75.00000349528622,0.04,0.0286,0.045,0.0365,0.02335,0.013,0.0318,0.015,0.0608,0.0491,0.0447,71.0,0.1785,0.5591,0.068,0.13,0.0,0.0,0.33,0.3,0.009,0.000837,0.002573,0.000575,0.001108,0.004109,0.009543,0.001769,0.66401,0.02547,-0.05575,0.03095,-0.03017,0.001343,-0.010884999999999999,0.0033571428571428563,0.2253,0.591,3.92,6
1433,1,0,0,0.625,0.05,0.5656,0.1,71.00001324013941,0.04,0.0286,0.045,0.05,0.02335,0.013,0.0318,0.015,0.04,0.1,0.03,72.0,0.1481,0.61,0.068,0.135,0.0,0.0,0.33,0.3,0.009,0.00446,0.000543,0.00163,0.001321,0.00097421,0.001148,0.001556,0.655053,-0.004289,0.01205,-0.00502,0.005592,0.002014,-0.004312,0.0028142857142857158,0.5669,0.4727,4.33,6
1436,0,0,1,0.38531,0.07,0.5656,0.15,89.99998127603168,0.04,0.035,0.05,0.0365,0.025,0.0165,0.0318,0.015,0.06,0.02,0.04,73.0,0.11,0.51,0.068,0.13,0.0,0.0,0.33,0.3,0.009,0.005958,0.000623,0.004606,0.00082942,0.008818,0.00051334,0.005993,0.632053,0.009563,-0.01636,0.01161,-0.007119,0.002218,-0.002107,0.008371428571428571,1.307,1.116,3.99,6
1437,0,0,1,0.46709,-0.02,0.5656,0.06,71.99999647998123,0.04,0.0327,0.045,0.043,0.028,0.02,0.0318,0.015,0.044,0.0611,0.02,72.0,0.12,0.3411,0.068,0.135,0.0,0.0,0.33,0.3,0.009,0.003723,0.004809,0.009261,0.00906,0.004418,0.006615,0.001205,0.661178,-0.006272,0.01056,-0.006038,0.00549,0.001071,-0.0057859999999999995,0.003157142857142861,2.038,2.136,5.13,6
1438,1,0,0,0.43,0.07,0.5656,0.045,74.0000202554444,0.04,0.0286,0.04,0.0365,0.02335,0.013,0.0318,0.015,0.0593,0.0489,0.0455,69.0,0.175,0.5489,0.068,0.13,0.0,0.0,0.33,0.3,0.009,0.006037,0.005744,0.00084,0.002354,0.003514,0.007879,0.002562,0.656676,0.01802,-0.03834,0.02169,-0.02048,0.0008563,-0.007293,0.002371428571428576,0.3019,0.8029,6.02,6
1439,0,0,1,0.31796,0.0,0.5656,0.045,71.99999647998123,0.04,0.0286,0.045,0.0365,0.02335,0.0165,0.0318,0.015,0.044,0.0464,0.0335,71.5,0.1112,0.43,0.068,0.12,0.0,0.0,0.33,0.3,0.009,0.001356,0.000634,0.000519,0.002884,0.006244,0.00138,0.0053,0.597254,-0.005812,0.007984,-0.005854,0.004212,0.001429,-0.0039945,0.004007142857142859,2.849,2.624,2.48,6
1440,1,0,0,0.435,0.07,0.5656,0.045,75.00000349528622,0.04,0.0286,0.045,0.0365,0.02335,0.013,0.0318,0.015,0.0551,0.0437,0.0417,70.0,0.1804,0.5537,0.068,0.13,0.0,0.0,0.33,0.3,0.009,0.001925,0.002472,0.000811,0.00748,0.002352,0.005494,0.003042,0.64386,0.01411,-0.03022,0.01681,-0.01623,0.0008408,-0.005691,0.0025285714285714295,0.3644,1.017,4.85,6
1441,1,0,0,0.425,0.07,0.5656,0.045,75.00000349528622,0.04,0.0286,0.045,0.0365,0.02335,0.013,0.0318,0.015,0.047,0.0498,0.0336,72.0,0.1908,0.5398,0.068,0.13,0.0,0.0,0.33,0.3,0.009,0.001652,0.001676,0.008961,0.00137,0.00728,0.001788,0.00052935,0.649557,0.01738,-0.03842,0.02093,-0.02195,0.001947,-0.008158499999999999,0.0048357142857142765,0.312,0.8172,5.87,6
1442,1,0,0,0.425,0.02,0.5656,0.045,71.99999647998123,0.03,0.0277,0.04,0.0365,0.02335,0.0185,0.03,0.015,0.035,0.05,0.03,68.5,0.125,0.485,0.1,0.135,0.0,0.0,0.33,0.3,0.0112,0.004109,0.002343,0.004109,0.00069386,0.00083673,0.00091884,0.004955,0.664774,-0.003318,0.006436,-0.003478,0.003565,0.001035,-0.0040525000000000005,0.003664285714285717,1.164,0.7466,6.91,6
1443,1,0,0,0.41418,0.025,0.5656,0.045,73.49999998763374,0.04,0.0286,0.045,0.0365,0.02335,0.013,0.0318,0.015,0.0526,0.0524,0.031,72.5,0.115,0.402,0.068,0.135,0.0,0.0,0.33,0.3,0.009,0.003876,0.003368,0.00839,0.008196,0.001966,0.002793,0.005014,0.61417,-0.002552,0.004159,-0.002703,0.001984,0.0005882,-0.0016125,0.0016071428571428565,1.321,1.862,7.31,6
1444,1,0,0,0.425,0.04,0.5656,0.05,71.00001324013941,0.04,0.0286,0.04,0.0365,0.02335,0.013,0.0318,0.015,0.05,0.07,0.025,67.5,0.115,0.527,0.068,0.13,0.0,0.0,0.33,0.3,0.009,0.004536,0.009862,0.00169,0.00066943,0.00070666,0.002963,0.0008132,0.671605,-0.01045,0.01985,-0.0113,0.01078,0.001318,-0.010935,0.0035000000000000057,0.7658,0.672,5.38,6
1445,1,0,0,0.37,0.035,0.5656,0.065,74.0000202554444,0.04,0.0286,0.045,0.0365,0.02335,0.013,0.0272,0.015,0.0478,0.0643,0.0338,74.0,0.1508,0.5093,0.068,0.135,0.0,0.0,0.33,0.3,0.009,0.000892,0.000852,0.002024,0.002499,0.001268,0.002681,0.008341,0.64028,-0.002125,0.004373,-0.002414,0.002507,0.0008206,-0.003091,0.002128571428571426,1.962,1.436,5.64,6
1446,0,0,1,0.405,0.07,0.5656,0.045,74.0000202554444,0.04,0.0286,0.045,0.0365,0.02335,0.013,0.0318,0.015,0.0485,0.0475,0.0369,73.0,0.145,0.5675,0.068,0.13,0.0,0.0,0.33,0.3,0.009,0.00074,0.000706,0.002441,0.003014,0.009942,0.009942,0.003271,0.669053,0.02687,-0.05485,0.03252,-0.0297,0.002668,-0.010715,0.006071428571428571,0.6891,1.902,2.92,6
1447,0,0,1,0.405,0.07,0.5656,0.045,74.0000202554444,0.04,0.0286,0.045,0.0365,0.02335,0.013,0.0318,0.015,0.0497,0.029,0.0435,73.0,0.1286,0.5608,0.068,0.13,0.0,0.0,0.33,0.3,0.009,0.002718,0.004677,0.002853,0.00058003,0.008083,0.004373,0.00080609,0.657104,0.04849,-0.09218,0.0585,-0.04753,0.002566,-0.016665,0.00778571428571429,0.5349,1.1,2.99,6
1448,0,0,1,0.40502,0.02,0.5656,0.045,69.50000973248692,0.04,0.0286,0.045,0.0365,0.02335,0.013,0.0318,0.015,0.0466,0.0465,0.0362,74.5,0.145,0.5125,0.068,0.13,0.0,0.0,0.33,0.3,0.009,0.000578,0.009156,0.005345,0.002087,0.002272,0.00084813,0.003908,0.610386,-0.005459,0.01005,-0.00575,0.005229,0.001203,-0.005112,0.0034571428571428574,2.706,2.584,3.96,6
1449,1,0,0,0.38,-0.02,0.5656,0.045,74.0000202554444,0.04,0.0286,0.045,0.0365,0.02585,0.019,0.0318,0.015,0.0414,0.0282,0.0345,73.5,0.12,0.4482,0.068,0.12,0.0,0.0,0.33,0.3,0.009,0.002805,0.001323,0.006108,0.001609,0.001323,0.00642,0.003792,0.596226,-0.002735,0.003912,-0.002608,0.002002,0.0007028,-0.0017655000000000001,0.002035714285714285,1.374,1.57,5.64,6
1450,1,0,0,0.41,0.07,0.5656,0.045,72.99997971982306,0.0444,0.0286,0.0444,0.0365,0.0254,0.018555,0.0318,0.015,0.0493,0.0486,0.0342,73.0,0.145,0.509,0.0318,0.13,0.0,0.0,0.33,0.3,0.009,0.004225,0.003334,0.002922,0.008987,0.006271,0.00099874,0.001084,0.65331,0.01889,-0.03647,0.02217,-0.01979,0.0008696,-0.007019,0.0011428571428571458,0.2724,0.7917,6.07,6
1451,1,0,0,0.419,0.04,0.5656,0.075,72.99997971982306,0.04,0.0282,0.045,0.0365,0.0205,0.013,0.031,0.015,0.0469,0.075,0.0344,71.5,0.11,0.532,0.068,0.135,0.0,0.0,0.33,0.3,0.009,0.002167,0.002308,0.003558,0.001725,0.00076586,0.001537,0.00271,0.676501,-0.004669,0.009168,-0.00512,0.004978,0.001357,-0.005124999999999999,0.0030428571428571436,1.049,1.162,4.79,6
1452,1,0,0,0.439,0.069,0.5656,0.045,74.0000202554444,0.04,0.0286,0.045,0.0365,0.02335,0.013,0.0318,0.015,0.0453,0.0513,0.0305,73.0,0.2763,0.5443,0.068,0.13,0.0,0.0,0.33,0.3,0.009,0.006285,0.008658,0.001624,0.002154,0.00087107,0.001044,0.009934,0.71274,0.008128,-0.02472,0.009954,-0.01659,0.0006561,-0.006765,0.0018142857142857134,0.2862,0.6533,9.76,6
1454,0,0,1,0.4,0.045,0.5656,0.045,74.0000202554444,0.04,0.0302,0.035,0.0365,0.02335,0.013,0.035,0.015,0.0488,0.0372,0.0385,73.0,0.1447,0.5672,0.068,0.13,0.0,0.0,0.33,0.3,0.009,0.001582,0.005242,0.000589,0.00071812,0.001845,0.009776,0.007513,0.624859,-0.005572,0.01144,-0.006391,0.006111,0.001449,-0.006128,0.00447142857142857,2.61,1.584,3.67,6
1455,0,0,1,0.4,0.045,0.5656,0.045,74.0000202554444,0.04,0.0302,0.035,0.0365,0.02335,0.013,0.035,0.015,0.0488,0.0372,0.0385,73.0,0.1447,0.5672,0.068,0.13,0.0,0.0,0.33,0.3,0.009,0.002379,0.007793,0.009963,0.005825,0.003119,0.00096217,0.002976,0.624859,-0.005098,0.009605,-0.005574,0.005139,0.001145,-0.005350000000000001,0.0034142857142857148,2.284,2.814,4.63,6
1456,0,0,1,0.4,0.045,0.5656,0.045,74.0000202554444,0.04,0.0302,0.035,0.0365,0.02335,0.013,0.035,0.015,0.0488,0.0372,0.0385,73.0,0.1447,0.5672,0.068,0.13,0.0,0.0,0.33,0.3,0.009,0.00101,0.001126,0.001957,0.002137,0.00781,0.00086536,0.004667,0.624859,-0.005821,0.01159,-0.006547,0.006194,0.001921,-0.0063275,0.004507142857142854,2.42,2.384,2.92,6
1458,1,0,0,0.45,0.08,0.5656,0.05,72.99997971982306,0.04,0.0286,0.045,0.0365,0.02335,0.013,0.0318,0.015,0.0469,0.032,0.0485,72.0,0.1388,0.567,0.068,0.13,0.0,0.0,0.33,0.3,0.009,0.004256,0.000827,0.005254,0.00095167,0.00179,0.006486,0.008006,0.664379,0.008752,-0.01905,0.01097,-0.009578,0.001381,-0.0032975,0.0028785714285714296,0.5595,0.9048,7.49,6
1459,1,0,0,0.41,0.06,0.5656,0.045,72.99997971982306,0.04,0.0286,0.045,0.0365,0.02335,0.013,0.0318,0.015,0.0495,0.0491,0.0332,73.5,0.1453,0.4941,0.068,0.13,0.0,0.0,0.33,0.3,0.009,0.000828,0.000985,0.006406,0.006194,0.004047,0.007393,0.001869,0.649325,0.01291,-0.02458,0.01502,-0.0131,0.001287,-0.0046055,0.003335714285714288,0.3422,1.062,5.02,6
1460,0,0,1,0.405,0.07,0.5656,0.045,74.0000202554444,0.04,0.0286,0.045,0.0365,0.02335,0.013,0.0318,0.015,0.052,0.0469,0.0382,73.0,0.145,0.6,0.068,0.13,0.0,0.0,0.33,0.3,0.009,0.008514,0.000598,0.000989,0.00405,0.00056703,0.00974,0.00196,0.632384,0.03576,-0.06745,0.04298,-0.03424,0.003169,-0.011779999999999999,0.0074285714285714345,0.5377,1.547,2.01,6
1462,1,0,0,0.37,0.048,0.5656,0.037,74.0000202554444,0.04,0.0286,0.045,0.0365,0.02335,0.013,0.0318,0.015,0.049,0.0488,0.0311,73.5,0.12,0.47,0.068,0.135,0.0,0.0,0.33,0.3,0.009,0.00511,0.001056,0.001992,0.001378,0.00057791,0.00094474,0.006826,0.629238,-0.002426,0.004477,-0.002817,0.002413,0.0008931,-0.002438,0.0022142857142857138,1.514,1.414,5.55,6
1463,0,0,1,0.4,0.045,0.5656,0.045,74.0000202554444,0.04,0.0302,0.035,0.0365,0.02335,0.013,0.035,0.015,0.0488,0.0372,0.0385,73.0,0.1447,0.5672,0.068,0.13,0.0,0.0,0.33,0.3,0.009,0.005065,0.000777,0.001457,0.002615,0.002279,0.004653,0.00073245,0.624859,-0.01535,0.02841,-0.01668,0.0155,0.003968,-0.01611,0.009142857142857154,1.412,1.291,1.89,6
1465,0,0,1,0.4,0.045,0.5656,0.045,74.0000202554444,0.04,0.0302,0.035,0.0365,0.02335,0.013,0.035,0.015,0.0488,0.0372,0.0385,73.0,0.1447,0.5672,0.068,0.13,0.0,0.0,0.33,0.3,0.009,0.003087,0.001297,0.003631,0.005166,0.007747,0.005486,0.009452,0.624859,-0.004097,0.008103,-0.004605,0.004315,0.001382,-0.0044174999999999996,0.003335714285714282,2.576,3.123,4.48,6
1466,1,0,0,0.37,0.0,0.5656,0.16,72.50001674779189,0.04,0.0431,0.045,0.053,0.03285,0.0215,0.0318,0.015,0.0522,0.0406,0.0261,69.5,0.12,0.3006,0.068,0.13,0.0,0.0,0.33,0.3,0.009,0.003677,0.002528,0.004038,0.009377,0.00291,0.003592,0.001887,0.609663,-0.001133,0.002365,-0.001136,0.0008201,0.0002154,-0.0008573,0.0007957142857142857,1.19,2.975,7.18,6
1467,1,0,0,0.37,0.0,0.5656,0.16,72.50001674779189,0.04,0.0431,0.045,0.053,0.03285,0.0215,0.0318,0.015,0.0522,0.0406,0.0261,69.5,0.12,0.3006,0.068,0.13,0.0,0.0,0.33,0.3,0.009,0.000933,0.009397,0.000874,0.001571,0.001223,0.003568,0.003589,0.609663,-0.001249,0.002965,-0.001223,0.0009833,0.00016,-0.0008489000000000001,0.0005185714285714288,0.873,2.846,7.98,6
1468,1,0,0,0.37,0.0,0.5656,0.16,72.50001674779189,0.04,0.0431,0.045,0.053,0.03285,0.0215,0.0318,0.015,0.0522,0.0406,0.0261,69.5,0.12,0.3006,0.068,0.13,0.0,0.0,0.33,0.3,0.009,0.004145,0.001185,0.001118,0.00122,0.001694,0.007663,0.003623,0.609663,-0.001117,0.002724,-0.001126,0.0009072,0.0002812,-0.0008191,0.0008314285714285714,1.005,2.514,5.98,6
1469,0,0,1,0.4,0.045,0.5656,0.045,74.0000202554444,0.04,0.0302,0.035,0.0365,0.02335,0.013,0.035,0.015,0.0488,0.0372,0.0385,73.0,0.1447,0.5672,0.068,0.13,0.0,0.0,0.33,0.3,0.009,0.008277,0.0057,0.002035,0.002747,0.007626,0.001411,0.00070382,0.624859,-0.01363,0.02486,-0.01468,0.01356,0.001983,-0.01418,0.005285714285714293,1.559,1.438,3.1,6
1471,0,0,1,0.395,0.05,0.5656,0.07,75.00000349528622,0.04,0.0302,0.044,0.0365,0.0175,0.015,0.035,0.015,0.0487,0.0374,0.0417,74.0,0.1304,0.59,0.068,0.13,0.0,0.0,0.33,0.3,0.009,0.002091,0.000954,0.001904,0.009404,0.00075089,0.001131,0.002596,0.649884,-0.007885,0.01574,-0.009049,0.008472,0.003271,-0.009174,0.006371428571428574,1.966,2.018,2.34,6
1473,0,0,1,0.4,0.045,0.5656,0.045,74.0000202554444,0.04,0.0257,0.032,0.0365,0.02335,0.013,0.029,0.015,0.0488,0.0372,0.0385,73.0,0.1447,0.5672,0.068,0.13,0.0,0.0,0.33,0.3,0.009,0.001082,0.003655,0.004408,0.008489,0.00064681,0.00056207,0.00276,0.624859,-0.007304,0.01373,-0.008004,0.007315,0.001312,-0.007601999999999999,0.0042714285714285745,2.132,2.04,3.0,6
1474,0,0,1,0.4,0.045,0.5656,0.045,74.0000202554444,0.04,0.0257,0.032,0.0365,0.02335,0.013,0.029,0.015,0.0488,0.0372,0.0385,73.0,0.1447,0.5672,0.068,0.13,0.0,0.0,0.33,0.3,0.009,0.005162,0.000521,0.002072,0.001679,0.001978,0.003991,0.003509,0.624859,-0.007541,0.01489,-0.008487,0.00809,0.002908,-0.008232,0.0064,2.193,1.941,2.53,6
1475,0,0,1,0.4,0.045,0.5656,0.045,74.0000202554444,0.04,0.0257,0.032,0.0365,0.02335,0.013,0.029,0.015,0.0488,0.0372,0.0385,73.0,0.1447,0.5672,0.068,0.13,0.0,0.0,0.33,0.3,0.009,0.005406,0.002886,0.001557,0.001853,0.00088262,0.00051824,0.00052742,0.624859,-0.02291,0.04168,-0.02454,0.02295,0.002759,-0.023795,0.00778571428571429,1.001,0.9233,2.08,6
1477,0,0,1,0.4,0.045,0.5656,0.045,74.0000202554444,0.04,0.0257,0.032,0.0365,0.02335,0.013,0.029,0.015,0.0488,0.0372,0.0385,73.0,0.1447,0.5672,0.068,0.13,0.0,0.0,0.33,0.3,0.009,0.003756,0.000959,0.000608,0.00073405,0.001101,0.001202,0.00948,0.624859,-0.00538,0.0113,-0.006276,0.006061,0.002214,-0.005886499999999999,0.0072928571428571435,2.697,1.097,3.37,6
1478,0,0,1,0.415,0.04,0.5656,0.06,70.43794164311606,0.04,0.05,0.052,0.0525,0.0325,0.021,0.04,0.015,0.035,0.08,0.028,70.43794,0.13,0.405,0.068,0.13,0.0,0.0,0.33,0.3,0.009,0.004273,0.009938,0.003897,0.00080875,0.004323,0.001732,0.005618,0.627087,-0.001085,0.002297,-0.001277,0.001197,0.0004074,-0.001248,0.0012857142857142859,4.216,3.108,7.59,6
1479,1,0,0,0.405,0.07,0.5656,0.045,74.0000202554444,0.04,0.0286,0.045,0.0365,0.02335,0.013,0.0318,0.015,0.0498,0.0493,0.0289,73.0,0.145,0.5153,0.068,0.13,0.016,0.018,0.33,0.3,0.009,0.000683,0.008012,0.000787,0.002005,0.00063046,0.005398,0.00051673,0.652653,0.1008,-0.4184,0.1581,-0.1276,0.001236,-0.037790000000000004,0.004142857142857172,0.02805,0.2277,3.75,6
1480,1,0,0,0.45,0.07,0.5656,0.04,72.99997971982306,0.0381,0.0277,0.036,0.034,0.02125,0.0109,0.03,0.016,0.0404,0.0311,0.0482,73.0,0.1324,0.5611,0.068,0.13,0.0,0.0,0.33,0.3,0.0106,0.001962,0.001708,0.00406,0.007088,0.00089595,0.002227,0.003111,0.639846,0.01399,-0.02823,0.01665,-0.01387,0.001334,-0.004595,0.003228571428571429,0.3883,1.146,4.87,6
1481,0,0,1,0.39833,0.0,0.5656,0.045,74.0000202554444,0.04,0.0286,0.045,0.0365,0.0297,0.019,0.0318,0.015,0.0493,0.0406,0.0266,71.0,0.09,0.2706,0.068,0.135,0.0,0.0,0.33,0.3,0.009,0.003853,0.000714,0.006153,0.001376,0.001739,0.00057876,0.002385,0.606509,-0.007155,0.009875,-0.007049,0.004384,0.001716,-0.0035155,0.005464285714285714,1.876,2.801,2.78,6
1482,1,0,0,0.8,0.0,0.5656,0.045,75.00000349528622,0.04,0.0286,0.045,0.0381,0.02335,0.013,0.0318,0.015,0.075,0.0378,0.05,45.0,0.3153,0.425,0.068,0.13,0.0,0.0,0.33,0.3,0.009,0.000744,0.006821,0.002811,0.001359,0.001651,0.00176,0.00093034,0.522011,-0.002763,0.007098,-0.002879,0.002593,0.001959,-0.0017269999999999998,0.004257142857142856,0.5569,1.183,6.73,6
1483,0,0,1,0.405,0.07,0.5656,0.045,74.0000202554444,0.04,0.0286,0.045,0.0365,0.02335,0.013,0.0318,0.015,0.0499,0.049,0.034,73.0,0.145,0.515,0.068,0.13,0.0,0.0,0.33,0.3,0.009,0.008178,0.007307,0.000563,0.001905,0.006713,0.00937,0.005902,0.653639,0.02312,-0.04523,0.02783,-0.02403,0.001279,-0.008591999999999999,0.003514285714285722,0.7514,1.87,4.32,6
1484,1,0,0,0.445,0.06,0.5656,0.045,72.50001674779189,0.038,0.0287,0.036,0.0365,0.02335,0.013,0.032,0.015,0.0573,0.0385,0.0292,70.0,0.115,0.4,0.1,0.175,0.0,0.0,0.33,0.3,0.009,0.006046,0.000736,0.005906,0.007291,0.003067,0.003967,0.003214,0.699603,0.01385,-0.02753,0.01617,-0.0142,0.001473,-0.0048785,0.004550000000000003,0.3964,1.105,6.25,6
1485,1,0,0,0.44,0.065,0.5656,0.025,72.99997971982306,0.04,0.0254,0.032,0.0365,0.02335,0.013,0.0286,0.015,0.0354,0.0163,0.0289,71.0,0.1219,0.5613,0.068,0.135,0.0,0.0,0.33,0.3,0.009,0.004112,0.000568,0.002059,0.00054947,0.00295,0.001634,0.00053441,0.650858,0.04233,-0.08207,0.05044,-0.04128,0.004231,-0.01421,0.009428571428571427,0.1871,0.4636,2.99,6
1486,1,0,0,0.415,0.068,0.5656,0.02,73.49999998763374,0.04,0.027,0.0318,0.0365,0.0175,0.0125,0.0286,0.015,0.0336,0.0147,0.0538,73.0,0.147,0.5447,0.068,0.13,0.0,0.0,0.33,0.3,0.007,0.000657,0.001149,0.000896,0.001273,0.00086789,0.009783,0.006345,0.640477,0.01109,-0.02372,0.01386,-0.01222,0.001606,-0.004333999999999999,0.002942857142857143,0.4081,0.971,4.35,6
1487,1,0,0,0.44,0.065,0.5656,0.025,72.99997971982306,0.04,0.0254,0.032,0.0365,0.02335,0.013,0.0286,0.015,0.0352,0.0163,0.0289,71.0,0.1421,0.5813,0.068,0.135,0.0,0.0,0.33,0.3,0.009,0.004174,0.002875,0.001359,0.00068654,0.001819,0.003258,0.00069972,0.654441,0.04301,-0.08831,0.05129,-0.04653,0.001882,-0.01651,0.00471428571428572,0.1737,0.4662,3.81,6
1488,0,0,1,0.39459,0.0,0.5656,0.045,74.0000202554444,0.05,0.0371,0.045,0.0415,0.03435,0.0205,0.0318,0.015,0.0562,0.0354,0.0325,70.5,0.1,0.2854,0.068,0.135,0.0,0.0,0.33,0.3,0.009,0.002008,0.008024,0.004023,0.00082037,0.001133,0.0009022,0.002107,0.593278,-0.00413,0.005635,-0.004032,0.002433,0.0005389,-0.0013625,0.0029928571428571435,2.371,2.226,4.45,6
1489,1,0,0,0.41,0.067,0.5656,0.045,74.0000202554444,0.04,0.0286,0.045,0.0365,0.02335,0.013,0.0318,0.015,0.0462,0.0331,0.0315,72.0,0.1418,0.56,0.068,0.13,0.0,0.0,0.33,0.3,0.009,0.009942,0.000832,0.006998,0.003233,0.002619,0.003014,0.001822,0.674517,0.01453,-0.02914,0.01726,-0.01602,0.00154,-0.005797999999999999,0.003671428571428569,0.3142,1.107,5.43,6
1491,1,0,0,0.41,0.072,0.5656,0.06,73.49999998763374,0.04,0.02855,0.038,0.03655,0.01825,0.0118,0.0286,0.015,0.0466,0.0329,0.0359,73.25,0.1486,0.545,0.068,0.13,0.016,0.018,0.33,0.3,0.009,0.000799,0.002925,0.003445,0.00955,0.008658,0.00055675,0.001428,0.641912,0.03763,-0.1586,0.05758,-0.05,0.001513,-0.01423,0.005571428571428567,0.1333,0.4798,4.8,6
1492,1,0,0,0.447,0.05,0.5656,0.045,74.0000202554444,0.04,0.0286,0.045,0.0365,0.02335,0.013,0.0318,0.015,0.0475,0.0534,0.0466,70.5,0.155,0.5434,0.068,0.13,0.0,0.0,0.33,0.3,0.009,0.00641,0.003329,0.000512,0.003655,0.002634,0.004841,0.00098568,0.686302,-0.01116,0.0248,-0.01212,0.01416,0.001306,-0.016675000000000002,0.0036428571428571426,0.3043,0.4796,4.51,6
1493,0,0,1,0.41,0.071876,0.5656,0.15,72.69144194714511,0.04,0.0352,0.045,0.0365,0.02335,0.014,0.0318,0.015,0.0546,0.0405,0.0446,74.19144,0.1933,0.64,0.068,0.13,0.016,0.0,0.33,0.3,0.009,0.002083,0.002937,0.007873,0.001237,0.004623,0.007169,0.001486,0.674876,0.01941,-0.04415,0.02363,-0.02605,0.002266,-0.009995500000000001,0.005921428571428583,0.8595,1.93,4.41,6
1494,1,0,0,0.39,-0.007,0.5656,0.15,71.00001324013941,0.0381,0.0286,0.0318,0.034,0.022,0.0105,0.0286,0.015,0.0306,0.315,0.05,71.0,0.2876,0.55,0.068,0.12,0.0,0.0,0.33,0.3,0.0106,0.005653,0.001995,0.001073,0.009971,0.003022,0.001348,0.004097,0.56354,-0.002099,0.006366,-0.002093,0.003172,0.0005519,-0.0048185,0.0026499999999999983,1.279,1.114,5.43,6
1495,1,0,0,0.42,0.07,0.5656,0.03,72.50001674779189,0.04,0.0272,0.036,0.0365,0.018,0.013,0.029,0.015,0.0363,0.0168,0.0335,72.5,0.1581,0.5368,0.068,0.13,0.0,0.0,0.33,0.3,0.007,0.000697,0.001277,0.002367,0.00378,0.00508,0.00080905,0.002459,0.65707,0.01579,-0.0337,0.01911,-0.01866,0.001772,-0.006803,0.003957142857142861,0.354,0.9589,4.03,6
1497,1,0,0,0.40278,0.05,0.5656,0.15,74.0000202554444,0.04,0.0286,0.045,0.0365,0.02335,0.014,0.0318,0.015,0.035,0.07,0.035,71.5,0.19,0.635,0.068,0.12,0.0,0.0,0.33,0.3,0.009,0.001213,0.000684,0.000535,0.001926,0.001796,0.005331,0.00214,0.669394,-0.004858,0.01227,-0.00544,0.007491,0.001593,-0.01106,0.004142857142857147,1.168,0.6517,3.22,6
1498,0,0,1,0.32501,0.0,0.5656,0.15,71.00001324013941,0.04,0.0286,0.045,0.0365,0.02335,0.0155,0.0318,0.015,0.0457,0.1022,0.038,73.0,0.2,0.35,0.068,0.12,0.0,0.0,0.33,0.3,0.009,0.002162,0.001062,0.004091,0.003453,0.004613,0.005434,0.00053558,0.57511,-0.005567,0.00879,-0.005584,0.005432,0.001975,-0.009610500000000001,0.007421428571428571,1.418,1.213,2.21,6
1499,1,0,0,0.42,0.05,0.5656,0.045,74.0000202554444,0.04,0.0286,0.045,0.0365,0.02335,0.013,0.0318,0.015,0.0409,0.0504,0.0229,70.0,0.105,0.51,0.068,0.135,0.0,0.0,0.33,0.3,0.009,0.000582,0.00764,0.000827,0.002159,0.004898,0.004357,0.002013,0.685883,-0.007179,0.01407,-0.007827,0.007813,0.000909,-0.008550499999999999,0.002507142857142849,0.8771,0.7849,5.14,6
1500,0,0,1,0.418,0.04756,0.5656,0.06,70.49999297232874,0.04,0.063,0.05,0.0565,0.0325,0.021,0.04,0.015,0.036,0.08,0.035,70.5,0.13,0.4,0.068,0.13,0.0,0.0,0.33,0.3,0.009,0.001283,0.00247,0.000606,0.001865,0.00916,0.00056537,0.00372,0.621807,-0.001633,0.003453,-0.001879,0.001724,0.0005102,-0.0019215,0.0013642857142857157,3.163,3.852,4.24,6
1501,1,0,0,0.447,0.06,0.5656,0.045,73.49999998763374,0.04,0.0286,0.045,0.0365,0.02335,0.013,0.0318,0.015,0.0472,0.054,0.0349,71.5,0.18,0.534,0.068,0.135,0.0,0.0,0.33,0.3,0.009,0.001394,0.001201,0.002266,0.006846,0.003715,0.007154,0.008728,0.680326,0.009405,-0.02155,0.01107,-0.01215,0.0008826,-0.0044150000000000005,0.002114285714285716,0.5018,1.346,7.34,6
1502,1,0,0,0.36,0.045,0.5656,0.045,72.99997971982306,0.04,0.0286,0.045,0.0365,0.02335,0.013,0.0318,0.015,0.0484,0.047,0.0371,74.0,0.15,0.547,0.068,0.135,0.016,0.0,0.33,0.3,0.009,0.000742,0.003602,0.006244,0.001713,0.00091081,0.00297,0.001995,0.640503,-0.003203,0.006174,-0.003538,0.003608,0.0007294,-0.004549,0.002299999999999995,1.42,1.168,5.34,6
1504,1,0,0,0.43,0.055,0.5656,0.045,72.50001674779189,0.04,0.0286,0.045,0.0365,0.02335,0.013,0.0318,0.015,0.0369,0.039,0.0369,72.5,0.2786,0.63,0.068,0.13,0.0,0.0,0.33,0.3,0.009,0.004272,0.000608,0.001363,0.005963,0.00068129,0.008095,0.00937,0.671277,0.007545,-0.0224,0.009051,-0.01439,0.0009905,-0.0056845,0.0023214285714285693,0.5417,1.391,7.1,6
1505,0,0,1,0.406,0.069,0.5656,0.045,73.49999998763374,0.04,0.0375,0.055,0.044,0.0335,0.0115,0.04,0.015,0.0666,0.0456,0.0283,73.0,0.17,0.6256,0.068,0.13,0.016,0.0,0.33,0.3,0.02,0.001642,0.003962,0.000828,0.006688,0.0008503,0.00097849,0.002905,0.671236,0.01626,-0.03366,0.01923,-0.01868,0.0005338,-0.0073475,0.0018357142857142875,0.9585,2.634,3.84,6
1506,1,0,0,0.435,0.075,0.5656,0.045,73.49999998763374,0.04,0.0286,0.045,0.0365,0.02335,0.013,0.0318,0.015,0.0515,0.0486,0.04,72.0,0.12,0.5182,0.068,0.135,0.0,0.0,0.33,0.3,0.009,0.000988,0.000936,0.000783,0.008915,0.002117,0.00061588,0.001422,0.659019,0.02638,-0.05117,0.03147,-0.02544,0.001757,-0.008412,0.004271428571428568,0.2364,0.7002,3.07,6
1507,0,0,1,0.42,0.015,0.5656,0.05,72.29999718151174,0.06,0.0302,0.0583,0.0365,0.02,0.02,0.03,0.015,0.0607,0.052,0.0343,70.0,0.1409,0.457,0.068,0.13,0.02,0.0,0.36,0.3,0.009,0.003401,0.000762,0.003102,0.00093614,0.002155,0.000528,0.005784,0.643029,-0.006142,0.01047,-0.005655,0.005812,0.003107,-0.0045815,0.014049999999999995,1.632,0.7769,3.55,6
1508,1,0,0,0.365,0.04,0.5656,0.05,72.99997971982306,0.04,0.0286,0.045,0.0365,0.02335,0.013,0.0318,0.015,0.0485,0.05,0.0323,74.0,0.1497,0.52,0.068,0.135,0.016,0.0,0.33,0.3,0.009,0.000827,0.004256,0.000639,0.004898,0.00055553,0.004256,0.003967,0.649429,-0.003322,0.00637,-0.003585,0.00373,0.0005128,-0.0047945,0.00187857142857143,1.42,1.006,4.93,6
1509,1,0,0,0.36,0.045,0.5656,0.05,73.49999998763374,0.04,0.0286,0.045,0.0365,0.02335,0.013,0.0318,0.015,0.0484,0.047,0.0371,74.0,0.15,0.547,0.068,0.135,0.016,0.0,0.33,0.3,0.009,0.003288,0.003042,0.002844,0.00547,0.001877,0.005607,0.001247,0.633916,-0.004445,0.008048,-0.00482,0.004698,0.0007477,-0.005870500000000001,0.0025357142857142874,1.221,0.9276,4.8,6
1510,1,0,0,0.37,0.04,0.5656,0.05,75.00000349528622,0.04,0.0277,0.045,0.0365,0.02335,0.013,0.0318,0.015,0.0487,0.035,0.035,74.0,0.0898,0.54,0.068,0.13,0.0,0.0,0.33,0.3,0.009,0.00205,0.000714,0.00413,0.00259,0.00056994,0.00052205,0.008508,0.635804,-0.002446,0.004142,-0.002747,0.002076,0.0008979,-0.0017855,0.0019785714285714276,1.142,1.673,6.19,6
1511,0,0,1,0.4,0.011613,0.5656,0.035,72.1636905220501,0.04,0.0345,0.045,0.0525,0.02625,0.0185,0.03,0.015,0.0709,0.0298,0.0288,71.16368,0.115,0.3198,0.068,0.135,0.0,0.0,0.33,0.3,0.009,0.002665,0.000518,0.00129,0.005636,0.002859,0.008589,0.00077092,0.649232,-0.008837,0.01413,-0.009022,0.007006,0.002222,-0.007206499999999999,0.005578571428571425,2.169,2.115,1.91,6
1512,0,0,1,0.355,-0.0,0.5656,0.035,72.99997971982306,0.04,0.0375,0.043,0.06,0.031,0.0175,0.033,0.015,0.0737,0.0321,0.0396,73.0,0.118,0.2921,0.068,0.135,0.0,0.0,0.33,0.3,0.009,0.000768,0.000998,0.000734,0.00060782,0.00483,0.002613,0.007989,0.606439,-0.0009836,0.00217,-0.001182,0.0008075,0.0004429,-0.00069745,0.0014192857142857143,4.891,3.555,4.6,6
1513,1,0,0,0.362,0.05,0.5656,0.045,64.0000159696876,0.04,0.0286,0.045,0.0365,0.02335,0.013,0.0318,0.015,0.0478,0.0399,0.0332,73.5,0.1487,0.5899,0.068,0.13,0.0,0.0,0.33,0.3,0.009,0.004041,0.002586,0.00114,0.00094681,0.0009317,0.003999,0.002968,0.617309,-0.0037,0.00714,-0.00426,0.00405,0.000827,-0.0046,0.0022857142857142855,1.33,0.998,4.42,7
1515,0,0,1,0.325,-0.015,0.5656,0.037,74.0000202554444,0.04,0.0277,0.036,0.032,0.022,0.0175,0.029,0.015,0.0358,0.0307,0.0295,73.0,0.105,0.2057,0.068,0.13,0.0,0.0,0.33,0.3,0.009,0.003468,0.000559,0.001602,0.004182,0.00233,0.006524,0.006011,0.492014,-0.00896,0.0164,-0.0101,0.00793,0.00287,-0.00692,0.00614285714285714,1.73,1.96,2.91,7
1516,1,0,0,0.425,0.066,0.5656,0.045,72.50001674779189,0.04,0.0254,0.0317,0.0365,0.0196,0.013,0.0286,0.015,0.0394,0.0436,0.0335,72.0,0.1206,0.5976,0.068,0.13,0.0,0.018,0.33,0.36,0.009,0.001279,0.001124,0.006897,0.00073352,0.004552,0.006244,0.005117,0.664496,0.0123,-0.0242,0.0148,-0.0123,0.00168,-0.00421,0.0044285714285714275,0.447,0.707,6.08,7
1517,1,0,0,0.386,0.051,0.5656,0.045,75.00000349528622,0.04,0.0302,0.042,0.037,0.02335,0.013,0.0318,0.015,0.035,0.0361,0.0305,75.0,0.1709,0.5661,0.068,0.13,0.0,0.0,0.33,0.3,0.009,0.001658,0.001481,0.00173,0.004058,0.002811,0.001434,0.00062862,0.644873,-0.00589,0.0123,-0.00646,0.00752,0.00139,-0.0108,0.004285714285714284,0.952,0.654,3.4,7
1518,1,0,0,0.381,0.051,0.5656,0.045,77.00002727074938,0.04,0.0286,0.043,0.04,0.02335,0.013,0.0318,0.015,0.0421,0.0293,0.0364,77.0,0.0777,0.6843,0.068,0.13,0.0,0.0,0.33,0.3,0.009,0.008722,0.002228,0.001702,0.00097207,0.003083,0.004894,0.002807,0.662958,-0.00417,0.00733,-0.00464,0.00388,0.000946,-0.0036,0.002142857142857142,1.45,1.38,5.13,7
1519,1,0,0,0.465,0.08,0.5656,0.035,68.99998946467623,0.04,0.0286,0.035,0.0365,0.02335,0.013,0.0318,0.015,0.0423,0.0509,0.0316,65.0,0.245,0.4069,0.058,0.13,0.0,0.0,0.33,0.3,0.009,0.002194,0.001435,0.003209,0.002207,0.00087811,0.001097,0.009336,0.674862,0.00718,-0.0184,0.00883,-0.0119,0.000968,-0.004745,0.0019285714285714242,0.331,0.79,7.24,7
1520,1,0,0,0.405,0.05,0.5656,0.045,78.99999375043305,0.04,0.0286,0.045,0.0365,0.02335,0.013,0.0318,0.015,0.0464,0.0502,0.0339,73.5,0.1753,0.5162,0.068,0.13,0.0,0.0,0.33,0.3,0.009,0.002301,0.000806,0.001813,0.002208,0.005673,0.006722,0.005166,0.670758,-0.00261,0.00606,-0.00295,0.00367,0.00113,-0.005145,0.0026428571428571404,1.32,0.96,5.83,7
1521,0,0,1,0.405,0.07,0.5656,0.045,74.0000202554444,0.04,0.0327,0.045,0.0365,0.04,0.022,0.055,0.015,0.037,0.0097,0.0262,73.0,0.1071,0.5797,0.068,0.12,0.0,0.0,0.33,0.3,0.015,0.004133,0.009599,0.000636,0.004539,0.003428,0.00265,0.002223,0.661654,0.0379,-0.0699,0.0445,-0.0364,0.000388,-0.0127,0.0014285714285714323,0.228,0.572,6.04,7
1522,1,0,0,0.405,0.07,0.5656,0.095,72.99997971982306,0.04,0.0286,0.045,0.0365,0.02335,0.013,0.0318,0.015,0.0491,0.0468,0.0386,72.0,0.145,0.6228,0.068,0.13,0.0,0.0,0.33,0.3,0.009,0.002207,0.00075,0.001037,0.006747,0.004338,0.009281,0.001078,0.647512,0.0272,-0.0527,0.0323,-0.028,0.0018,-0.009770000000000001,0.004714285714285707,0.229,0.647,3.55,7
1523,0,0,1,0.385,0.054743,0.5656,0.11,75.46134911192556,0.04,0.0286,0.05,0.0365,0.02335,0.013,0.0318,0.015,0.0497,0.0458,0.0376,74.96135,0.15,0.58,0.068,0.13,0.0,0.0,0.33,0.3,0.009,0.000511,0.002218,0.000914,0.001976,0.0024,0.00057244,0.00605,0.683431,0.0245,-0.0499,0.0288,-0.0279,0.00149,-0.0104,0.004285714285714284,0.727,1.89,3.06,7
1524,1,0,0,0.425,0.065,0.5656,0.045,72.99997971982306,0.04,0.0286,0.045,0.0365,0.02335,0.013,0.0318,0.015,0.0526,0.0487,0.0345,72.0,0.105,0.4937,0.068,0.13,0.0,0.0,0.33,0.3,0.009,0.000761,0.004173,0.00172,0.001677,0.003924,0.003312,0.007469,0.635824,0.00928,-0.0162,0.0111,-0.00718,0.000742,-0.0023150000000000002,0.0017857142857142841,0.507,1.57,6.58,7
1525,1,0,0,0.405,0.07,0.5656,0.045,74.0000202554444,0.04,0.0427,0.045,0.0365,0.05,0.013,0.0318,0.015,0.0374,0.0435,0.0286,73.0,0.1,0.6435,0.08,0.13,0.0,0.0,0.33,0.3,0.009,0.007117,0.00088,0.000862,0.001038,0.00167,0.004988,0.006567,0.662266,0.00942,-0.0172,0.0112,-0.00864,0.000355,-0.003,0.001571428571428569,0.467,0.797,7.97,7
1526,1,0,0,0.38,0.01,0.5656,0.045,74.0000202554444,0.04,0.03005,0.045,0.0365,0.02335,0.013,0.04,0.015,0.0341,0.0072,0.0311,73.0,0.1,0.5822,0.068,0.13,0.0,0.0,0.33,0.3,0.009,0.001648,0.002553,0.004284,0.00097921,0.001434,0.00059988,0.002264,0.593605,-0.00331,0.00511,-0.00345,0.00241,0.00088,-0.0018650000000000001,0.0025,0.938,1.25,4.54,7
1527,1,0,0,0.405,0.037,0.5656,0.045,74.0000202554444,0.04,0.0286,0.045,0.0365,0.02335,0.013,0.0318,0.015,0.0354,0.0447,0.0293,73.0,0.1,0.6197,0.068,0.13,0.0,0.0,0.33,0.3,0.009,0.003278,0.000867,0.005003,0.001017,0.004609,0.003626,0.002989,0.613328,-0.00339,0.00601,-0.0038,0.00294,0.00142,-0.002345,0.0036428571428571426,1.5,0.891,5.24,7
1528,1,0,0,0.405,0.07,0.5656,0.045,74.0000202554444,0.04,0.0286,0.045,0.0365,0.02485,0.013,0.0318,0.015,0.0365,0.0443,0.0267,73.0,0.1,0.5943,0.068,0.13,0.0,0.0,0.33,0.3,0.009,0.004569,0.002035,0.000962,0.00634,0.0036,0.002041,0.002418,0.661758,0.0182,-0.0331,0.0215,-0.017,0.000864,-0.005795,0.002499999999999997,0.327,0.944,4.87,7
1529,1,0,0,0.6973,0.095,0.5656,0.085,68.99998946467623,0.04,0.0236,0.045,0.0365,0.02035,0.013,0.0318,0.015,0.0402,0.0468,0.0261,64.5,0.245,0.5128,0.058,0.13,0.0,0.0,0.33,0.3,0.009,0.005636,0.004898,0.00061,0.00059594,0.001352,0.00090815,0.00163,0.635415,0.0241,-0.0744,0.031,-0.0378,0.00302,-0.013049999999999999,0.005000000000000006,0.166,0.457,5.67,7
1530,0,0,1,0.37,0.054,0.5656,0.05,75.00000349528622,0.04,0.0302,0.045,0.044,0.022,0.013,0.0318,0.015,0.057,0.035,0.0326,74.0,0.123,0.59,0.068,0.13,0.0,0.0,0.33,0.3,0.009,0.002931,0.001907,0.007009,0.001047,0.001609,0.00067682,0.002693,0.638909,0.014,-0.0233,0.0166,-0.0117,0.00172,-0.00407,0.003714285714285711,1.22,2.47,3.35,7
1531,1,0,0,0.4,0.07,0.5656,0.045,73.49999998763374,0.04,0.0272,0.045,0.0365,0.016,0.016,0.029,0.015,0.0452,0.0457,0.0363,74.0,0.1805,0.6357,0.068,0.13,0.0,0.0,0.33,0.3,0.009,0.000961,0.000549,0.002696,0.00055941,0.00396,0.001285,0.008815,0.673341,0.00927,-0.0221,0.012,-0.0127,0.00213,-0.00447,0.0062857142857142894,0.472,0.429,6.65,7
1532,0,0,1,0.385,0.058,0.5656,0.12,74.0000202554444,0.04,0.0302,0.045,0.04,0.02335,0.013,0.035,0.015,0.0494,0.0325,0.0413,74.0,0.1714,0.63,0.068,0.13,0.0,0.0,0.33,0.3,0.009,0.004995,0.00649,0.001067,0.001869,0.001571,0.0038,0.005494,0.663133,0.0173,-0.0365,0.0206,-0.0204,0.00103,-0.0076,0.002857142857142852,0.85,1.91,4.16,7
1533,1,0,0,0.425,0.065,0.5656,0.045,74.0000202554444,0.04,0.0286,0.045,0.0365,0.02335,0.013,0.0318,0.015,0.0499,0.0488,0.0355,70.5,0.105,0.4888,0.068,0.13,0.0,0.0,0.33,0.3,0.009,0.000807,0.000843,0.000606,0.002708,0.007091,0.00079497,0.002027,0.642731,0.0217,-0.0382,0.0258,-0.0176,0.00168,-0.005724999999999999,0.003785714285714286,0.279,0.854,3.27,7
1534,1,0,0,0.465,0.1075,0.5656,0.045,69.99997270451806,0.04,0.0286,0.04,0.0365,0.02335,0.013,0.0318,0.015,0.0433,0.052,0.0299,68.5,0.245,0.498,0.068,0.13,0.0,0.0,0.33,0.3,0.009,0.000544,0.001225,0.00149,0.00447,0.007579,0.004347,0.003188,0.688184,0.0116,-0.0336,0.0151,-0.0213,0.00127,-0.008345,0.003357142857142869,0.34,0.854,5.42,7
1535,1,0,0,0.465,0.1075,0.5656,0.045,69.99997270451806,0.04,0.0286,0.04,0.0365,0.02335,0.013,0.0318,0.015,0.0433,0.052,0.0299,68.5,0.245,0.498,0.068,0.13,0.0,0.0,0.33,0.3,0.009,0.001659,0.00742,0.006757,0.006757,0.002302,0.001955,0.001027,0.688184,0.0133,-0.0378,0.0168,-0.0243,0.00108,-0.009535,0.00307142857142857,0.233,0.636,7.38,7
1536,1,0,0,0.965,0.07,0.5656,0.05,62.500012462035116,0.04,0.0286,0.04,0.0365,0.02835,0.013,0.0318,0.015,0.0417,0.0483,0.0383,51.5,0.12,0.5083,0.068,0.13,0.0,0.0,0.33,0.3,0.009,0.007334,0.005285,0.000758,0.001978,0.001102,0.00068981,0.002842,0.537585,0.0144,-0.0357,0.0171,-0.00531,0.00146,-0.0007895,0.002492857142857143,0.334,2.22,9.57,7
1537,1,0,0,0.381,0.0,0.5656,0.06,71.00001324013941,0.04,0.0302,0.045,0.045,0.0275,0.019,0.0318,0.015,0.0442,0.0549,0.0296,70.5,0.115,0.301,0.068,0.135,0.0,0.0,0.33,0.3,0.009,0.001257,0.005025,0.000819,0.005859,0.004616,0.00068129,0.004058,0.609516,-0.00196,0.00301,-0.00194,0.00148,0.00027,-0.001365,0.0009285714285714293,1.75,1.99,6.41,7
1538,1,0,0,0.381,0.0,0.5656,0.06,71.00001324013941,0.04,0.0302,0.045,0.045,0.0275,0.019,0.0318,0.015,0.0442,0.0549,0.0296,70.5,0.115,0.301,0.068,0.135,0.0,0.0,0.33,0.3,0.009,0.005275,0.007682,0.007682,0.002668,0.00367,0.007928,0.001551,0.609516,-0.00243,0.00346,-0.00239,0.0018,0.000359,-0.00173,0.0011428571428571427,1.1,1.38,8.07,7
1539,1,0,0,0.38095,0.07,0.5656,0.055,72.99997971982306,0.04,0.0286,0.045,0.0365,0.02335,0.01,0.0318,0.015,0.044,0.0188,0.0305,73.0,0.1424,0.5788,0.068,0.13,0.016,0.018,0.33,0.368,0.009,0.002011,0.000634,0.000992,0.00051447,0.003701,0.002714,0.009113,0.643998,0.00924,-0.0178,0.0114,-0.00952,0.00129,-0.003275,0.004928571428571429,0.512,0.601,6.08,7
1540,1,0,0,0.381,0.0,0.5656,0.06,71.00001324013941,0.04,0.0302,0.045,0.045,0.0275,0.019,0.0318,0.015,0.0442,0.0549,0.0296,70.5,0.115,0.301,0.068,0.135,0.0,0.0,0.33,0.3,0.009,0.000686,0.003653,0.002512,0.007469,0.007096,0.008915,0.004767,0.609516,-0.00158,0.00247,-0.0016,0.0012,0.000269,-0.00112,0.0008571428571428577,1.45,2.31,6.98,7
1541,0,0,1,0.325,-0.015,0.5656,0.038,74.0000202554444,0.04,0.0277,0.038,0.032,0.02,0.0165,0.029,0.015,0.0362,0.0319,0.0293,73.0,0.11,0.2069,0.068,0.13,0.0,0.0,0.33,0.3,0.009,0.001845,0.000643,0.001492,0.00069031,0.00053755,0.00097065,0.002215,0.492154,-0.0129,0.0191,-0.0128,0.00995,0.00428,-0.008945,0.017928571428571433,1.28,0.88,1.44,7
1542,1,0,0,0.8,0.09,0.5656,0.045,44.99999063801584,0.04,0.0286,0.045,0.0365,0.02335,0.013,0.0318,0.015,0.0433,0.0433,0.0394,60.0,0.145,0.5433,0.068,0.13,0.0,0.0,0.33,0.3,0.009,0.00076,0.001219,0.006973,0.001265,0.001519,0.00052052,0.001648,0.591871,0.0164,-0.0447,0.0209,-0.0138,0.00293,-0.0034850000000000003,0.005071428571428572,0.351,0.958,5.47,7
1543,1,0,0,0.955,0.0605,0.5656,0.055,74.0000202554444,0.04,0.0286,0.04,0.0365,0.02735,0.013,0.0318,0.015,0.0419,0.0536,0.0336,57.1,0.2,0.4286,0.068,0.13,0.0,0.0,0.33,0.3,0.009,0.00556,0.000536,0.000856,0.002332,0.006784,0.008554,0.00086885,0.560944,0.0241,-0.0655,0.0279,-0.0208,0.00431,-0.00527,0.006857142857142856,0.193,0.77,4.98,7
1544,0,0,1,0.4,0.08,0.5656,0.075,105.99999959239844,0.04,0.0286,0.045,0.0365,0.02335,0.013,0.0318,0.015,0.0396,0.0617,0.0326,73.0,0.145,0.5277,0.068,0.13,0.0,0.0,0.33,0.3,0.009,0.000907,0.005611,0.005863,0.002094,0.00084287,0.003473,0.002623,0.969232,0.0443,-0.131,0.0537,-0.0919,0.00183,-0.0383,0.00571428571428568,0.42,1.01,4.06,7
1545,1,0,0,0.405,0.07,0.5656,0.045,74.0000202554444,0.04,0.0286,0.045,0.0365,0.02335,0.013,0.0318,0.015,0.0499,0.049,0.034,73.0,0.145,0.515,0.068,0.13,0.0,0.0,0.33,0.3,0.009,0.001237,0.007896,0.002212,0.001897,0.003051,0.008012,0.003351,0.653639,0.0128,-0.025,0.0154,-0.0133,0.000727,-0.004765,0.0020714285714285735,0.38,1.03,6.22,7
1547,1,0,0,0.405,0.05,0.5656,0.125,74.0000202554444,0.04,0.0286,0.045,0.0365,0.02335,0.013,0.0333,0.015,0.043,0.12,0.025,64.0,0.12,0.43,0.068,0.135,0.0,0.0,0.33,0.3,0.009,0.001452,0.000713,0.002623,0.00068679,0.002033,0.005065,0.004948,0.663219,-0.00281,0.00606,-0.00342,0.00332,0.0015,-0.003635,0.0043571428571428554,1.16,0.739,4.81,7
1548,1,0,0,0.405,0.059852,0.5656,0.125,75.40674623404959,0.04,0.0286,0.045,0.0365,0.02335,0.013,0.0333,0.015,0.043,0.12,0.025,65.40675,0.12,0.43,0.068,0.135,0.0,0.0,0.33,0.3,0.009,0.002004,0.000876,0.003493,0.007431,0.006591,0.003504,0.008232,0.671634,0.00888,-0.0163,0.0103,-0.00876,0.000904,-0.003085,0.0020714285714285704,0.493,1.48,7.32,7
1549,1,0,0,0.422,0.0,0.5656,0.05,69.99997270451806,0.04,0.0286,0.045,0.0365,0.02335,0.013,0.0333,0.015,0.046,0.045,0.03,67.0,0.12,0.36,0.068,0.135,0.0,0.0,0.33,0.3,0.009,0.002523,0.001722,0.000863,0.003207,0.002497,0.00112,0.001026,0.610482,-0.00903,0.0139,-0.00894,0.00687,0.00135,-0.00587,0.0035714285714285683,0.694,0.784,3.05,7
1551,1,0,0,0.40394,0.068,0.5656,0.045,72.99997971982306,0.04,0.0286,0.045,0.0365,0.02335,0.013,0.0318,0.015,0.0471,0.0474,0.036,74.0,0.1372,0.56,0.068,0.13,0.016,0.018,0.33,0.357,0.009,0.000858,0.002746,0.004029,0.001191,0.00095516,0.005062,0.00969,0.661379,0.00794,-0.0156,0.00955,-0.00828,0.000672,-0.00296,0.0017142857142857125,0.53,1.5,8.4,7
1552,1,0,0,0.745,0.073,0.5656,0.045,72.99997971982306,0.04,0.0286,0.045,0.0365,0.02335,0.015,0.0318,0.015,0.0491,0.0467,0.0381,73.0,0.145,0.5827,0.068,0.135,0.0,0.0,0.33,0.3,0.009,0.006322,0.002549,0.004966,0.006586,0.003568,0.002355,0.00112,0.671537,0.0225,-0.0627,0.0269,-0.0252,0.00276,-0.00731,0.004571428571428571,0.277,0.951,7.68,7
1553,0,0,1,0.375,0.0,0.5656,0.039,74.0000202554444,0.04,0.0287,0.04,0.034,0.023,0.018,0.029,0.015,0.0461,0.0347,0.0273,72.5,0.11,0.2897,0.068,0.13,0.0,0.0,0.33,0.3,0.009,0.008353,0.001303,0.004312,0.009173,0.001998,0.001166,0.00118,0.582668,-0.00864,0.0111,-0.00863,0.00513,0.00211,-0.00413,0.006428571428571426,1.7,1.94,2.64,7
1554,1,0,0,0.4,0.07,0.5656,0.046,74.0000202554444,0.0492,0.027,0.0358,0.0365,0.01745,0.01195,0.0286,0.015,0.0405,0.0408,0.034,73.0,0.1166,0.5608,0.068,0.13,0.0,0.0,0.33,0.3,0.009,0.000726,0.002445,0.001423,0.00079265,0.00060031,0.002149,0.00068278,0.640624,0.036,-0.0657,0.0442,-0.0324,0.00327,-0.01115,0.007857142857142858,0.207,0.58,2.27,7
1557,0,0,1,0.395,0.07,0.5656,0.105,75.50002376309689,0.04,0.045,0.05,0.085,0.0225,0.019,0.06,0.015,0.055,0.0555,0.0418,72.5,0.14,0.5705,0.068,0.13,0.0,0.0,0.33,0.3,0.009,0.001177,0.001113,0.002445,0.00097564,0.00061633,0.002233,0.001081,0.661557,0.00587,-0.0126,0.00723,-0.0065,0.00195,-0.0023550000000000003,0.004214285714285713,0.811,0.349,2.74,7
1558,0,0,1,0.4,0.0,0.5656,0.15,72.99997971982306,0.04,0.0292,0.04,0.034,0.026,0.0195,0.03,0.015,0.0526,0.0346,0.0282,72.5,0.106,0.4096,0.068,0.13,0.0,0.0,0.33,0.35,0.009,0.002861,0.001853,0.001537,0.0008878,0.006932,0.0007287,0.00071603,0.603238,-0.0195,0.0283,-0.019,0.0129,0.00244,-0.00985,0.007857142857142858,1.06,1.65,2.11,7
1559,1,0,0,0.42,0.065,0.5656,0.045,72.50001674779189,0.04,0.0361,0.05,0.043,0.02885,0.013,0.0318,0.015,0.0566,0.0446,0.0351,72.0,0.125,0.4606,0.068,0.13,0.0,0.0,0.33,0.35,0.009,0.004328,0.001745,0.000576,0.004155,0.007003,0.00101,0.006683,0.654088,0.00639,-0.0119,0.00757,-0.00581,0.000444,-0.00197,0.0011428571428571442,0.631,1.83,7.53,7
1560,1,0,0,0.39,0.02,0.5656,0.045,74.0000202554444,0.04,0.0286,0.045,0.0365,0.0225,0.0155,0.0318,0.015,0.0401,0.0479,0.0195,70.5,0.11,0.295,0.068,0.13,0.0,0.0,0.33,0.35,0.009,0.001437,0.001361,0.005091,0.00064823,0.001456,0.004005,0.009247,0.609362,-0.0018,0.00316,-0.00201,0.00157,0.000894,-0.0012955000000000002,0.004492857142857142,0.967,0.533,6.37,7
1561,0,0,1,0.405,0.07,0.5656,0.045,74.0000202554444,0.04,0.0286,0.045,0.0365,0.02335,0.013,0.0318,0.015,0.0499,0.0468,0.0384,73.0,0.145,0.5968,0.068,0.13,0.0,0.0,0.33,0.3,0.009,0.000605,0.000573,0.001784,0.008773,0.005159,0.001147,0.001154,0.653639,0.0447,-0.0881,0.0529,-0.0473,0.00385,-0.0165,0.009999999999999988,0.483,1.36,2.0,7
1562,1,0,0,0.405,0.05,0.5656,0.125,74.0000202554444,0.04,0.0286,0.045,0.0365,0.02335,0.013,0.0333,0.015,0.05,0.12,0.025,64.0,0.12,0.43,0.068,0.135,0.0,0.0,0.33,0.3,0.009,0.002015,0.002772,0.002279,0.001522,0.004948,0.00098424,0.003916,0.701603,-0.0039,0.00786,-0.00433,0.00457,0.000925,-0.005690000000000001,0.0022857142857142855,1.09,0.917,5.73,7
1563,1,0,0,0.397,0.07,0.5656,0.045,74.0000202554444,0.04,0.0286,0.045,0.0365,0.02335,0.013,0.0318,0.015,0.052,0.0305,0.0369,74.0,0.17,0.5905,0.068,0.13,0.0,0.0,0.33,0.3,0.009,0.002683,0.008837,0.001026,0.002123,0.003496,0.00066748,0.001523,0.644803,0.0218,-0.0441,0.0261,-0.0244,0.000822,-0.008885,0.002499999999999997,0.247,0.659,5.57,7
1564,1,0,0,0.46,0.042,0.5656,0.02,72.99997971982306,0.04,0.0286,0.045,0.0365,0.02335,0.01275,0.0318,0.015,0.0457,0.0168,0.034,72.0,0.13,0.5468,0.068,0.13,0.016,0.018,0.33,0.35,0.009,0.000774,0.004572,0.003098,0.001244,0.003618,0.00076307,0.004467,0.639837,-0.00369,0.00734,-0.00394,0.00374,0.000838,-0.0033550000000000003,0.0020714285714285704,1.24,1.28,6.62,7
1565,1,0,0,0.43,0.062,0.5656,0.015,76.50000700293872,0.04,0.0286,0.045,0.0365,0.02335,0.0095,0.0318,0.015,0.048,0.0175,0.0332,73.5,0.1,0.5375,0.068,0.13,0.016,0.018,0.33,0.35,0.009,0.000893,0.003385,0.004483,0.00316,0.008709,0.006772,0.0008891,0.659648,0.0199,-0.0357,0.0232,-0.017,0.00127,-0.00564,0.003142857142857138,0.347,1.06,5.16,7
1566,1,0,0,0.43,0.07,0.5656,0.045,72.99997971982306,0.04,0.0286,0.045,0.0365,0.02335,0.0125,0.0318,0.015,0.0512,0.0318,0.0435,73.0,0.147,0.5818,0.068,0.13,0.016,0.018,0.33,0.35,0.009,0.000668,0.00539,0.000525,0.003114,0.007546,0.004981,0.002369,0.659419,0.0205,-0.0424,0.0246,-0.0219,0.000808,-0.00762,0.0024285714285714284,0.28,0.801,5.65,7
1567,1,0,0,0.43,0.067,0.5656,0.045,73.49999998763374,0.04,0.0286,0.045,0.0365,0.02335,0.01275,0.0318,0.015,0.0514,0.0469,0.0538,72.5,0.145,0.5769,0.068,0.13,0.0,0.018,0.33,0.35,0.009,0.001371,0.002074,0.001735,0.001902,0.00059812,0.00085467,0.001973,0.647541,0.0185,-0.0372,0.0221,-0.0186,0.00114,-0.0063750000000000005,0.003071428571428576,0.321,0.935,3.84,7
1568,1,0,0,0.43,0.07,0.5656,0.035,74.49998322747555,0.04,0.0286,0.045,0.0365,0.02335,0.0125,0.0318,0.015,0.0568,0.0371,0.0537,72.5,0.14,0.5621,0.068,0.13,0.016,0.018,0.33,0.35,0.009,0.005159,0.004398,0.00551,0.00057496,0.001622,0.003216,0.002472,0.652407,0.0131,-0.0261,0.0159,-0.0129,0.00103,-0.0043549999999999995,0.003214285714285713,0.464,0.978,6.73,7
1569,1,0,0,0.4,0.07,0.5656,0.04,75.00000349528622,0.04,0.0286,0.045,0.0365,0.02335,0.013,0.0318,0.015,0.0494,0.017,0.0268,74.0,0.145,0.577,0.068,0.13,0.0,0.0,0.33,0.35,0.009,0.002857,0.003188,0.003273,0.001282,0.006644,0.002098,0.00056248,0.658474,0.0251,-0.0485,0.03,-0.0266,0.0014,-0.009655,0.00378571428571428,0.263,0.711,4.93,7
1570,1,0,0,0.405,0.07,0.5656,0.045,74.0000202554444,0.04,0.0286,0.045,0.0365,0.02335,0.013,0.0318,0.015,0.0514,0.0477,0.0364,73.0,0.11,0.5277,0.068,0.13,0.0,0.0,0.33,0.35,0.009,0.008208,0.003045,0.000981,0.00054348,0.001465,0.008476,0.00054827,0.638919,0.0402,-0.0697,0.0484,-0.033,0.00164,-0.01105,0.005000000000000006,0.192,0.546,3.5,7
1571,1,0,0,0.381,0.05005,0.5656,0.045,77.00002727074938,0.04,0.0286,0.045,0.0365,0.02335,0.013,0.0318,0.015,0.043,0.0276,0.035,77.0,0.1083,0.5976,0.068,0.13,0.0,0.0,0.33,0.35,0.009,0.001342,0.0008,0.000581,0.003443,0.003836,0.005778,0.003927,0.650755,-0.00428,0.00794,-0.00475,0.00432,0.00108,-0.00443,0.002714285714285715,1.13,0.987,4.11,7
1572,0,0,1,0.405,0.07,0.5656,0.045,74.0000202554444,0.04,0.0286,0.045,0.0365,0.02335,0.013,0.0318,0.015,0.0499,0.049,0.034,73.0,0.145,0.515,0.068,0.13,0.0,0.0,0.33,0.35,0.009,0.00054,0.002233,0.004213,0.00065156,0.001222,0.001998,0.00072181,0.653639,0.0405,-0.0795,0.0491,-0.0424,0.00328,-0.01525,0.009285714285714291,0.506,1.36,2.04,7
1573,1,0,0,0.432,0.065,0.5656,0.025,73.49999998763374,0.04,0.027,0.036,0.03015,0.0185,0.013,0.0286,0.015,0.0352,0.0139,0.0364,72.0,0.1495,0.5239,0.068,0.13,0.0,0.0,0.33,0.35,0.007,0.000663,0.001884,0.00395,0.008305,0.008987,0.00781,0.003693,0.652848,0.0172,-0.0356,0.0202,-0.0193,0.00169,-0.00681,0.004285714285714284,0.323,0.929,5.34,7
1574,1,0,0,0.405,0.07,0.5656,0.045,74.0000202554444,0.04,0.0286,0.045,0.0365,0.02335,0.013,0.0318,0.015,0.0499,0.0479,0.0362,73.0,0.145,0.5559,0.068,0.13,0.0,0.0,0.33,0.35,0.009,0.006106,0.002633,0.000647,0.00146,0.005123,0.004442,0.00054407,0.653639,0.0484,-0.0943,0.058,-0.0504,0.00156,-0.018000000000000002,0.004285714285714284,0.15,0.424,4.03,7
1575,1,0,0,0.39,0.04,0.5656,0.045,74.49998322747555,0.04,0.0286,0.045,0.0365,0.02485,0.014,0.0318,0.015,0.0574,0.0321,0.0327,74.5,0.1308,0.5521,0.068,0.12,0.0,0.0,0.33,0.35,0.009,0.003264,0.000691,0.004549,0.001119,0.00065778,0.006185,0.002023,0.629545,-0.00392,0.00695,-0.00428,0.00371,0.00149,-0.003615,0.0034999999999999996,1.23,1.25,4.31,7
1576,1,0,0,0.4337,0.087,0.5656,0.08,75.00000349528622,0.04,0.0327,0.055,0.04,0.02985,0.013,0.0318,0.015,0.04,0.0422,0.0339,75.0,0.0984,0.56,0.068,0.13,0.016,0.0,0.33,0.35,0.009,0.001959,0.005382,0.002722,0.004767,0.004005,0.001025,0.009634,0.658283,0.00563,-0.0109,0.00697,-0.00525,0.000336,-0.001755,0.0009285714285714278,0.647,1.91,10.34,7
1577,0,0,1,0.41145,0.07,0.5656,0.045,74.49998322747555,0.05,0.0286,0.045,0.0365,0.02335,0.013,0.0318,0.015,0.0518,0.0289,0.0365,72.5,0.1204,0.515,0.068,0.13,0.0,0.0,0.33,0.35,0.009,0.000573,0.000663,0.001302,0.002228,0.00092762,0.003188,0.003647,0.652925,0.0273,-0.0509,0.0334,-0.0247,0.00293,-0.008465,0.006214285714285709,0.73,2.1,2.0,7
1578,0,0,1,0.4,0.07,0.5656,0.055,74.0000202554444,0.02,0.0346,0.045,0.0365,0.02335,0.0145,0.0318,0.015,0.0588,0.0588,0.036,74.5,0.125,0.5248,0.06,0.135,0.0,0.0,0.33,0.35,0.009,0.000594,0.001176,0.004052,0.005359,0.001534,0.00072128,0.003522,0.680537,0.0188,-0.0362,0.022,-0.0197,0.00226,-0.00692,0.004571428571428571,1.07,2.87,2.92,7
1579,1,0,0,0.37,0.0505,0.5656,0.05,78.99999375043305,0.03,0.0286,0.042,0.033,0.021,0.013,0.029,0.015,0.0442,0.02,0.035,79.0,0.1254,0.66,0.03,0.12,0.0,0.0,0.33,0.35,0.009,0.006722,0.004354,0.003696,0.00061768,0.005296,0.00095376,0.00060075,0.647023,-0.00703,0.0125,-0.00764,0.00714,0.00154,-0.008570000000000001,0.0020000000000000052,0.687,0.32,5.11,7
1580,1,0,0,0.457,0.07,0.5656,0.045,74.0000202554444,0.04,0.0286,0.045,0.0365,0.02335,0.013,0.0318,0.015,0.0501,0.049,0.034,73.0,0.145,0.515,0.068,0.135,0.0,0.0,0.33,0.35,0.009,0.008837,0.001106,0.00167,0.00056166,0.007086,0.001122,0.007781,0.651833,0.00988,-0.0208,0.0122,-0.0103,0.00141,-0.003425,0.0043571428571428554,0.465,0.627,6.97,7
1581,1,0,0,0.382,0.05005,0.5656,0.045,76.50000700293872,0.04,0.0277,0.038,0.033,0.02125,0.01275,0.03,0.015,0.04,0.025,0.0308,76.5,0.181,0.595,0.068,0.12,0.0,0.0,0.33,0.35,0.009,0.000549,0.002271,0.003811,0.007861,0.003745,0.001641,0.008595,0.646229,-0.0023,0.00526,-0.00259,0.00313,0.000704,-0.004515,0.00235714285714286,0.998,1.23,6.9,7
1582,1,0,0,0.381,0.0,0.5656,0.06,71.00001324013941,0.04,0.0302,0.045,0.045,0.0275,0.019,0.0318,0.015,0.0442,0.0549,0.0296,70.5,0.115,0.301,0.068,0.135,0.0,0.0,0.33,0.3,0.009,0.001442,0.001442,0.000749,0.002528,0.002413,0.00916,0.00050885,0.609516,-0.00796,0.0114,-0.00781,0.00587,0.000892,-0.005615,0.0027857142857142833,0.694,0.654,2.71,7
1583,1,0,0,0.388,0.0505,0.5656,0.045,74.0000202554444,0.04,0.0277,0.036,0.033,0.0195,0.0125,0.028,0.015,0.0389,0.0293,0.035,76.5,0.0903,0.6693,0.068,0.13,0.0,0.0,0.33,0.35,0.009,0.004005,0.002899,0.001753,0.008036,0.004354,0.00097921,0.001687,0.664205,-0.00836,0.0148,-0.0092,0.00795,0.00139,-0.008150000000000001,0.0039999999999999975,0.772,0.696,4.58,7
1584,1,0,0,0.343,-0.0453,0.5656,0.04,71.00001324013941,0.04,0.0302,0.045,0.0355,0.02935,0.019,0.03,0.015,0.032,0.0315,0.0277,74.25,0.11,0.2215,0.068,0.11,0.0,0.0,0.33,0.3,0.0112,0.000602,0.004739,0.008024,0.00057077,0.007816,0.009934,0.00056166,0.514033,-0.00298,0.00289,-0.00266,0.000798,0.000426,-0.000301,0.0026428571428571425,0.298,0.857,5.11,7
1585,1,0,0,0.38,0.05005,0.5656,0.045,77.00002727074938,0.04,0.0282,0.037,0.03,0.02335,0.013,0.029,0.015,0.0338,0.0296,0.0383,77.0,0.0947,0.6296,0.068,0.12,0.0,0.0,0.33,0.35,0.009,0.002267,0.000904,0.001099,0.003455,0.001086,0.001381,0.0009664,0.628579,-0.0123,0.0204,-0.0134,0.0107,0.00207,-0.009915,0.005499999999999999,0.59,0.587,2.71,7
1586,1,0,0,0.382,0.05005,0.5656,0.045,75.99998673512805,0.04,0.0272,0.034,0.029,0.0195,0.0115,0.028,0.015,0.0376,0.0265,0.0288,77.0,0.168,0.5865,0.068,0.12,0.0,0.0,0.33,0.35,0.009,0.005757,0.00091,0.000577,0.00063416,0.00060251,0.004536,0.00102,0.640092,-0.0139,0.0289,-0.0153,0.0178,0.00372,-0.024399999999999998,0.010000000000000012,0.09,0.0564,2.41,7
1587,0,0,1,0.385,0.046,0.5656,0.045,75.00000349528622,0.04,0.0286,0.045,0.0365,0.025,0.014,0.0318,0.015,0.0342,0.0568,0.034,75.0,0.13,0.5968,0.068,0.12,0.0,0.0,0.33,0.35,0.009,0.000658,0.005304,0.009662,0.001466,0.002844,0.003879,0.0006665,0.612811,-0.00879,0.0159,-0.00959,0.00854,0.00167,-0.00878,0.004999999999999994,2.29,2.03,3.27,7
1588,1,0,0,0.33,-0.0453,0.5656,0.04,71.00001324013941,0.04,0.0302,0.045,0.0355,0.02335,0.019,0.026,0.015,0.0408,0.0318,0.0274,74.25,0.114,0.2218,0.068,0.11,0.0,0.0,0.33,0.3,0.0112,0.002756,0.001078,0.002677,0.008427,0.00058643,0.003682,0.004992,0.508413,-0.00156,0.00138,-0.00143,0.000372,0.000448,-0.000116,0.0013428571428571428,1.54,3.76,4.24,7
1589,1,0,0,0.42,0.07,0.5656,0.045,74.19998252594506,0.04,0.027,0.0317,0.0365,0.02335,0.013,0.0286,0.015,0.0366,0.0468,0.0273,71.0,0.1145,0.5168,0.068,0.13,0.0,0.0,0.33,0.3,0.009,0.004223,0.000991,0.000803,0.00087779,0.00087012,0.001263,0.00093751,0.631192,0.0343,-0.0617,0.0412,-0.03,0.00237,-0.010190000000000001,0.005857142857142853,0.199,0.589,2.74,7
1590,1,0,0,0.455,0.078,0.5656,0.045,71.49997621217057,0.04,0.0286,0.045,0.0365,0.02335,0.013,0.0318,0.015,0.0468,0.0148,0.046,72.0,0.2397,0.6,0.068,0.13,0.0,0.0,0.33,0.35,0.009,0.001622,0.000514,0.00759,0.009166,0.008214,0.008262,0.00085842,0.689351,0.0171,-0.0476,0.0207,-0.0295,0.00254,-0.01125,0.006428571428571426,0.224,0.599,6.77,7
1591,1,0,0,0.43,0.075,0.5656,0.045,72.50001674779189,0.04,0.0286,0.045,0.0365,0.02335,0.013,0.0318,0.015,0.047,0.0383,0.057,72.5,0.2573,0.6109,0.068,0.13,0.0,0.0,0.33,0.35,0.009,0.001189,0.000617,0.001898,0.00098568,0.004619,0.00089759,0.00773,0.68814,0.00905,-0.0272,0.0116,-0.017,0.00148,-0.006670000000000001,0.0025714285714285717,0.331,0.742,6.96,7
1592,1,0,0,0.405,0.07,0.5656,0.045,74.0000202554444,0.04,0.0286,0.045,0.0365,0.02335,0.013,0.0318,0.015,0.0479,0.0457,0.0413,73.0,0.12,0.6057,0.068,0.13,0.0,0.0,0.33,0.35,0.009,0.001801,0.008439,0.001759,0.001027,0.001759,0.003388,0.00178,0.652772,0.0199,-0.0372,0.0241,-0.0186,0.000956,-0.00643,0.0025714285714285717,0.317,0.912,5.36,7
1593,1,0,0,0.39,0.043,0.5656,0.03,75.00000349528622,0.04,0.0254,0.0318,0.0365,0.0216,0.0125,0.0286,0.015,0.0317,0.0203,0.0265,72.0,0.1199,0.5003,0.068,0.13,0.0,0.0,0.33,0.3,0.009,0.007458,0.00342,0.001196,0.002775,0.003069,0.001548,0.00079905,0.57675,-0.00854,0.0131,-0.00911,0.00659,0.00126,-0.00545,0.0035714285714285744,0.672,0.75,3.59,7
1594,1,0,0,0.373,0.05005,0.5656,0.045,79.99997699027486,0.04,0.02695,0.034,0.029,0.018,0.01225,0.028,0.015,0.0388,0.027,0.0258,79.0,0.1698,0.587,0.068,0.13,0.0,0.0,0.33,0.35,0.009,0.000516,0.001631,0.000717,0.003862,0.00057412,0.002324,0.00082518,0.667183,-0.0128,0.027,-0.0139,0.0171,0.00258,-0.0266,0.008571428571428568,0.556,0.341,2.02,7
1595,1,0,0,0.405,0.07,0.5656,0.045,74.0000202554444,0.04,0.0286,0.045,0.0365,0.02335,0.013,0.0318,0.015,0.0498,0.0296,0.0333,73.0,0.1606,0.4956,0.068,0.13,0.0,0.0,0.33,0.35,0.009,0.001883,0.003862,0.000573,0.00058772,0.001864,0.004952,0.00069742,0.653774,0.0438,-0.0875,0.0527,-0.0488,0.00142,-0.0179,0.004285714285714284,0.164,0.411,3.37,7
1596,1,0,0,0.415,0.07,0.5656,0.02,74.0000202554444,0.04,0.02855,0.037,0.0365,0.02335,0.013,0.028,0.015,0.0406,0.023,0.0525,72.5,0.1316,0.543,0.068,0.13,0.0,0.0,0.33,0.35,0.007,0.001054,0.000694,0.001646,0.00718,0.002989,0.00082037,0.008083,0.633046,0.009,-0.0176,0.0109,-0.00869,0.000991,-0.002905,0.0020714285714285735,0.482,1.4,5.82,7
1597,0,0,1,0.388,0.05,0.5656,0.17,75.99998673512805,0.04,0.04,0.035,0.045,0.02335,0.014,0.035,0.015,0.0485,0.0415,0.0385,75.0,0.1733,0.6015,0.068,0.12,0.0,0.0,0.33,0.35,0.009,0.001564,0.001685,0.001922,0.00093991,0.0008622,0.0006105,0.005607,0.63494,-0.00186,0.00557,-0.00241,0.00281,0.0013,-0.0036,0.002857142857142858,3.13,2.7,3.53,7
1598,1,0,0,0.40141,0.072,0.5656,0.16,74.49998322747555,0.04,0.0254,0.036,0.0286,0.01725,0.0123,0.0286,0.015,0.0412,0.1446,0.03,71.0,0.0953,0.5906,0.068,0.13,0.0,0.0,0.33,0.35,0.009,0.001098,0.006429,0.001796,0.00069183,0.001242,0.001171,0.004715,0.625391,0.0209,-0.0347,0.0253,-0.0157,0.00219,-0.0049700000000000005,0.007571428571428566,0.3,0.389,4.4,7
1599,0,0,1,0.325,-0.015,0.5656,0.037,74.0000202554444,0.04,0.0287,0.038,0.033,0.022,0.0175,0.029,0.015,0.0373,0.0316,0.0305,73.0,0.11,0.2116,0.068,0.13,0.0,0.0,0.33,0.35,0.009,0.000612,0.00106,0.000791,0.009295,0.00789,0.0009055,0.002178,0.492543,0.0433,-0.0712,0.0511,-0.0332,0.00311,-0.01047,0.007571428571428572,0.496,1.52,2.01,7
1600,1,0,0,0.405,0.07,0.5656,0.042,74.0000202554444,0.04,0.0325,0.045,0.04745,0.02135,0.013,0.036,0.015,0.09,0.04,0.039,73.0,0.12,0.48,0.068,0.13,0.0,0.0,0.33,0.35,0.009,0.000764,0.002269,0.002834,0.002153,0.005753,0.003398,0.004883,0.674287,0.00547,-0.00988,0.00669,-0.00457,0.00067,-0.001515,0.0012142857142857142,0.739,2.21,6.68,7
1601,1,0,0,0.415,0.082,0.5656,0.045,69.99997270451806,0.04,0.0302,0.04,0.0365,0.02335,0.013,0.0318,0.015,0.0469,0.0178,0.0343,73.0,0.1311,0.57,0.068,0.13,0.0,0.0,0.33,0.35,0.009,0.006968,0.006591,0.001846,0.001292,0.006401,0.003566,0.001431,0.63202,0.0188,-0.0352,0.0231,-0.0175,0.00102,-0.006025,0.0026428571428571464,0.322,0.928,5.88,7
1602,1,0,0,0.405,0.07,0.5656,0.045,74.0000202554444,0.04,0.0286,0.045,0.0365,0.02335,0.013,0.0318,0.015,0.0499,0.049,0.034,73.0,0.145,0.515,0.068,0.13,0.0,0.0,0.33,0.35,0.009,0.004463,0.002512,0.003653,0.001148,0.002308,0.00064823,0.003278,0.653639,0.0118,-0.0231,0.0143,-0.0124,0.000997,-0.00443,0.0024285714285714284,0.4,1.07,5.73,7
1603,1,0,0,0.441826,0.055,0.5656,0.04,68.99998946467623,0.0492,0.0254,0.0318,0.0365,0.02065,0.0145,0.0254,0.015,0.0337,0.04,0.0303,69.0,0.1463,0.53,0.068,0.13,0.0,0.0,0.33,0.3,0.009,0.00342,0.002687,0.006313,0.007624,0.007861,0.001919,0.002328,0.636946,0.0146,-0.0286,0.017,-0.0148,0.00116,-0.005084999999999999,0.003214285714285713,0.364,1.08,6.44,7
1604,1,0,0,0.425,0.07,0.5656,0.045,74.0000202554444,0.04,0.0286,0.045,0.0365,0.02335,0.013,0.0318,0.015,0.0489,0.0492,0.0341,72.0,0.18,0.4892,0.068,0.13,0.0,0.018,0.33,0.35,0.009,0.003775,0.004827,0.002153,0.002834,0.00186,0.0033,0.002269,0.651891,0.0124,-0.0264,0.0148,-0.015,0.000743,-0.0055,0.0019999999999999987,0.405,1.1,6.77,7
1605,1,0,0,0.425,0.07,0.5656,0.045,74.0000202554444,0.04,0.0286,0.045,0.0365,0.02335,0.013,0.0318,0.015,0.0489,0.0492,0.0341,72.0,0.16,0.4692,0.068,0.13,0.0,0.018,0.33,0.35,0.009,0.006529,0.002742,0.00768,0.00054627,0.00081917,0.00058003,0.00447,0.651891,0.008,-0.0162,0.00961,-0.00883,0.000886,-0.003115,0.003214285714285713,0.281,0.625,8.2,7
1606,1,0,0,0.405,0.057,0.5656,0.045,74.30002095697489,0.04,0.027,0.0317,0.0365,0.02335,0.013,0.0286,0.015,0.0393,0.0208,0.036,70.0,0.0965,0.5008,0.068,0.13,0.0,0.0,0.33,0.35,0.009,0.00564,0.001245,0.006713,0.00068629,0.008166,0.001578,0.003435,0.61802,0.0104,-0.0166,0.0122,-0.00733,0.00136,-0.00225,0.004571428571428569,0.342,0.589,5.63,7
1607,0,0,1,0.405,0.07,0.5656,0.073,74.0000202554444,0.04,0.03,0.045,0.0425,0.02335,0.013,0.0318,0.015,0.055,0.055,0.045,73.0,0.1254,0.521,0.068,0.13,0.0,0.0,0.33,0.35,0.009,0.004586,0.004164,0.000761,0.00064587,0.00088845,0.007925,0.00062541,0.654471,0.0637,-0.118,0.0771,-0.0594,0.00251,-0.02055,0.006428571428571439,0.376,0.882,2.15,7
1608,1,0,0,0.386487,0.05,0.5656,0.03,73.49999998763374,0.0381,0.0286,0.036,0.0365,0.02125,0.0125,0.0318,0.015,0.0369,0.0219,0.0267,74.0,0.1845,0.6019,0.068,0.12,0.016,0.022,0.330588,0.351487,0.009,0.004941,0.000751,0.001242,0.001,0.001124,0.001904,0.00235,0.658926,-0.00407,0.00923,-0.00448,0.00583,0.00156,-0.0089,0.0038571428571428485,1.07,0.635,4.32,7
1609,1,0,0,0.405,0.07,0.5656,0.06,74.0000202554444,0.04,0.0286,0.045,0.0365,0.02135,0.013,0.036,0.015,0.0499,0.0462,0.0385,73.0,0.13,0.5832,0.068,0.13,0.0,0.0,0.33,0.35,0.009,0.003688,0.001054,0.007101,0.00056372,0.001438,0.005653,0.00354,0.653639,0.0105,-0.0202,0.0128,-0.0103,0.00169,-0.003495,0.004642857142857142,0.484,0.759,5.93,7
1610,1,0,0,0.485,0.07,0.5656,0.045,71.00001324013941,0.04,0.0277,0.045,0.0365,0.02335,0.013,0.03,0.015,0.0463,0.0455,0.0386,71.0,0.1376,0.59,0.068,0.13,0.016,0.0,0.33,0.35,0.009,0.003341,0.001891,0.001143,0.002008,0.004809,0.00070151,0.003465,0.646703,0.0156,-0.0327,0.0188,-0.0154,0.00127,-0.005105,0.0027857142857142833,0.336,1.01,5.5,7
1611,0,0,1,0.445,0.06,0.5656,0.045,74.0000202554444,0.04,0.0286,0.045,0.0365,0.02335,0.013,0.0318,0.015,0.0487,0.049,0.0339,73.0,0.1349,0.533,0.068,0.135,0.0,0.0,0.33,0.35,0.009,0.002053,0.007469,0.001019,0.003435,0.007361,0.003302,0.001872,0.705509,0.0504,-0.107,0.0587,-0.0579,0.00188,-0.0207,0.005714285714285729,0.458,1.28,3.51,7
1612,0,0,1,0.445,0.06,0.5656,0.045,72.99997971982306,0.04,0.0286,0.045,0.0365,0.02335,0.013,0.0318,0.015,0.0466,0.0486,0.0353,70.5,0.1362,0.533,0.068,0.13,0.0,0.0,0.33,0.35,0.009,0.004582,0.00488,0.001682,0.00081558,0.00162,0.00072658,0.001282,0.697956,0.0578,-0.122,0.0683,-0.0659,0.00274,-0.023649999999999997,0.006428571428571439,0.434,1.18,2.88,7
1613,0,0,1,0.405,0.07,0.5656,0.045,74.0000202554444,0.04,0.0286,0.045,0.0365,0.02335,0.013,0.0318,0.015,0.0499,0.049,0.034,73.0,0.145,0.515,0.068,0.13,0.0,0.0,0.33,0.35,0.009,0.00135,0.001284,0.003758,0.00052626,0.00078572,0.001762,0.00057286,0.653639,0.045,-0.0881,0.0546,-0.0472,0.00451,-0.016800000000000002,0.012857142857142852,0.549,1.17,1.8,7
1614,0,0,1,0.445,0.06,0.5656,0.045,72.99997971982306,0.04,0.035,0.045,0.03745,0.02335,0.013,0.0318,0.015,0.0449,0.0508,0.0271,70.5,0.1065,0.445,0.068,0.13,0.0,0.0,0.33,0.35,0.009,0.000671,0.004127,0.000959,0.007651,0.001572,0.005694,0.001303,0.676571,0.0431,-0.0814,0.0495,-0.0411,0.0021,-0.0138,0.005714285714285716,0.529,1.56,2.33,7
1615,1,0,0,0.395,0.06,0.5656,0.035,74.49998322747555,0.04,0.0267,0.032,0.0365,0.02335,0.013,0.028,0.015,0.0316,0.0176,0.0262,74.0,0.17,0.5876,0.068,0.13,0.0,0.0,0.33,0.3,0.009,0.002402,0.002438,0.002914,0.00094198,0.001119,0.001229,0.00076979,0.646579,0.0265,-0.0547,0.0312,-0.0319,0.00145,-0.012,0.004285714285714284,0.221,0.533,3.76,7
1616,1,0,0,1.0,0.1705,0.5656,0.055,79.99997699027486,0.04,0.0252,0.045,0.0365,0.02335,0.013,0.0318,0.015,0.049,0.0566,0.0366,59.0,0.2,0.48,0.068,0.13,0.0,0.0,0.33,0.35,0.009,0.001408,0.000882,0.006299,0.004331,0.001283,0.00090286,0.005941,0.67896,0.00948,-0.0425,0.0146,-0.016,0.00234,-0.004529999999999999,0.002857142857142858,0.257,0.921,7.17,7
1617,0,0,1,0.405,0.067,0.5656,0.045,73.29998042135355,0.04,0.0286,0.045,0.0365,0.02335,0.013,0.0318,0.015,0.0358,0.0134,0.0361,73.0,0.14,0.4934,0.068,0.13,0.0,0.0,0.33,0.35,0.009,0.005711,0.002495,0.004338,0.002039,0.0007176,0.002789,0.00062358,0.642476,0.0386,-0.0731,0.0455,-0.0398,0.00276,-0.01435,0.007857142857142858,0.495,1.43,2.46,7
1618,1,0,0,0.42,0.07,0.5656,0.245,74.0000202554444,0.045,0.0297,0.038,0.034,0.02335,0.013,0.034,0.015,0.0508,0.0467,0.0387,73.0,0.19,0.6767,0.045,0.13,0.0,0.0,0.33,0.35,0.009,0.001876,0.002859,0.002927,0.00764,0.00054268,0.008792,0.00056869,0.644727,0.0237,-0.0523,0.0282,-0.0292,0.00142,-0.01075,0.002142857142857142,0.218,0.686,4.2,7
1619,0,0,1,0.405,0.07,0.5656,0.045,74.0000202554444,0.04,0.0286,0.045,0.0365,0.02335,0.013,0.0318,0.015,0.0499,0.049,0.034,73.0,0.145,0.515,0.068,0.13,0.0,0.0,0.33,0.35,0.009,0.006557,0.006664,0.000893,0.006831,0.00054947,0.005289,0.008202,0.653639,0.018,-0.0351,0.0214,-0.0188,0.000981,-0.006625,0.00307142857142857,0.86,2.4,4.47,7
1620,1,0,0,0.405,0.07,0.5656,0.045,74.0000202554444,0.042,0.0286,0.04,0.0365,0.02335,0.013,0.031,0.015,0.0515,0.0482,0.0352,73.0,0.11,0.5142,0.068,0.13,0.0,0.0,0.33,0.35,0.009,0.006601,0.000766,0.001015,0.002842,0.00084164,0.00065061,0.00355,0.655233,0.015,-0.0269,0.018,-0.0132,0.00133,-0.004465,0.0029285714285714266,0.341,0.999,4.28,7
1621,1,0,0,0.44,0.047,0.5656,0.145,73.49999998763374,0.04,0.0286,0.055,0.0365,0.031,0.013,0.0318,0.015,0.0494,0.135,0.0314,68.5,0.1,0.501,0.068,0.135,0.0,0.0,0.33,0.35,0.009,0.000912,0.007864,0.001209,0.00053071,0.004975,0.001248,0.004445,0.696181,-0.00496,0.0101,-0.00546,0.00538,0.00052,-0.00536,0.0017142857142857125,1.06,1.1,8.22,7
1622,1,0,0,0.415,0.075,0.5656,0.045,73.25001850161814,0.04,0.027,0.036,0.03505,0.0185,0.013,0.0286,0.015,0.0356,0.0185,0.0246,73.0,0.125,0.5185,0.068,0.13,0.0,0.0,0.33,0.3,0.009,0.000617,0.001265,0.00493,0.001639,0.00094129,0.002123,0.002373,0.643564,0.0146,-0.0279,0.0178,-0.0144,0.00207,-0.005105,0.004357142857142859,0.387,1.02,3.82,7
1624,0,0,1,0.405,0.068,0.5656,0.035,72.50001674779189,0.04,0.0286,0.045,0.0365,0.02335,0.015,0.0318,0.015,0.0549,0.0285,0.0295,73.0,0.185,0.52,0.068,0.13,0.0,0.0,0.33,0.35,0.0112,0.000752,0.00984,0.000748,0.001736,0.003126,0.00609,0.006688,0.662567,0.0211,-0.0452,0.0254,-0.0261,0.00125,-0.009770000000000001,0.0032857142857142876,0.477,1.2,4.15,7
1625,1,0,0,0.385,0.04,0.5656,0.1,74.0000202554444,0.04,0.0286,0.045,0.0365,0.02335,0.013,0.0318,0.015,0.045,0.025,0.03,74.0,0.1147,0.53,0.068,0.12,0.016,0.0,0.33,0.3,0.009,0.000505,0.000926,0.002045,0.002045,0.003682,0.002226,0.008256,0.614324,-0.00238,0.00459,-0.00268,0.00218,0.000855,-0.0019249999999999998,0.0020714285714285704,1.12,1.71,5.7,7
1626,1,0,0,0.38,-0.116644,0.5656,0.045,53.12407380673479,0.04,0.0286,0.0365,0.0365,0.02335,0.013,0.0286,0.015,0.05,0.03,0.0251,51.12406,0.11,0.31,0.073,0.13,0.0,0.0,0.33,0.35,0.009,0.002687,0.000576,0.004197,0.001331,0.001172,0.004424,0.006703,0.386829,-0.00226,0.00432,-0.00257,0.00211,0.00112,-0.001895,0.0029285714285714266,1.12,1.39,5.61,7
1628,1,0,0,0.431114,0.068,0.5656,0.065,72.99997971982306,0.04,0.0286,0.045,0.0365,0.02335,0.013,0.0318,0.015,0.0505,0.0499,0.0285,71.5,0.1213,0.4899,0.083,0.15,0.0,0.0,0.33,0.35,0.009,0.009251,0.002072,0.004381,0.004679,0.00936,0.00956,0.005751,0.740129,0.013,-0.0279,0.0154,-0.0157,0.000882,-0.00573,0.002714285714285715,0.446,1.27,8.3,7
1629,0,0,1,0.4261,0.077,0.5656,0.065,73.49999998763374,0.04,0.039,0.06,0.0475,0.026,0.015,0.038,0.015,0.06,0.0518,0.0385,73.5,0.1529,0.5178,0.068,0.135,0.016,0.018,0.33,0.35,0.009,0.005378,0.001384,0.001966,0.003368,0.003613,0.002927,0.002728,0.692973,0.012,-0.0258,0.0146,-0.0143,0.00117,-0.00516,0.0024285714285714284,1.28,3.53,4.64,7
1630,1,0,0,0.4214,0.063,0.5656,0.044,72.99997971982306,0.04,0.0286,0.045,0.0365,0.02335,0.013,0.0318,0.015,0.0505,0.0399,0.035,72.0,0.1242,0.47,0.083,0.15,0.0,0.0,0.33,0.35,0.009,0.000606,0.002137,0.000807,0.005246,0.002764,0.004164,0.00052473,0.743238,0.0633,-0.134,0.0734,-0.0773,0.00177,-0.02845,0.006428571428571414,0.126,0.344,3.01,7
1631,1,0,0,0.4311,0.063,0.5656,0.044,72.99997971982306,0.04,0.0286,0.045,0.0365,0.02335,0.013,0.0318,0.015,0.0505,0.0399,0.035,72.0,0.1242,0.47,0.083,0.15,0.0,0.0,0.33,0.35,0.009,0.001666,0.003682,0.000539,0.00053873,0.003276,0.003997,0.001721,0.743238,0.0384,-0.0835,0.0458,-0.047,0.00152,-0.0174,0.004285714285714284,0.2,0.492,4.15,7
1632,1,0,0,0.445,0.045,0.5656,0.06,73.49999998763374,0.034,0.0286,0.04,0.0365,0.02335,0.02,0.0318,0.015,0.05,0.054,0.035,71.0,0.11,0.48,0.068,0.135,0.0,0.018,0.33,0.3,0.009,0.000684,0.000874,0.000906,0.004421,0.002521,0.001524,0.002935,0.676585,-0.00622,0.0122,-0.00673,0.0063,0.00132,-0.00614,0.0031428571428571447,1.01,0.964,3.76,7
1633,0,0,1,0.4548,0.045,0.5656,0.06,73.49999998763374,0.034,0.0286,0.04,0.0365,0.02335,0.013,0.0318,0.015,0.05,0.054,0.035,71.0,0.1204,0.5,0.068,0.135,0.0,0.018,0.33,0.3,0.009,0.00143,0.005583,0.004908,0.001125,0.003965,0.00073944,0.001057,0.694307,-0.0137,0.028,-0.0148,0.0152,0.0025,-0.01635,0.006428571428571414,1.63,1.17,3.36,7
1634,1,0,0,0.445,0.065,0.5656,0.06,72.50001674779189,0.034,0.0286,0.04,0.03695,0.02335,0.02,0.0318,0.015,0.04,0.054,0.035,71.0,0.135,0.483,0.068,0.135,0.0,0.018,0.33,0.3,0.009,0.006553,0.00133,0.009697,0.005402,0.004091,0.002983,0.00086283,0.733201,0.0225,-0.0498,0.0259,-0.0289,0.00169,-0.0107,0.004285714285714284,0.226,0.573,7.55,7
1636,1,0,0,0.40629,0.058,0.5656,0.098,74.49998322747555,0.04,0.0286,0.045,0.0365,0.02335,0.013,0.0318,0.015,0.059,0.0976,0.0365,74.0,0.1619,0.5176,0.068,0.13,0.016,0.0,0.33,0.35,0.009,0.005954,0.005707,0.003647,0.007524,0.001786,0.002903,0.00108,0.651007,0.0176,-0.0337,0.0202,-0.0185,0.000854,-0.006575,0.002499999999999997,0.329,0.922,6.2,7
1637,0,0,1,0.405,0.07,0.5656,0.045,74.0000202554444,0.04,0.0536,0.045,0.0365,0.02335,0.013,0.0318,0.015,0.0594,0.0536,0.0277,73.0,0.145,0.5196,0.068,0.13,0.0,0.0,0.33,0.35,0.009,0.005036,0.001487,0.009529,0.00085529,0.00055635,0.00052473,0.003071,0.674932,0.00468,-0.00971,0.00591,-0.00523,0.00244,-0.0017699999999999999,0.0069999999999999975,2.45,2.38,5.57,7
1638,0,0,1,0.405,0.07,0.5656,0.045,74.0000202554444,0.04,0.0486,0.045,0.0365,0.02335,0.013,0.0318,0.015,0.0399,0.0486,0.034,73.0,0.1449,0.515,0.068,0.13,0.0,0.0,0.33,0.35,0.009,0.005677,0.001094,0.000976,0.002445,0.00091215,0.00083063,0.001474,0.66368,0.0239,-0.0483,0.0287,-0.0268,0.00287,-0.009795,0.007214285714285717,0.754,2.1,2.12,7
1639,0,0,1,0.38,0.0505,0.5656,0.05,77.00002727074938,0.04,0.0277,0.0365,0.02975,0.0195,0.01225,0.028,0.015,0.0389,0.0622,0.0271,77.0,0.1622,0.6172,0.068,0.13,0.0,0.0,0.33,0.35,0.009,0.001186,0.00979,0.00091,0.001357,0.00050552,0.001297,0.001853,0.653455,-0.0167,0.0353,-0.0184,0.0216,0.00293,-0.02955,0.009285714285714303,1.16,0.842,2.17,7
1640,1,0,0,0.21374,0.0,0.5656,0.135,72.99997971982306,0.04,0.0286,0.045,0.0365,0.025,0.0065,0.0318,0.015,0.0531,0.0391,0.0215,74.5,0.09,0.14,0.068,0.13,0.0,0.0,0.33,0.3,0.009,0.007551,0.0014,0.003571,0.003571,0.00054907,0.00066213,0.0014,0.353156,-0.00393,0.0084,-0.00435,0.00503,0.000975,-0.006914999999999999,0.003214285714285713,1.26,0.941,3.81,7
1641,1,0,0,0.44,0.07,0.5656,0.045,71.99999647998123,0.04,0.0286,0.045,0.0365,0.02335,0.013,0.0318,0.015,0.0499,0.0485,0.0339,73.0,0.145,0.5145,0.068,0.13,0.0,0.0,0.33,0.35,0.009,0.000765,0.002039,0.000701,0.00135,0.001034,0.00050663,0.001059,0.653639,0.0332,-0.0672,0.0399,-0.0346,0.00171,-0.0121,0.004285714285714284,0.202,0.568,2.77,7
1642,0,0,1,0.415,0.025,0.5656,0.06,72.50001674779189,0.034,0.0322,0.05,0.0365,0.02335,0.013,0.036,0.015,0.0443,0.052,0.0283,71.0,0.103,0.444,0.073,0.135,0.0,0.0,0.33,0.3,0.009,0.001537,0.005273,0.006086,0.008633,0.001945,0.008059,0.003069,0.658456,-0.00577,0.0102,-0.00616,0.0052,0.00123,-0.0052499999999999995,0.0037142857142857173,1.94,2.64,3.95,7
1643,0,0,1,0.405,0.07,0.5656,0.045,74.49998322747555,0.04,0.0464,0.045,0.05695,0.02735,0.0165,0.0318,0.015,0.045,0.0423,0.038,71.5,0.1268,0.3923,0.068,0.13,0.0,0.0,0.33,0.35,0.009,0.001572,0.002748,0.000722,0.002272,0.00070718,0.00939,0.004139,0.703217,0.00792,-0.0164,0.00958,-0.00905,0.000668,-0.00334,0.0015714285714285724,1.69,4.22,3.78,7
1644,0,0,1,0.435,0.045,0.5656,0.06,74.0000202554444,0.04,0.0302,0.045,0.0365,0.02335,0.017,0.033,0.015,0.0529,0.0501,0.0363,73.0,0.14,0.53,0.068,0.13,0.0,0.0,0.33,0.3,0.009,0.001506,0.000519,0.004219,0.002007,0.001042,0.002282,0.002987,0.684311,-0.00715,0.0156,-0.00798,0.00874,0.00347,-0.010005,0.00707142857142858,1.6,1.73,2.75,7
1645,0,0,1,0.405,0.07,0.5656,0.045,74.0000202554444,0.04,0.0436,0.045,0.0365,0.02335,0.013,0.0318,0.015,0.0542,0.0509,0.0309,73.0,0.145,0.5169,0.068,0.135,0.0,0.0,0.33,0.35,0.009,0.006287,0.000698,0.003194,0.002401,0.002614,0.004365,0.005424,0.671895,0.0118,-0.0237,0.0143,-0.0129,0.0023,-0.00467,0.004857142857142857,1.2,3.02,3.87,7
1646,1,0,0,0.46,0.078,0.5656,0.045,72.99997971982306,0.04,0.0286,0.03493,0.0365,0.02335,0.013,0.0286,0.015,0.039,0.0447,0.0504,72.0,0.152,0.5897,0.068,0.135,0.0,0.0,0.33,0.3,0.009,0.000828,0.001251,0.003163,0.007833,0.00754,0.00064587,0.0009175,0.670758,0.0237,-0.0543,0.0286,-0.0289,0.00194,-0.010045,0.005071428571428563,0.264,0.754,4.38,7
1647,1,0,0,0.408,0.072,0.5656,0.08,74.0000202554444,0.04,0.0286,0.045,0.0365,0.02335,0.013,0.0318,0.015,0.0465,0.0219,0.0332,74.0,0.145,0.5819,0.068,0.13,0.016,0.0,0.33,0.3,0.009,0.000806,0.001453,0.001339,0.003756,0.004303,0.006006,0.00092898,0.658941,0.0279,-0.0556,0.0334,-0.0302,0.00153,-0.0109,0.004285714285714284,0.227,0.628,3.5,7
1648,1,0,0,0.425,0.066,0.5656,0.045,74.0000202554444,0.04,0.0254,0.0318,0.0365,0.02335,0.013,0.0268,0.015,0.0401,0.048,0.0631,73.0,0.1052,0.555,0.068,0.13,0.0,0.0,0.33,0.35,0.009,0.004079,0.008601,0.001986,0.001106,0.004067,0.004415,0.001233,0.649493,0.0288,-0.0544,0.0345,-0.0255,0.00116,-0.00841,0.002999999999999989,0.24,0.732,5.59,7
1649,1,0,0,0.4445,0.0701,0.5656,0.045,72.50001674779189,0.04,0.0311,0.044,0.0385,0.02335,0.013,0.0348,0.015,0.047,0.0529,0.0342,71.5,0.1632,0.4901,0.068,0.13,0.0,0.0,0.33,0.35,0.009,0.00088,0.003728,0.005486,0.006033,0.00079323,0.0007886,0.003547,0.718603,0.0102,-0.0238,0.0121,-0.0138,0.000736,-0.005115,0.0020714285714285735,0.42,1.16,7.15,7
1650,0,0,1,0.392,0.05,0.5656,0.27,75.99998673512805,0.04,0.0332,0.044,0.0365,0.03,0.0165,0.035,0.015,0.0437,0.0954,0.037,74.5,0.1156,0.6534,0.068,0.12,0.016,0.0,0.33,0.3,0.009,0.00072,0.004988,0.001636,0.001596,0.008323,0.008372,0.004222,0.617624,-0.00578,0.0119,-0.00647,0.00545,0.000767,-0.004855,0.00235714285714286,1.73,2.64,3.96,7
1651,0,0,1,0.405,0.07,0.5656,0.045,74.49998322747555,0.04,0.0464,0.045,0.05695,0.02735,0.0165,0.0318,0.015,0.045,0.0423,0.038,72.0,0.1234,0.3923,0.068,0.135,0.0,0.0,0.33,0.35,0.009,0.002466,0.001946,0.002724,0.002724,0.00056289,0.002162,0.003747,0.703316,0.00664,-0.0135,0.00801,-0.00749,0.000732,-0.002755,0.0016428571428571438,2.06,4.19,4.25,7
1652,1,0,0,0.37,0.07,0.5656,0.045,76.50000700293872,0.04,0.0212,0.045,0.0345,0.018,0.013,0.0318,0.015,0.0508,0.0467,0.042,73.0,0.127,0.5917,0.068,0.13,0.0,0.0,0.33,0.35,0.009,0.003171,0.008892,0.003175,0.00133,0.003869,0.001091,0.001048,0.644896,0.033,-0.0585,0.0398,-0.0305,0.00177,-0.01075,0.005000000000000006,0.214,0.599,4.53,7
1653,1,0,0,0.405,0.057,0.5656,0.065,74.0000202554444,0.04,0.0286,0.045,0.0365,0.02335,0.013,0.0318,0.015,0.0432,0.0447,0.0368,72.0,0.1459,0.5997,0.068,0.12,0.0,0.0,0.33,0.35,0.009,0.001841,0.003881,0.007719,0.002033,0.00065538,0.00064776,0.001292,0.641825,0.0145,-0.0275,0.0169,-0.0145,0.000991,-0.00517,0.002714285714285715,0.413,1.17,5.66,7
1654,1,0,0,0.45,0.055,0.5656,0.045,72.50001674779189,0.039,0.027,0.037,0.0365,0.02335,0.013,0.03,0.015,0.041,0.0834,0.0343,70.0,0.1353,0.53,0.1,0.17,0.0,0.0,0.33,0.35,0.009,0.003645,0.00272,0.003242,0.00073782,0.00068779,0.00072924,0.002642,0.674513,0.0173,-0.0366,0.0206,-0.0188,0.00142,-0.006575,0.004642857142857139,0.317,0.913,5.35,7
1655,1,0,0,0.405,0.067491,0.5656,0.09,71.6398925057415,0.04,0.027,0.04,0.0365,0.02335,0.013,0.0318,0.015,0.0514,0.0458,0.03,72.63989,0.08,0.5858,0.068,0.12,0.0,0.0,0.33,0.35,0.009,0.003058,0.00391,0.00405,0.00098856,0.00056372,0.006816,0.00065634,0.627504,0.0217,-0.0328,0.0257,-0.0137,0.00138,-0.004274999999999999,0.0034999999999999996,0.317,1.03,4.28,7
1656,0,0,1,0.362,-0.01,0.5656,0.01,75.99998673512805,0.04,0.0307,0.045,0.0365,0.0275,0.0165,0.032,0.015,0.0496,0.01,0.0257,75.0,0.12,0.18,0.068,0.13,0.0,0.0,0.33,0.35,0.009,0.001005,0.002457,0.000511,0.00127,0.001627,0.002644,0.00067632,0.620754,-0.0188,0.0267,-0.0181,0.0143,0.00145,-0.017599999999999998,0.005714285714285704,1.19,0.547,1.44,7
1657,0,0,1,0.405,0.07,0.5656,0.01,74.0000202554444,0.04,0.0286,0.045,0.0365,0.02335,0.013,0.0318,0.015,0.0502,0.0467,0.0387,73.0,0.17,0.6267,0.068,0.13,0.0,0.0,0.33,0.3,0.009,0.001013,0.001698,0.003048,0.00119,0.005793,0.001023,0.00072472,0.650642,0.0463,-0.0985,0.0564,-0.0538,0.00337,-0.0195,0.008571428571428568,0.491,1.34,2.39,7
1658,1,0,0,0.69995,-0.096,0.5656,0.165,68.99998946467623,0.04,0.0302,0.045,0.0365,0.03,0.03,0.035,0.015,0.0416,0.1697,0.0316,69.0,0.2573,0.48,0.068,0.24,0.02,0.02,0.3,0.3,0.009,0.009676,0.001254,0.00992,0.0008891,0.002408,0.00068428,0.001112,0.573242,-0.00333,0.00689,-0.00273,0.0035,0.00127,-0.00366,0.0025714285714285717,1.3,0.809,14.43,7
1659,1,0,0,0.41,0.06,0.5656,0.035,73.49999998763374,0.04,0.0254,0.032,0.0365,0.02335,0.013,0.029,0.015,0.035,0.024,0.0278,74.0,0.211,0.634,0.07,0.13,0.0,0.0,0.33,0.3,0.009,0.00602,0.001647,0.002137,0.001957,0.001736,0.002585,0.001491,0.653814,0.0212,-0.0501,0.0251,-0.0303,0.00128,-0.01165,0.0035714285714285744,0.245,0.608,4.42,7
1660,1,0,0,0.41,0.06,0.5656,0.035,73.49999998763374,0.04,0.0254,0.032,0.0365,0.02335,0.013,0.029,0.015,0.035,0.024,0.0278,74.0,0.211,0.634,0.07,0.13,0.0,0.0,0.33,0.3,0.009,0.001763,0.002038,0.004005,0.00324,0.00063788,0.001037,0.00056084,0.653814,0.0273,-0.0639,0.0319,-0.039,0.00148,-0.01495,0.004999999999999994,0.204,0.536,3.93,7
1661,1,0,0,0.405,0.07,0.5656,0.045,74.0000202554444,0.04,0.0286,0.045,0.0365,0.02335,0.013,0.0318,0.015,0.0499,0.049,0.034,73.0,0.145,0.515,0.068,0.12,0.0,0.0,0.33,0.35,0.009,0.001708,0.000702,0.003876,0.00088715,0.00071865,0.004566,0.00075309,0.653639,0.021,-0.0409,0.0253,-0.0219,0.0026,-0.007859999999999999,0.005857142857142853,0.265,0.729,3.18,7
1662,0,0,1,0.42,0.08,0.5656,0.045,72.50001674779189,0.04,0.05,0.05,0.06,0.04,0.0215,0.04,0.015,0.0408,0.0853,0.0185,66.5,0.13,0.4953,0.068,0.135,0.0,0.0,0.33,0.35,0.009,0.000842,0.008741,0.003764,0.007248,0.001015,0.001141,0.006225,0.704949,0.00362,-0.00803,0.00442,-0.0044,0.000186,-0.001585,0.0006428571428571429,2.98,8.09,8.92,7
1663,1,0,0,0.365,0.055,0.5656,0.05,75.99998673512805,0.04,0.0286,0.045,0.0365,0.02335,0.013,0.0318,0.015,0.0492,0.05,0.0383,74.5,0.1385,0.6,0.068,0.12,0.0,0.0,0.33,0.35,0.009,0.00084,0.00429,0.002718,0.003283,0.004923,0.005374,0.00212,0.657561,0.0155,-0.0281,0.0179,-0.0155,0.000663,-0.00561,0.002142857142857148,0.379,1.04,5.2,7
1664,0,0,1,0.439,0.05,0.5656,0.04,73.49999998763374,0.05,0.0352,0.06,0.06,0.02335,0.0165,0.033,0.015,0.052,0.0378,0.0247,70.0,0.0909,0.3998,0.068,0.135,0.0,0.0,0.33,0.35,0.009,0.002785,0.00066,0.002103,0.008514,0.003338,0.007485,0.001838,0.663998,-0.00329,0.00673,-0.00389,0.00323,0.00153,-0.002685,0.0025,1.75,3.15,2.9,7
1665,1,0,0,0.415,0.07,0.5656,0.045,74.0000202554444,0.04,0.027,0.036,0.0365,0.02335,0.013,0.0286,0.015,0.0403,0.0114,0.0396,72.0,0.105,0.4914,0.068,0.13,0.0,0.0,0.33,0.3,0.009,0.000983,0.000734,0.008268,0.003979,0.00082942,0.005719,0.001506,0.628608,0.0142,-0.0246,0.0169,-0.0115,0.00177,-0.00377,0.004142857142857144,0.417,1.26,3.99,7
1666,0,0,1,0.455,0.043,0.5656,0.08,72.50001674779189,0.04,0.0374,0.0426,0.0449,0.0255,0.015,0.0348,0.015,0.0457,0.073,0.0307,70.6,0.1286,0.528,0.068,0.135,0.0,0.0,0.33,0.35,0.0123,0.00073,0.003092,0.001017,0.005003,0.002942,0.001383,0.009047,0.690818,-0.00315,0.00722,-0.00351,0.00382,0.000851,-0.004144999999999999,0.0019285714285714303,4.32,3.63,5.01,7
1667,0,0,1,0.425,0.0155,0.5656,0.08,72.99997971982306,0.04,0.0358,0.05,0.05545,0.02335,0.015,0.0348,0.015,0.0402,0.0499,0.0382,72.5,0.143,0.42,0.068,0.135,0.0,0.0,0.33,0.35,0.0123,0.007122,0.00126,0.000702,0.001203,0.006958,0.005636,0.00055553,0.669203,-0.00993,0.0195,-0.0101,0.0113,0.00273,-0.01405,0.006428571428571439,1.65,0.706,2.42,7
1668,1,0,0,0.405,0.055,0.5656,0.075,74.0000202554444,0.05,0.05,0.045,0.0525,0.03,0.013,0.04,0.015,0.05,0.0508,0.042,73.0,0.145,0.5168,0.068,0.13,0.0,0.0,0.33,0.35,0.009,0.001042,0.000692,0.008974,0.00094336,0.002901,0.003076,0.002323,0.641195,0.00217,-0.00428,0.00269,-0.00214,0.00071,-0.00087,0.0018571428571428571,1.5,2.2,8.61,7
1670,1,0,0,0.365,-0.0445,0.5656,0.045,71.00001324013941,0.04,0.0286,0.045,0.0365,0.02335,0.013,0.0318,0.015,0.0472,0.0365,0.0296,72.0,0.12,0.3,0.068,0.135,0.0,0.0,0.33,0.35,0.009,0.00052,0.002121,0.00069,0.00093068,0.002837,0.001505,0.00056682,0.585529,-0.0119,0.0149,-0.0109,0.0075,0.00124,-0.006605,0.0042142857142857156,0.597,0.658,2.18,7
1671,1,0,0,0.445,0.07,0.5656,0.045,73.49999998763374,0.04,0.0286,0.045,0.0365,0.02335,0.013,0.0318,0.015,0.0461,0.0467,0.038,72.5,0.175,0.6417,0.068,0.13,0.0,0.0,0.33,0.35,0.009,0.00796,0.004133,0.00178,0.003428,0.002146,0.00053952,0.00065826,0.695342,0.0341,-0.0807,0.0407,-0.046,0.00139,-0.01695,0.0035714285714285744,0.196,0.534,5.2,7
1672,1,0,0,0.42,0.071752,0.5656,0.06,72.51903894659024,0.04,0.0369,0.05,0.0429,0.02335,0.015,0.035,0.015,0.049,0.0467,0.033,72.01901,0.18,0.56,0.068,0.135,0.0,0.0,0.33,0.35,0.0123,0.001869,0.001521,0.008773,0.001784,0.001243,0.003007,0.00055431,0.700783,0.00951,-0.0218,0.0114,-0.0131,0.00162,-0.0049949999999999994,0.003785714285714286,0.362,0.732,6.58,7
1673,1,0,0,0.3882,0.06,0.5656,0.045,75.99998673512805,0.04,0.0326,0.033,0.0403,0.02335,0.013,0.0286,0.015,0.0407,0.0221,0.029,77.0,0.13,0.5521,0.068,0.13,0.0,0.0,0.33,0.35,0.009,0.009808,0.001088,0.00327,0.00096393,0.001152,0.004264,0.00058707,0.640752,0.0164,-0.0293,0.0193,-0.0156,0.00196,-0.005615,0.005071428571428569,0.381,0.964,3.52,7
1674,0,0,1,0.385,0.045,0.5656,0.035,72.99997971982306,0.04,0.0287,0.048,0.06,0.0335,0.019,0.032,0.015,0.05,0.035,0.018,68.0,0.113,0.36,0.068,0.13,0.0,0.0,0.33,0.3,0.009,0.003022,0.000504,0.005686,0.00061184,0.001206,0.00087939,0.001036,0.605575,-0.00364,0.00581,-0.00403,0.00292,0.00139,-0.002535,0.003928571428571429,2.36,2.15,2.54,7
1675,1,0,0,0.382,0.055,0.5656,0.046,77.00002727074938,0.04,0.0282,0.038,0.033,0.0195,0.01225,0.031,0.015,0.0364,0.0973,0.0223,77.0,0.0806,0.5873,0.068,0.13,0.0,0.0,0.33,0.35,0.009,0.001314,0.001779,0.000784,0.001377,0.002865,0.00275,0.004316,0.648368,0.0184,-0.0298,0.0214,-0.0142,0.0015,-0.004784999999999999,0.0034999999999999996,0.342,1.01,3.94,7
1676,1,0,0,0.445,0.07,0.5656,0.05,73.49999998763374,0.04,0.0286,0.045,0.06,0.02335,0.013,0.0318,0.015,0.07,0.046,0.038,72.5,0.12,0.476,0.068,0.135,0.0,0.0,0.33,0.35,0.009,0.000825,0.004715,0.001588,0.002521,0.006429,0.001264,0.00079149,0.671949,0.0127,-0.0244,0.0152,-0.0115,0.000836,-0.0038150000000000002,0.0019285714285714303,0.388,0.799,4.79,7
1677,1,0,0,0.405,0.05,0.5656,0.06,72.99997971982306,0.04,0.027,0.038,0.0365,0.021,0.013,0.0286,0.015,0.0341,0.05,0.036,72.0,0.1466,0.53,0.068,0.12,0.0,0.0,0.33,0.35,0.009,0.002131,0.001935,0.006669,0.001757,0.005949,0.002051,0.001255,0.631381,-0.00451,0.009,-0.00498,0.00513,0.00155,-0.00594,0.004142857142857147,0.795,0.971,4.99,7
1678,1,0,0,0.402,0.085,0.5656,0.33,75.99998673512805,0.04,0.0254,0.0317,0.0286,0.0171,0.01,0.0286,0.015,0.037,0.2093,0.0299,72.0,0.0922,0.7343,0.068,0.13,0.0,0.0,0.33,0.35,0.009,0.000644,0.001813,0.009086,0.00098208,0.00054149,0.004322,0.003563,0.662501,0.0207,-0.0386,0.026,-0.0192,0.00292,-0.00669,0.006571428571428569,0.319,0.551,4.93,7
1679,0,0,1,0.41,0.07,0.5656,0.045,72.99997971982306,0.04,0.0286,0.045,0.0365,0.02335,0.013,0.0318,0.015,0.0492,0.0472,0.0359,72.0,0.1264,0.5222,0.068,0.13,0.016,0.0,0.33,0.35,0.009,0.005043,0.001718,0.00233,0.00136,0.003388,0.002121,0.001955,0.648869,0.0331,-0.0615,0.0398,-0.0311,0.00254,-0.01075,0.006428571428571426,0.646,1.87,2.68,7
1680,0,0,1,0.372,0.055,0.5656,0.045,79.99997699027486,0.04,0.0272,0.037,0.0315,0.02,0.013,0.0285,0.015,0.043,0.025,0.03,78.0,0.1014,0.615,0.068,0.13,0.0,0.0,0.33,0.35,0.009,0.001623,0.001986,0.003747,0.004992,0.004427,0.00069691,0.001798,0.638791,0.0369,-0.0589,0.0423,-0.0297,0.00284,-0.01012,0.008285714285714282,0.605,1.76,2.3,7
1681,1,0,0,0.425,0.067,0.5656,0.045,74.0000202554444,0.04,0.0286,0.045,0.0365,0.02335,0.013,0.0318,0.015,0.04,0.35,0.02,74.0,0.15,0.54,0.068,0.13,0.0,0.0,0.33,0.35,0.009,0.003867,0.000773,0.001191,0.004029,0.00070977,0.00099074,0.002791,0.651338,0.0149,-0.0356,0.0185,-0.017,0.00137,-0.0059299999999999995,0.0032857142857142816,0.354,0.999,4.65,7
1682,0,0,1,0.406242,0.037,0.5656,0.045,77.00002727074938,0.06,0.05,0.05,0.0365,0.0275,0.019,0.0318,0.015,0.0431,0.0354,0.039,78.0,0.1321,0.56,0.068,0.12,0.0,0.0,0.33,0.351494,0.009,0.000549,0.000951,0.00053,0.006567,0.00062954,0.001712,0.004392,0.636954,-0.0053,0.0102,-0.00557,0.00559,0.00144,-0.00643,0.0039999999999999975,2.82,2.15,2.53,7
1683,0,0,1,0.445,0.053,0.5656,0.045,72.50001674779189,0.04,0.0286,0.045,0.0365,0.02335,0.013,0.0318,0.015,0.0475,0.0505,0.0324,69.3,0.103,0.445,0.068,0.135,0.0,0.0,0.33,0.35,0.009,0.000793,0.006198,0.001572,0.002233,0.002213,0.008113,0.001711,0.709746,-0.0155,0.0321,-0.0171,0.0176,0.00214,-0.01875,0.004999999999999994,1.44,1.37,2.78,7
1684,1,0,0,0.424,0.037,0.5656,0.045,72.99997971982306,0.04,0.0286,0.045,0.0365,0.02335,0.013,0.0318,0.015,0.048,0.0655,0.0323,71.0,0.127,0.485,0.068,0.135,0.0,0.0,0.33,0.35,0.009,0.003709,0.002296,0.005028,0.004097,0.001131,0.001286,0.007529,0.674349,-0.00266,0.0054,-0.00289,0.00296,0.000709,-0.003215,0.0017857142857142872,1.68,1.54,7.8,7
1685,0,0,1,0.39,0.058,0.5656,0.045,75.99998673512805,0.04,0.0286,0.045,0.0365,0.02335,0.013,0.0346,0.015,0.0502,0.04,0.044,73.5,0.12,0.57,0.068,0.13,0.016,0.018,0.33,0.35,0.009,0.006717,0.000941,0.001649,0.00053637,0.001898,0.001649,0.00557,0.632236,0.0187,-0.0319,0.0219,-0.0154,0.00207,-0.0049700000000000005,0.008000000000000002,0.857,1.05,3.55,7
1686,0,0,1,0.405,0.065,0.5656,0.14,75.00000349528622,0.04,0.0325,0.045,0.0365,0.0275,0.0165,0.0318,0.015,0.0417,0.0221,0.0338,74.0,0.115,0.5521,0.068,0.12,0.0,0.0,0.33,0.35,0.009,0.000903,0.002302,0.000565,0.003348,0.00059246,0.001547,0.006373,0.622738,0.0182,-0.0333,0.0218,-0.015,0.00105,-0.00496,0.0030000000000000014,0.821,2.42,3.0,7
1687,0,0,1,0.39294,0.03,0.5656,0.12,77.00002727074938,0.06,0.0302,0.05,0.0365,0.0275,0.019,0.0318,0.015,0.035,0.12,0.031,78.0,0.1341,0.59,0.068,0.12,0.0,0.0,0.33,0.35,0.009,0.006872,0.001179,0.001361,0.00193,0.008696,0.001802,0.00068629,0.623029,-0.0156,0.0277,-0.0159,0.0159,0.0027,-0.0188,0.007142857142857149,1.22,1.12,3.32,7
1688,1,0,0,0.37265,0.03,0.5656,0.0455,78.49997348262237,0.06,0.0302,0.046,0.0365,0.0225,0.0165,0.035,0.015,0.044,0.04,0.028,80.0,0.0984,0.59,0.068,0.12,0.0,0.0,0.33,0.35,0.009,0.002057,0.00661,0.003266,0.001062,0.002781,0.002948,0.001681,0.654851,-0.00471,0.00785,-0.00482,0.00444,0.000966,-0.00429,0.003428571428571431,1.32,0.751,5.51,7
1689,1,0,0,0.415,0.035,0.5656,0.045,75.99998673512805,0.04,0.0287,0.043,0.0385,0.02335,0.013,0.03,0.015,0.04,0.0386,0.0309,74.5,0.182,0.5786,0.068,0.13,0.0,0.0,0.33,0.35,0.009,0.00338,0.004142,0.004823,0.00185,0.001375,0.00098496,0.00151,0.658494,-0.00351,0.00775,-0.00373,0.00472,0.000909,-0.006535,0.0026428571428571464,0.976,0.934,5.88,7
1690,0,0,1,0.39551,0.03,0.5656,0.2,78.99999375043305,0.06,0.0327,0.05,0.0365,0.0325,0.024,0.0318,0.015,0.0412,0.0635,0.04,80.0,0.0984,0.59,0.068,0.12,0.0,0.0,0.33,0.35,0.009,0.000714,0.000592,0.00054,0.00742,0.004434,0.003121,0.004182,0.644968,-0.00831,0.0158,-0.00858,0.00771,0.00139,-0.00652,0.0038571428571428546,2.04,1.9,2.82,7
1691,0,0,1,0.38,0.0525,0.5656,0.11,78.00001051059121,0.04,0.02845,0.042,0.0425,0.02025,0.013,0.028,0.015,0.0456,0.0313,0.0339,79.0,0.1039,0.5713,0.068,0.13,0.0,0.0,0.33,0.35,0.009,0.005566,0.000627,0.00153,0.001297,0.002762,0.00623,0.002998,0.643494,-0.00548,0.0111,-0.00652,0.00573,0.00273,-0.00558,0.0051428571428571435,1.82,2.44,2.43,7
1692,1,0,0,0.374,0.053,0.5656,0.045,75.00000349528622,0.04,0.0297,0.043,0.037,0.0215,0.013,0.0318,0.015,0.037,0.033,0.03,75.0,0.1849,0.603,0.068,0.13,0.0,0.0,0.33,0.35,0.009,0.005312,0.002436,0.001004,0.009705,0.001813,0.001933,0.001792,0.660625,-0.0039,0.00872,-0.00436,0.00549,0.000824,-0.008745,0.00307142857142857,1.3,0.776,4.68,7
1694,0,0,1,0.42,0.065,0.5656,0.045,71.00001324013941,0.04,0.037,0.04,0.034,0.021,0.013,0.028,0.015,0.033,0.033,0.033,78.0,0.1102,0.613,0.068,0.13,0.0,0.0,0.33,0.35,0.009,0.003631,0.003245,0.002111,0.004616,0.005106,0.00171,0.002002,0.678851,0.0317,-0.0623,0.0373,-0.0331,0.00246,-0.0117,0.007142857142857149,0.792,2.26,3.08,7
1695,0,0,1,0.418,-0.0285,0.5656,0.045,58.00000193907761,0.048,0.0725,0.045,0.0525,0.02585,0.025,0.034,0.025,0.045,0.07,0.038,66.0,0.12,0.41,0.087,0.142,0.016,0.022,0.33,0.36,0.009,0.000875,0.002696,0.004305,0.00581,0.003606,0.00066723,0.006656,0.641662,-0.000757,0.00154,-0.000794,0.000703,0.000433,-0.000655,0.0013428571428571428,14.4,12.3,7.55,7
1696,0,0,1,0.479,-0.0295,0.5656,0.045,71.99999647998123,0.042,0.0455,0.052,0.0585,0.032,0.027,0.037,0.015,0.045,0.0677,0.033,63.0,0.11,0.489,0.087,0.142,0.016,0.018,0.37,0.272979,0.015,0.005178,0.004244,0.000815,0.002935,0.00437,0.006135,0.00186,0.622264,-0.00399,0.00628,-0.00366,0.00286,0.000545,-0.00203,0.0015714285714285708,4.15,4.65,6.53,7
1697,0,0,1,0.465,-0.0225,0.5656,0.045,54.0000116839308,0.042,0.0495,0.045,0.064,0.0335,0.0225,0.037,0.015,0.0495,0.053,0.045,63.0,0.145,0.421,0.087,0.142,0.018,0.018,0.33,0.35,0.018,0.002791,0.001543,0.00104,0.005599,0.009007,0.00063602,0.00083734,0.569728,-0.00395,0.00597,-0.00374,0.00254,0.000772,-0.001745,0.0020714285714285704,3.07,2.56,4.4,7
1698,0,0,1,0.445,0.053,0.5656,0.06,71.99999647998123,0.034,0.0286,0.04,0.03695,0.02335,0.02,0.0318,0.015,0.04,0.054,0.035,69.5,0.103,0.483,0.068,0.135,0.0,0.018,0.33,0.3,0.009,0.001229,0.001069,0.000827,0.00068253,0.005306,0.001395,0.00134,0.690033,-0.0193,0.0388,-0.0211,0.0211,0.00391,-0.021949999999999997,0.007857142857142858,1.28,0.933,2.25,7
1699,0,0,1,0.435,0.0345,0.5656,0.06,71.99999647998123,0.045,0.0415,0.047,0.0595,0.0335,0.021,0.037,0.023,0.059,0.052,0.035,61.0,0.13,0.381,0.087,0.142,0.0,0.023,0.33,0.357,0.018,0.003742,0.000575,0.002573,0.004955,0.00091884,0.002134,0.007913,0.662237,-0.00112,0.00227,-0.00121,0.00113,0.00049,-0.0011,0.0011428571428571427,9.76,9.16,6.97,7
1701,1,0,0,0.35462,0.03,0.5656,0.06,75.99998673512805,0.06,0.0297,0.047,0.0365,0.0275,0.0165,0.035,0.015,0.0363,0.0612,0.0325,77.0,0.0949,0.58,0.068,0.12,0.0,0.0,0.33,0.35,0.009,0.003891,0.002024,0.002943,0.008399,0.003265,0.00074569,0.007439,0.616411,-0.00221,0.00338,-0.00228,0.00178,0.000383,-0.00188,0.0011428571428571427,1.61,1.57,7.81,7
1702,0,0,1,0.362,-0.01,0.5656,0.01,75.99998673512805,0.04,0.0307,0.045,0.0365,0.0275,0.0165,0.032,0.015,0.0496,0.01,0.0257,75.0,0.17,0.2,0.068,0.13,0.0,0.0,0.33,0.35,0.009,0.000629,0.001717,0.006993,0.002683,0.004851,0.001959,0.000519,0.620754,-0.00467,0.00751,-0.00458,0.00406,0.00146,-0.008355,0.005499999999999999,2.07,0.825,2.71,7
1703,1,0,0,0.368,0.055,0.5656,0.045,77.00002727074938,0.04,0.0282,0.04,0.03545,0.02335,0.013,0.03,0.015,0.044,0.0366,0.033,76.0,0.0917,0.6566,0.068,0.13,0.0,0.0,0.33,0.35,0.009,0.000532,0.001742,0.002228,0.001302,0.00069742,0.004303,0.00066553,0.618893,0.0244,-0.0363,0.0283,-0.0165,0.00151,-0.005415,0.0042142857142857095,0.278,0.838,2.6,7
1704,1,0,0,0.4,0.072,0.5656,0.2,78.00001051059121,0.04,0.0286,0.045,0.0365,0.02335,0.013,0.0318,0.015,0.0413,0.0479,0.036,72.0,0.14,0.573,0.068,0.13,0.0,0.0,0.33,0.35,0.009,0.00828,0.001394,0.005277,0.00139,0.00072392,0.00084287,0.001741,0.663059,0.014,-0.0285,0.017,-0.0153,0.00138,-0.00564,0.003428571428571425,0.315,1.07,4.76,7
1705,1,0,0,0.38,-0.01,0.5656,0.02,69.99997270451806,0.04,0.0286,0.045,0.0365,0.02335,0.019,0.0318,0.015,0.0437,0.0178,0.0242,68.0,0.11,0.261,0.068,0.13,0.0,0.0,0.33,0.35,0.009,0.00245,0.009126,0.003455,0.001099,0.004894,0.001154,0.008483,0.606405,-0.00223,0.00318,-0.0022,0.00162,0.000506,-0.001495,0.0019285714285714273,1.16,1.3,8.26,7
1706,1,0,0,0.3788,0.03,0.5656,0.045,75.00000349528622,0.05,0.0297,0.045,0.0381,0.0225,0.0165,0.035,0.015,0.0364,0.0428,0.0273,76.0,0.1699,0.58,0.068,0.12,0.0,0.0,0.33,0.35,0.009,0.000522,0.003254,0.003025,0.00429,0.003133,0.003501,0.005825,0.620312,-0.00176,0.00365,-0.00186,0.00211,0.000509,-0.00265,0.001571428571428569,1.18,1.54,6.52,7
1707,1,0,0,0.34775,0.03,0.5656,0.17,75.99998673512805,0.06,0.0287,0.045,0.0365,0.0225,0.015,0.034,0.015,0.038,0.1115,0.0271,77.0,0.0829,0.56,0.068,0.12,0.0,0.0,0.33,0.352989,0.009,0.00058,0.007019,0.00148,0.00092154,0.00060472,0.001073,0.006978,0.597926,-0.00246,0.00376,-0.00259,0.00184,0.000626,-0.001014,0.004228571428571428,0.954,0.507,5.77,7
1708,1,0,0,0.455,0.055,0.5656,0.06,71.99999647998123,0.034,0.0359,0.044,0.041,0.024,0.0195,0.0349,0.015,0.045,0.054,0.03,69.5,0.105,0.49,0.068,0.135,0.0,0.018,0.33,0.3,0.009,0.004841,0.000817,0.000986,0.001898,0.002893,0.002514,0.00061723,0.679268,0.0275,-0.0518,0.0314,-0.0258,0.00211,-0.008745,0.003928571428571429,0.181,0.446,4.28,7
1709,1,0,0,0.455,0.045,0.5656,0.06,73.49999998763374,0.034,0.0359,0.044,0.041,0.024,0.0195,0.0349,0.015,0.05,0.054,0.035,70.0,0.1322,0.48,0.068,0.135,0.0,0.018,0.33,0.3,0.009,0.003117,0.005711,0.000529,0.00084534,0.001136,0.003618,0.00054987,0.676655,-0.0112,0.0224,-0.0119,0.0122,0.00124,-0.0131,0.002857142857142852,0.363,0.252,5.17,7
1710,1,0,0,0.387,0.055,0.5656,0.045,75.00000349528622,0.04,0.0272,0.036,0.032,0.0195,0.01225,0.028,0.015,0.04,0.0313,0.0298,75.0,0.1589,0.5813,0.068,0.13,0.0,0.0,0.33,0.35,0.009,0.002617,0.003734,0.004677,0.00089693,0.006453,0.003789,0.001584,0.628815,0.0191,-0.036,0.0224,-0.0199,0.00171,-0.007265000000000001,0.004642857142857146,0.293,0.827,5.09,7
1711,1,0,0,0.38065,0.03,0.5656,0.045,74.0000202554444,0.04,0.0287,0.045,0.0365,0.02,0.014,0.035,0.015,0.0424,0.032,0.027,76.0,0.122,0.52,0.068,0.12,0.0,0.0,0.33,0.35,0.009,0.004338,0.000816,0.000878,0.008353,0.00071341,0.003939,0.001884,0.582414,-0.0049,0.00753,-0.00524,0.00366,0.00139,-0.003025,0.003214285714285713,0.948,1.03,3.47,7
1712,1,0,0,0.37846,0.0,0.5656,0.045,72.99997971982306,0.04,0.0286,0.045,0.0365,0.02335,0.013,0.0318,0.015,0.0541,0.0509,0.0309,70.5,0.1317,0.32,0.068,0.13,0.0,0.0,0.33,0.35,0.009,0.002704,0.000532,0.000729,0.001551,0.009627,0.002952,0.0005411,0.629954,-0.0125,0.0192,-0.0124,0.0106,0.00246,-0.01165,0.006428571428571426,0.581,0.524,2.94,7
1713,1,0,0,0.425,0.0,0.5656,0.045,74.0000202554444,0.04,0.0525,0.05,0.055,0.07,0.049,0.04,0.015,0.0561,0.0322,0.03,67.1,0.1064,0.4507,0.068,0.135,0.0,0.0,0.33,0.3,0.009,0.000902,0.004213,0.001918,0.006476,0.003413,0.0007197,0.00094198,0.641498,-0.00182,0.00282,-0.00179,0.00134,8.13e-05,-0.001175,0.0009285714285714278,1.81,1.9,13.93,7
1714,0,0,1,0.37201,0.03,0.5656,0.045,75.00000349528622,0.06,0.0302,0.05,0.0365,0.025,0.0165,0.0318,0.015,0.0413,0.0363,0.033,76.0,0.0944,0.52,0.068,0.12,0.0,0.0,0.33,0.35,0.009,0.004602,0.008902,0.000726,0.001301,0.005624,0.001543,0.004718,0.565888,-0.00611,0.00805,-0.00625,0.00359,0.00102,-0.001635,0.004928571428571429,1.93,1.36,3.96,7
1715,1,0,0,0.35,0.0,0.5656,0.06,71.00001324013941,0.04,0.0302,0.045,0.045,0.0275,0.019,0.0318,0.015,0.0425,0.0536,0.031,70.5,0.115,0.301,0.068,0.135,0.0,0.0,0.33,0.3,0.009,0.00869,0.001108,0.00869,0.006562,0.007913,0.00869,0.002343,0.5956,-0.00173,0.00238,-0.00174,0.00122,0.00043,-0.001365,0.001357142857142856,1.49,1.88,7.23,7
1716,1,0,0,0.35,0.0,0.5656,0.06,71.00001324013941,0.04,0.0302,0.045,0.045,0.0275,0.019,0.0318,0.015,0.0437,0.039,0.0308,70.5,0.115,0.301,0.068,0.135,0.0,0.0,0.33,0.3,0.009,0.001627,0.004265,0.004316,0.00055108,0.00076139,0.002468,0.009207,0.596146,-0.000911,0.00153,-0.000998,0.000752,0.000292,-0.0006485,0.0015357142857142857,1.27,0.708,8.47,7
1717,0,0,1,0.37844,0.05,0.5656,0.045,75.99998673512805,0.04,0.0286,0.045,0.0365,0.02335,0.013,0.0318,0.015,0.09,0.025,0.0452,72.0,0.1867,0.5452,0.068,0.13,0.0,0.0,0.33,0.35,0.009,0.000617,0.001433,0.000562,0.00074433,0.001649,0.004408,0.002289,0.674755,-0.0113,0.024,-0.0127,0.0142,0.00266,-0.018250000000000002,0.006428571428571439,1.92,1.32,1.77,7
1718,1,0,0,0.375,0.0,0.5656,0.06,71.00001324013941,0.04,0.0302,0.045,0.045,0.0275,0.019,0.0318,0.015,0.0449,0.0551,0.0294,70.5,0.115,0.301,0.068,0.135,0.0,0.0,0.33,0.3,0.009,0.000717,0.000932,0.003038,0.00051372,0.005566,0.003674,0.003365,0.596694,-0.00172,0.00287,-0.00186,0.00137,0.000672,-0.00141,0.0024285714285714284,1.25,0.62,4.72,7
1719,1,0,0,0.36,0.055,0.5656,0.07,77.00002727074938,0.04,0.02795,0.0385,0.03425,0.0215,0.013,0.0285,0.015,0.04,0.0306,0.032,77.0,0.109,0.6306,0.068,0.13,0.0,0.0,0.33,0.35,0.009,0.002219,0.000546,0.003549,0.003294,0.00128,0.00061836,0.002006,0.669871,0.01906,-0.03324,0.02222,-0.0182,0.002541,-0.02377,0.0030000000000000014,0.2018,0.2115,3.8,8
1720,0,0,1,0.405,0.075,0.5656,0.06,72.99997971982306,0.04,0.0286,0.045,0.0365,0.032,0.0285,0.0318,0.015,0.0598,0.0566,0.0235,76.0,0.12,0.3566,0.068,0.135,0.0,0.0,0.33,0.35,0.009,0.000584,0.001472,0.002115,0.002626,0.00060119,0.006777,0.003319,0.658678,0.02533,-0.04415,0.02976,-0.02253,0.001523,-0.029109999999999997,0.023571428571428577,0.6134,0.5616,2.49,8
1721,1,0,0,0.381,-0.007,0.5656,0.045,69.99997270451806,0.04,0.0286,0.045,0.0365,0.02335,0.013,0.0318,0.015,0.0448,0.0376,0.0261,69.0,0.1227,0.3276,0.068,0.13,0.0,0.0,0.33,0.35,0.009,0.000918,0.000573,0.001358,0.0016,0.004493,0.002252,0.002004,0.607421,-0.004541,0.007428,-0.004881,0.00382,0.002022,-0.01389,-0.009428571428571427,0.3437,0.2571,2.87,8
1722,1,0,0,0.381,-0.007,0.5656,0.045,69.99997270451806,0.04,0.0286,0.045,0.0365,0.02335,0.013,0.0318,0.015,0.0448,0.0376,0.0261,69.0,0.1227,0.3276,0.068,0.13,0.0,0.0,0.33,0.35,0.009,0.002033,0.001531,0.001884,0.00059856,0.002445,0.007259,0.004876,0.607421,-0.002318,0.004522,-0.002845,0.002336,0.001196,-0.0074785,0.002835714285714284,0.4971,0.1932,4.49,8
1724,1,0,0,0.405,0.07,0.5656,0.045,74.0000202554444,0.04,0.0286,0.045,0.0365,0.02335,0.013,0.0318,0.015,0.0517,0.0498,0.0327,73.0,0.145,0.5158,0.068,0.13,0.0,0.0,0.33,0.35,0.009,0.004058,0.004746,0.003197,0.008142,0.0006549,0.001956,0.005446,0.670444,0.00992,-0.01995,0.01183,-0.01097,0.0007513,-0.01615,0.0012857142857142828,0.2476,0.1995,7.02,8
1725,1,0,0,0.35,-0.01,0.5656,0.045,69.99997270451806,0.04,0.0286,0.045,0.0365,0.02335,0.013,0.0318,0.015,0.0446,0.0391,0.0243,69.0,0.1215,0.2791,0.068,0.13,0.0,0.0,0.33,0.35,0.009,0.00107,0.00053,0.005132,0.006336,0.001384,0.007291,0.00446,0.606016,-0.001981,0.003172,-0.002154,0.001639,0.00105,-0.0076825,-0.005692857142857142,0.5532,0.3704,4.57,8
1726,0,0,1,0.4601,0.02,0.5656,0.045,74.49998322747555,0.04,0.0426,0.045,0.053,0.03635,0.0165,0.038,0.015,0.0412,0.09,0.015,67.5,0.095,0.45,0.068,0.135,0.0,0.0,0.33,0.35,0.009,0.003669,0.005296,0.002655,0.004663,0.001717,0.00077036,0.006673,0.63854,-0.001564,0.003593,-0.002003,0.001582,0.0004452,-0.004929,0.005342857142857145,3.476,1.718,6.63,8
1727,1,0,0,0.375,0.0,0.5656,0.06,71.00001324013941,0.04,0.0302,0.045,0.045,0.0275,0.019,0.0318,0.015,0.0449,0.0551,0.0294,70.5,0.115,0.301,0.068,0.135,0.0,0.0,0.33,0.3,0.009,0.004038,0.000515,0.002528,0.00074869,0.00265,0.006917,0.001425,0.596694,-0.00295,0.004464,-0.003116,0.002231,0.001248,-0.0073865,0.011264285714285715,0.7035,0.2514,3.88,8
1728,1,0,0,0.417,0.035,0.5656,0.053,71.99999647998123,0.0508,0.0286,0.036,0.0365,0.02335,0.0145,0.0286,0.015,0.05,0.06,0.03,71.0,0.1269,0.47,0.068,0.135,0.0,0.0,0.33,0.35,0.009,0.008696,0.005374,0.000973,0.005197,0.001395,0.003455,0.00113,0.730502,-0.0101,0.02125,-0.01085,0.01293,0.001279,-0.054790000000000005,0.0024285714285714284,0.5379,0.128,4.87,8
1729,1,0,0,0.375,0.0,0.5656,0.06,71.00001324013941,0.04,0.0302,0.045,0.045,0.0275,0.019,0.0318,0.015,0.0449,0.0551,0.0294,70.5,0.115,0.301,0.068,0.135,0.0,0.0,0.33,0.3,0.009,0.00337,0.000511,0.002758,0.003216,0.003056,0.001505,0.002475,0.596694,-0.002164,0.003188,-0.002227,0.001582,0.0008468,-0.005879,0.001771428571428571,0.9465,0.4884,4.51,8
1730,0,0,1,0.41,0.07,0.5656,0.06,74.0000202554444,0.04,0.0372,0.039,0.0365,0.02335,0.0165,0.032,0.015,0.0499,0.0471,0.0379,73.0,0.125,0.5671,0.068,0.13,0.0,0.0,0.33,0.35,0.009,0.002146,0.000527,0.000698,0.00092424,0.001224,0.008948,0.005162,0.653639,0.02268,-0.04255,0.02728,-0.02128,0.00389,-0.024935,0.00378571428571428,0.7978,0.3392,2.59,8
1732,1,0,0,0.435,0.067,0.5656,0.045,72.99997971982306,0.04,0.0254,0.0317,0.0365,0.02335,0.013,0.0286,0.015,0.0298,0.0159,0.0235,72.0,0.1359,0.55,0.068,0.13,0.0,0.0,0.33,0.3,0.009,0.001364,0.001785,0.003398,0.00093238,0.001524,0.007936,0.001904,0.629055,0.01754,-0.03359,0.02077,-0.01708,0.002103,-0.020130000000000002,0.002285714285714267,0.306,0.199,3.8,8
1733,0,0,1,0.382,0.0525,0.5656,0.07,77.49999024278054,0.04,0.031,0.04,0.0445,0.023,0.013,0.03,0.015,0.05,0.027,0.035,77.5,0.1173,0.627,0.068,0.13,0.0,0.0,0.33,0.35,0.009,0.002517,0.003715,0.000993,0.001307,0.00060916,0.005761,0.003608,0.661531,-0.003809,0.009508,-0.005393,0.00525,0.001716,-0.02046,-0.01557142857142858,1.599,0.7525,2.99,8
1734,1,0,0,0.43,0.041722,0.5656,0.07,73.00049538183868,0.0508,0.0286,0.044,0.03805,0.02335,0.0145,0.0286,0.015,0.065,0.07,0.031,70.59661,0.13,0.49,0.068,0.135,0.016,0.0,0.33,0.35,0.009,0.006392,0.00477,0.002689,0.005786,0.002551,0.008317,0.002191,0.686846,-0.00505,0.009809,-0.00539,0.005492,0.001067,-0.018904999999999998,0.0016428571428571254,0.7564,0.2974,6.39,8
1735,0,0,1,0.4125,0.1,0.5656,0.07,77.49999024278054,0.04,0.031,0.04,0.0445,0.023,0.013,0.03,0.015,0.05,0.027,0.035,78.0,0.1266,0.627,0.068,0.13,0.0,0.0,0.33,0.35,0.009,0.003413,0.001237,0.005482,0.00076307,0.001918,0.007453,0.00065347,0.720932,0.03587,-0.07832,0.04545,-0.04448,0.00585,-0.05627,-0.008285714285714245,0.3789,0.2903,2.73,8
1737,1,0,0,0.43,0.075,0.5656,0.045,74.0000202554444,0.03815,0.02705,0.03182,0.0365,0.016575,0.015,0.0285,0.015,0.0396,0.0482,0.0367,71.0,0.1421,0.4782,0.068,0.135,0.0,0.0,0.33,0.35,0.009,0.006131,0.009274,0.007759,0.008508,0.002675,0.003822,0.008824,0.619811,0.05829,-0.01396,0.008712,-0.007059,0.001239,-0.009951,0.00098571428571428,0.1109,0.4118,8.75,8
1738,1,0,0,0.4065,0.015,0.5656,0.045,75.00000349528622,0.04,0.0286,0.045,0.0365,0.02335,0.013,0.0318,0.015,0.0469,0.046,0.0265,70.5,0.0953,0.2763,0.068,0.13,0.0,0.0,0.33,0.35,0.009,0.004832,0.000817,0.002288,0.007516,0.002539,0.001825,0.003377,0.611997,-0.003694,0.005715,-0.003934,0.002604,0.001279,-0.0087775,-0.007821428571428575,0.5617,0.3376,4.17,8
1739,1,0,0,0.397,0.05,0.5656,0.045,75.99998673512805,0.04,0.0292,0.042,0.037,0.0215,0.013,0.032,0.015,0.055,0.0359,0.0306,75.0,0.1598,0.5759,0.068,0.13,0.0,0.0,0.33,0.35,0.009,0.001413,0.002392,0.002477,0.001165,0.003112,0.001356,0.00053168,0.680767,-0.007914,0.01766,-0.009277,0.01064,0.003656,-0.045340000000000005,-0.006285714285714276,0.1133,0.08971,3.56,8
1740,1,0,0,0.365,0.053,0.5656,0.045,77.00002727074938,0.04,0.0292,0.04,0.037,0.01975,0.013,0.015,0.015,0.047,0.0359,0.03,77.0,0.1842,0.6159,0.068,0.13,0.0,0.0,0.33,0.35,0.009,0.001872,0.000626,0.000839,0.004124,0.001853,0.001475,0.001484,0.66026,-0.006798,0.0149,-0.007526,0.009598,0.002899,-0.046450000000000005,-0.01314285714285715,0.09511,0.1728,2.71,8
1741,1,0,0,0.365,0.0,0.5656,0.06,70.49999297232874,0.04,0.0302,0.045,0.045,0.0275,0.019,0.0318,0.015,0.0454,0.0553,0.0287,71.5,0.1058,0.278,0.068,0.135,0.0,0.0,0.33,0.3,0.009,0.009397,0.000583,0.001145,0.00065204,0.0041,0.00785,0.00075144,0.595265,-0.005618,0.007651,-0.005724,0.003822,0.001469,-0.01172,0.018142857142857145,0.5732,0.2046,3.64,8
1742,1,0,0,0.43,0.067,0.5656,0.045,73.49999998763374,0.04,0.0286,0.045,0.0365,0.02335,0.01275,0.0318,0.015,0.0514,0.0469,0.0538,72.5,0.145,0.5769,0.068,0.13,0.0,0.018,0.33,0.35,0.009,0.000651,0.004231,0.005603,0.00086157,0.00062085,0.003428,0.005538,0.647541,0.009716,-0.01876,0.01109,-0.009217,0.001151,-0.011295,-0.0076428571428571405,0.5193,0.2327,6.82,8
1743,0,0,1,0.3937,0.07,0.5656,0.065,75.00000349528622,0.04,0.0286,0.045,0.0365,0.02335,0.022,0.0318,0.015,0.0454,0.05715,0.0315,72.0,0.145,0.5715,0.068,0.13,0.0,0.0,0.33,0.35,0.009,0.00052,0.002849,0.007014,0.00569,0.00094543,0.006406,0.001038,0.680595,0.03393,-0.06844,0.04006,-0.03899,0.002664,-0.055035,0.0046428571428571265,0.5685,0.4432,2.79,8
1744,0,0,1,0.37078,0.025,0.5656,0.2,75.99998673512805,0.06,0.0327,0.05,0.0365,0.025,0.0165,0.035,0.015,0.0389,0.0427,0.0394,77.0,0.1007,0.6027,0.068,0.12,0.0,0.0,0.33,0.35,0.009,0.000723,0.00541,0.002276,0.009942,0.00085155,0.004382,0.001253,0.603256,-0.00822,0.01347,-0.008493,0.006281,0.001418,-0.01788,-0.019571428571428566,1.389,0.7464,2.49,8
1745,1,0,0,0.44,0.067,0.5656,0.045,72.50001674779189,0.04,0.0286,0.045,0.0365,0.02335,0.013,0.0318,0.015,0.048,0.0428,0.0473,72.5,0.183,0.5628,0.068,0.135,0.0,0.0,0.33,0.35,0.009,0.001219,0.003087,0.003584,0.002968,0.004802,0.003913,0.002675,0.66423,0.01335,-0.03097,0.01626,-0.01705,0.001356,-0.02311,-0.012999999999999989,0.3111,0.2639,5.86,8
1746,0,0,1,0.372,0.03,0.5656,0.05,75.00000349528622,0.06,0.0302,0.045,0.0365,0.025,0.0165,0.0318,0.015,0.037,0.123,0.0286,76.0,0.1103,0.56,0.068,0.12,0.0,0.0,0.33,0.35,0.009,0.007853,0.000757,0.004084,0.003143,0.003116,0.001136,0.001316,0.598485,-0.007158,0.01239,-0.008039,0.00632,0.003521,-0.015615,0.028071428571428553,1.394,1.002,2.95,8
1747,1,0,0,0.381,0.0,0.5656,0.06,71.00001324013941,0.04,0.0302,0.045,0.045,0.0275,0.019,0.0318,0.015,0.0454,0.0557,0.0288,70.5,0.115,0.301,0.068,0.135,0.0,0.0,0.33,0.3,0.009,0.006176,0.005518,0.002766,0.002523,0.00077942,0.005867,0.00068528,0.609982,-0.004439,0.006361,-0.004483,0.003321,0.000622,-0.01124,0.0012857142857142828,0.8381,0.2707,5.47,8
1748,0,0,1,0.3189,0.048007,0.5656,0.045,73.00129752275186,0.04,0.0286,0.045,0.0365,0.02335,0.013,0.0318,0.015,0.0518,0.0296,0.0332,71.00129,0.1168,0.3508,0.068,0.13,0.0,0.0,0.33,0.35,0.009,0.00217,0.002129,0.000867,0.001082,0.005351,0.009662,0.00062131,0.434158,-0.0209,0.03114,-0.02163,0.0163,0.003479,-0.052324999999999997,0.006071428571428546,0.6665,0.1746,1.6,8
1749,1,0,0,0.415,0.068,0.5656,0.045,73.49999998763374,0.04,0.0286,0.045,0.0365,0.02335,0.013,0.0318,0.015,0.0615,0.0281,0.0427,73.5,0.16,0.4941,0.068,0.13,0.0,0.0,0.33,0.35,0.009,0.000625,0.000617,0.001082,0.00086726,0.001198,0.005583,0.004341,0.674379,0.01379,-0.02954,0.01713,-0.01588,0.002221,-0.020365,-0.01221428571428571,0.2428,0.2175,3.83,8
1750,1,0,0,0.425,0.069,0.5656,0.045,73.49999998763374,0.04,0.0286,0.045,0.0365,0.02335,0.013,0.0318,0.015,0.0491,0.0482,0.0359,71.5,0.1397,0.54,0.068,0.13,0.0,0.0,0.33,0.3,0.009,0.001005,0.000542,0.005514,0.001461,0.006826,0.006826,0.00629,0.661146,0.008969,-0.01865,0.01118,-0.009561,0.001844,-0.012175,-0.007499999999999991,0.3063,0.3666,6.72,8
1751,1,0,0,0.405,0.07,0.5656,0.045,74.0000202554444,0.04,0.0286,0.045,0.0365,0.02335,0.013,0.0318,0.015,0.0499,0.049,0.034,73.0,0.145,0.515,0.068,0.13,0.0,0.0,0.33,0.35,0.009,0.00346,0.001198,0.001532,0.00847,0.002145,0.001399,0.002047,0.653639,0.01722,-0.0337,0.02051,-0.01821,0.001534,-0.026705,0.00235714285714286,0.1854,0.1415,3.97,8
1752,0,0,1,0.405,0.07,0.5656,0.045,72.99997971982306,0.04,0.034,0.05,0.049,0.0325,0.013,0.04,0.015,0.0502,0.045,0.0337,73.5,0.145,0.511,0.068,0.13,0.0,0.0,0.33,0.35,0.009,0.000915,0.000877,0.005304,0.002447,0.005494,0.004222,0.001571,0.64121,0.01275,-0.02525,0.0159,-0.01305,0.001759,-0.01614,0.0019999999999999927,0.9311,0.745,3.24,8
1753,1,0,0,0.369,4e-06,0.5656,0.055,74.00065050901904,0.04,0.0286,0.045,0.0365,0.02335,0.013,0.0318,0.015,0.0474,0.056,0.0103,73.00067,0.115,0.256,0.068,0.13,0.0,0.0,0.33,0.35,0.009,0.002077,0.000745,0.004503,0.004602,0.001916,0.002352,0.002568,0.597379,-0.002484,0.003627,-0.002657,0.001833,0.001221,-0.0074535,-0.004864285714285709,0.6037,0.404,3.84,8
1754,0,0,1,0.405,0.07,0.5656,0.045,74.49998322747555,0.04,0.0286,0.045,0.0365,0.02335,0.013,0.0318,0.015,0.0472,0.0632,0.0367,71.5,0.1407,0.5432,0.068,0.13,0.0,0.0,0.33,0.35,0.009,0.000919,0.000524,0.000919,0.003103,0.003742,0.004109,0.001108,0.647727,0.05451,-0.1064,0.06623,-0.05556,0.006088,-0.073515,-0.04535714285714281,0.1133,0.1184,1.49,8
1755,0,0,1,0.39028,0.05,0.5656,0.2,77.00002727074938,0.04,0.0342,0.05,0.0365,0.028,0.0205,0.0318,0.015,0.0591,0.0934,0.0378,77.0,0.1296,0.6,0.068,0.12,0.0,0.0,0.33,0.35,0.009,0.001918,0.000593,0.002772,0.004427,0.007971,0.001642,0.005546,0.65986,-0.004623,0.009401,-0.005223,0.005011,0.002198,-0.022015,0.016214285714285723,1.944,0.6974,3.87,8
1756,1,0,0,0.374,0.0,0.5656,0.055,74.0000202554444,0.04,0.0286,0.045,0.0365,0.02335,0.013,0.0318,0.015,0.0479,0.0542,0.0271,73.0,0.115,0.301,0.068,0.13,0.0,0.0,0.33,0.35,0.009,0.003564,0.004305,0.009996,0.003017,0.002258,0.003277,0.0007729,0.607722,-0.004155,0.006018,-0.004293,0.003068,0.001056,-0.011205,-0.006642857142857144,0.6541,0.3179,5.19,8
1757,1,0,0,0.36639,0.0,0.5656,0.045,74.0000202554444,0.04,0.0286,0.045,0.0365,0.02335,0.013,0.0318,0.015,0.0447,0.0538,0.0274,73.0,0.125,0.2738,0.068,0.13,0.0,0.0,0.33,0.35,0.009,0.00356,0.006171,0.0053,0.002018,0.003005,0.001995,0.005719,0.603678,-0.001827,0.002971,-0.002011,0.001573,0.0006549,-0.006243,-0.004342857142857143,0.5986,0.441,6.98,8
1759,0,0,1,0.42,0.058,0.5656,0.045,73.49999998763374,0.04,0.0292,0.045,0.0365,0.02335,0.013,0.034,0.015,0.0576,0.0472,0.0391,72.5,0.1493,0.5772,0.068,0.13,0.0,0.0,0.33,0.35,0.009,0.001414,0.00057,0.00111,0.001473,0.00079788,0.00052665,0.00501,0.64224,0.0226,-0.04443,0.02738,-0.02209,0.003696,-0.02771,-0.018857142857142854,0.679,0.3925,2.4,8
1760,1,0,0,0.4,0.025,0.5656,0.034,72.99997971982306,0.03,0.0277,0.03,0.0365,0.02335,0.013,0.03,0.0149,0.034,0.034,0.034,73.0,0.16,0.564,0.03,0.13,0.0,0.0,0.33,0.35,0.009,0.000647,0.00557,0.001811,0.002634,0.003031,0.00071029,0.001989,0.624741,-0.001951,0.009246,-0.004953,0.005217,0.001092,-0.025939999999999998,0.0018571428571428556,0.391,0.1695,4.54,8
1762,0,0,1,0.42,0.055,0.5656,0.06,73.49999998763374,0.04,0.0302,0.045,0.03955,0.02335,0.014,0.035,0.015,0.0547,0.04,0.0399,73.0,0.1201,0.57,0.068,0.12,0.016,0.0,0.33,0.35,0.009,0.002254,0.002667,0.001627,0.00069946,0.001499,0.005273,0.002056,0.66151,0.03254,-0.05868,0.03729,-0.02875,0.00318,-0.033385,-0.003928571428571442,0.6649,0.4713,2.54,8
1763,1,0,0,0.415,0.07,0.5656,0.15,73.49999998763374,0.04,0.027,0.045,0.0365,0.02335,0.013,0.0286,0.015,0.043,0.1317,0.0312,73.0,0.1,0.6358,0.068,0.13,0.0,0.0,0.33,0.35,0.009,0.000653,0.002609,0.001308,0.005335,0.001648,0.002775,0.006481,0.625388,0.009548,-0.01658,0.01151,-0.007371,0.0008934,-0.009617500000000001,-0.008464285714285716,0.2502,0.3024,5.38,8
1764,0,0,1,0.42,0.06,0.5656,0.06,73.49999998763374,0.04,0.0302,0.045,0.03955,0.02335,0.014,0.035,0.015,0.0557,0.04,0.0402,73.0,0.1252,0.58,0.068,0.12,0.016,0.0,0.33,0.35,0.009,0.000508,0.009848,0.000691,0.009747,0.006912,0.00063139,0.007954,0.665656,0.01712,-0.03326,0.01996,-0.01658,0.001224,-0.024065,0.0016428571428571501,0.5565,0.4592,4.83,8
1766,0,0,1,0.405,0.07,0.5656,0.045,74.0000202554444,0.04,0.0286,0.045,0.0365,0.02335,0.013,0.0318,0.015,0.0499,0.049,0.034,73.0,0.145,0.515,0.068,0.135,0.016,0.018,0.33,0.35,0.009,0.003074,0.00574,0.002271,0.001263,0.002583,0.006033,0.004858,0.653639,-0.04741,-0.7682,0.09266,-0.03831,0.002286,-0.038515,0.0017857142857142872,0.02072,0.119,3.64,8
1767,1,0,0,0.4,0.028,0.5656,0.034,72.99997971982306,0.03,0.0277,0.03,0.0365,0.02335,0.013,0.03,0.0149,0.03,0.03,0.03,73.0,0.15,0.56,0.03,0.13,0.0,0.0,0.33,0.35,0.009,0.006912,0.000751,0.001945,0.003783,0.00098064,0.004112,0.004185,0.62514,-0.002388,0.00614,-0.003382,0.003466,0.001421,-0.017645,0.0019285714285714242,0.4926,0.2678,4.84,8
1768,1,0,0,0.405,0.07,0.5656,0.045,74.0000202554444,0.04,0.0261,0.037,0.0365,0.02335,0.013,0.0268,0.015,0.041,0.0332,0.0293,73.0,0.115,0.6492,0.068,0.13,0.0,0.0,0.33,0.35,0.009,0.002712,0.005223,0.005736,0.00088197,0.004331,0.001196,0.001759,0.654858,0.01791,-0.03371,0.02184,-0.01708,0.001404,-0.02003,0.0017142857142857185,0.2954,0.219,6.02,8
1769,0,0,1,0.41,0.07,0.5656,0.155,73.49999998763374,0.04,0.0411,0.056,0.0645,0.02335,0.013,0.0348,0.015,0.0533,0.135,0.044,73.0,0.18,0.68,0.068,0.13,0.0,0.0,0.33,0.35,0.009,0.002284,0.000538,0.000999,0.006664,0.007635,0.00081201,0.006257,0.675357,0.003562,-0.009025,0.004647,-0.004899,0.0008129,-0.007499499999999999,-0.005578571428571425,0.8605,1.422,5.64,8
1770,1,0,0,0.41429,0.037,0.5656,0.045,75.00000349528622,0.04,0.0286,0.045,0.0365,0.02335,0.013,0.0318,0.015,0.0431,0.0726,0.0388,68.0,0.1466,0.5386,0.068,0.13,0.0,0.0,0.33,0.35,0.009,0.007355,0.002153,0.001937,0.002378,0.002673,0.00214,0.001086,0.66413,-0.006528,0.01407,-0.007458,0.00805,0.001861,-0.034355,-0.019071428571428562,0.6088,0.1585,4.32,8
1772,1,0,0,0.46,0.075,0.5656,0.045,72.99997971982306,0.04,0.0286,0.045,0.0365,0.02335,0.013,0.0318,0.015,0.0498,0.0483,0.0353,72.0,0.1714,0.5783,0.068,0.13,0.0,0.0,0.33,0.35,0.009,0.001884,0.006345,0.001273,0.00089628,0.00077205,0.00087811,0.001522,0.670733,0.02412,-0.05647,0.03006,-0.03029,0.001878,-0.036379999999999996,0.0024285714285714284,0.1845,0.1407,4.83,8
1773,0,0,1,0.4,0.07,0.5656,0.16,75.99998673512805,0.04,0.0227,0.045,0.065,0.03,0.0165,0.0318,0.015,0.05,0.0053,0.022,72.0,0.1119,0.4953,0.068,0.13,0.0,0.018,0.33,0.35,0.009,0.000526,0.006271,0.004559,0.001963,0.006727,0.001558,0.003256,0.639162,0.005951,-0.01336,0.007272,-0.004928,0.0005437,-0.005856999999999999,0.0037714285714285697,0.9161,1.544,4.65,8
1774,1,0,0,0.445,0.02,0.5656,0.045,74.0000202554444,0.04,0.0286,0.049,0.045,0.02335,0.013,0.0318,0.015,0.045,0.07,0.03,69.5,0.1383,0.47,0.1,0.13,0.0,0.0,0.33,0.35,0.009,0.001676,0.000655,0.000743,0.004722,0.004681,0.0008578,0.00080905,0.713281,-0.00825,0.01788,-0.008801,0.01042,0.002872,-0.04957,-0.0027142857142857025,0.2755,0.0811,3.09,8
1775,1,0,0,0.38,0.02,0.5656,0.045,74.0000202554444,0.05,0.0277,0.04,0.04,0.02335,0.013,0.03,0.015,0.0406,0.0397,0.0173,71.5,0.1,0.3147,0.08,0.13,0.0,0.0,0.33,0.35,0.009,0.003259,0.001393,0.001617,0.00311,0.00093307,0.00063046,0.00075585,0.590811,-0.006392,0.008734,-0.006636,0.004335,0.00166,-0.010620000000000001,0.002857142857142852,0.6722,0.3114,2.55,8
1777,0,0,1,0.4,0.075,0.5656,0.055,73.49999998763374,0.04,0.04,0.056,0.0775,0.0525,0.0165,0.06,0.015,0.04,0.05,0.09,71.0,0.1341,0.67,0.068,0.12,0.0,0.0,0.33,0.35,0.009,0.001653,0.007691,0.000989,0.001085,0.001525,0.001031,0.005032,0.624391,0.002037,-0.004917,0.00267,-0.002006,0.0001226,-0.0023274999999999997,-0.0002214285714285729,1.87,1.24,8.6,8
1778,0,0,1,0.43,0.059,0.5656,0.045,74.0000202554444,0.04,0.0267,0.036,0.0365,0.02335,0.013,0.03,0.015,0.0389,0.0415,0.0358,73.0,0.1,0.51,0.068,0.13,0.0,0.0,0.33,0.3,0.009,0.000615,0.001963,0.001522,0.002279,0.001075,0.001237,0.002772,0.684584,0.03969,-0.07707,0.04695,-0.03879,0.003324,-0.046700000000000005,0.003999999999999985,0.5627,0.4694,2.1,8
1779,0,0,1,0.379,-0.003,0.5656,0.045,69.50000973248692,0.04,0.0286,0.045,0.0365,0.02485,0.0165,0.0318,0.015,0.0481,0.0317,0.025,69.0,0.115,0.3427,0.068,0.135,0.0,0.0,0.33,0.35,0.009,0.007977,0.004901,0.000806,0.002985,0.00081558,0.008824,0.001349,0.584427,-0.01301,0.01722,-0.013,0.008403,0.001635,-0.02406,-0.003714285714285711,1.462,0.4771,2.49,8
1780,0,0,1,0.48,0.0,0.5656,0.045,89.99998127603168,0.06,0.0427,0.045,0.0365,0.03,0.013,0.06,0.015,0.0953,0.0648,0.0832,73.0,0.1527,0.4898,0.068,0.13,0.0,0.0,0.33,0.35,0.009,0.001656,0.003476,0.007096,0.00306,0.00217,0.009207,0.002742,0.608124,-0.002557,0.007242,-0.002983,0.002142,0.001622,-0.0032199999999999998,0.0020428571428571444,0.6095,1.588,3.98,8
1781,0,0,1,0.4,0.07,0.5656,0.065,74.49998322747555,0.04,0.0312,0.037,0.0365,0.026,0.014,0.034,0.015,0.0583,0.0428,0.0386,73.5,0.115,0.6328,0.068,0.13,0.0,0.0,0.33,0.35,0.009,0.004694,0.006807,0.006401,0.0007973,0.007474,0.00078114,0.004791,0.638874,0.01571,-0.0276,0.01912,-0.01291,0.001534,-0.014575000000000001,0.0026428571428571464,1.045,0.3531,5.12,8
1782,0,0,1,0.41,0.015,0.5656,0.03,71.00001324013941,0.041,0.0312,0.045,0.0365,0.02,0.014,0.037,0.015,0.0748,0.0192,0.0349,70.171,0.1264,0.3799,0.068,0.135,0.0,0.0,0.33,0.35,0.007,0.002416,0.009985,0.000942,0.002914,0.005466,0.008935,0.003228,0.627622,-0.009107,0.01524,-0.009719,0.007222,0.003048,-0.021214999999999998,0.0035000000000000057,0.06551,0.0468,3.05,8
1784,0,0,1,0.36983,0.03,0.5656,0.045,75.99998673512805,0.06,0.0302,0.05,0.0365,0.02335,0.013,0.0318,0.015,0.0375,0.0407,0.036,75.0,0.0993,0.56,0.068,0.13,0.0,0.0,0.33,0.35,0.009,0.008658,0.001856,0.000561,0.005174,0.002598,0.008928,0.003321,0.596807,-0.007486,0.01207,-0.008313,0.006134,0.001866,-0.01287,0.0030000000000000014,1.558,0.7591,2.47,8
1785,0,0,1,0.379,-0.003,0.5656,0.045,69.50000973248692,0.04,0.0286,0.045,0.0365,0.02485,0.0165,0.0318,0.015,0.0481,0.0317,0.025,69.0,0.115,0.3427,0.068,0.135,0.0,0.0,0.33,0.35,0.009,0.003009,0.002266,0.00754,0.003027,0.00084782,0.00079963,0.00054348,0.584427,-0.009032,0.0118,-0.009135,0.005607,0.00243,-0.016915,7.14285714285685e-05,1.815,0.6281,2.37,8
1786,0,0,1,0.38,0.05,0.5656,0.27,74.0000202554444,0.04,0.0277,0.045,0.0365,0.02335,0.021,0.0318,0.015,0.0366,0.125,0.0322,73.0,0.13,0.705,0.068,0.12,0.0,0.0,0.33,0.35,0.009,0.009452,0.003947,0.001561,0.003884,0.003756,0.001962,0.00158,0.612179,-0.01018,0.0194,-0.01152,0.01025,0.002006,-0.040444999999999995,-0.03078571428571429,1.531,0.4986,3.76,8
1788,1,0,0,0.45,0.075,0.5656,0.055,72.99997971982306,0.04,0.0286,0.045,0.0365,0.02335,0.016,0.0318,0.015,0.047,0.0489,0.0292,72.0,0.1364,0.5489,0.068,0.135,0.016,0.0,0.37,0.35,0.009,0.00138,0.004941,0.006777,0.00071237,0.00071237,0.00051938,0.001455,0.717542,0.02007,-0.04427,0.02403,-0.0244,0.001874,-0.030925,-0.015071428571428576,0.2233,0.1755,6.25,8
1792,0,0,1,0.40349,0.03,0.5656,0.17,75.00000349528622,0.04,0.0335,0.045,0.0365,0.0245,0.015,0.0318,0.015,0.032,0.053,0.034,73.5,0.16,0.586,0.068,0.13,0.0,0.0,0.33,0.35,0.009,0.004804,0.001297,0.00074,0.001149,0.0005139,0.005987,0.00066772,0.608292,-0.0147,0.02941,-0.01606,0.01656,0.004439,-0.068825,-0.042785714285714246,1.055,0.1647,1.76,8
1794,1,0,0,0.383,0.06,0.5656,0.195,74.49998322747555,0.04,0.0297,0.043,0.0365,0.0315,0.014,0.04,0.015,0.065,0.165,0.035,73.0,0.145,0.645,0.068,0.13,0.0,0.0,0.33,0.35,0.009,0.000521,0.001424,0.000613,0.003235,0.001902,0.00052819,0.001324,0.626799,0.02453,-0.04287,0.02907,-0.02129,0.0009996,-0.027395,0.021499999999999988,0.2408,0.1968,3.32,8
1795,1,0,0,0.384,0.06,0.5656,0.075,78.00001051059121,0.04,0.0286,0.045,0.0365,0.02335,0.013,0.027,0.015,0.0467,0.0503,0.0253,78.0,0.155,0.5703,0.07,0.12,0.016,0.0,0.33,0.35,0.009,0.002811,0.00768,0.001564,0.00059988,0.001085,0.00876,0.002321,0.651751,0.01715,-0.03189,0.0197,-0.01786,0.00114,-0.02207,0.0012857142857142828,0.2384,0.1792,5.38,8
1796,0,0,1,0.405,0.067,0.5656,0.045,73.49999998763374,0.04,0.0286,0.045,0.0365,0.02335,0.013,0.0318,0.015,0.0483,0.0469,0.0385,73.0,0.1554,0.6079,0.068,0.13,0.0,0.0,0.33,0.35,0.009,0.000625,0.001657,0.000534,0.00062541,0.00072605,0.001031,0.009529,0.666193,0.02009,-0.04434,0.02535,-0.02375,0.002713,-0.028845,0.0020714285714285613,0.7871,0.3228,3.28,8
1797,0,0,1,0.343,0.03,0.5656,0.045,75.99998673512805,0.06,0.0286,0.045,0.0365,0.02335,0.0165,0.033,0.015,0.0403,0.0396,0.0393,75.0,0.0909,0.57,0.068,0.12,0.0,0.0,0.33,0.35,0.009,0.008551,0.001008,0.001084,0.005355,0.003266,0.002299,0.00308,0.601253,-0.007825,0.01098,-0.008117,0.00568,0.002128,-0.01219,0.003142857142857138,1.776,0.6354,2.79,8
1798,1,0,0,0.425,0.072,0.5656,0.05,74.0000202554444,0.04,0.027,0.032,0.0365,0.02335,0.013,0.0286,0.015,0.0414,0.03,0.033,74.0,0.1822,0.6305,0.068,0.12,0.0,0.0,0.33,0.3,0.009,0.008458,0.000678,0.008671,0.008863,0.001447,0.001013,0.001939,0.672525,0.01561,-0.03565,0.01842,-0.0208,0.002156,-0.03232,0.0027142857142857025,0.1286,0.09197,5.9,8
1799,0,0,1,0.37,0.07,0.5656,0.05,85.50002804885368,0.06,0.0286,0.035,0.0365,0.02335,0.011,0.0318,0.015,0.0389,0.049,0.01,85.0,0.085,0.615,0.068,0.12,0.0,0.0,0.33,0.35,0.009,0.001556,0.003448,0.001669,0.009214,0.004256,0.002371,0.00145,0.644524,0.03677,-0.05613,0.04211,-0.02762,0.002017,-0.029795000000000002,0.0035000000000000057,0.5216,0.4772,2.23,8
1800,0,0,1,0.379,-0.003,0.5656,0.045,69.50000973248692,0.04,0.0286,0.045,0.0365,0.02485,0.0165,0.0318,0.015,0.0484,0.0323,0.0242,69.0,0.1365,0.3433,0.068,0.135,0.0,0.0,0.33,0.35,0.009,0.001329,0.003631,0.003307,0.001269,0.00051296,0.004142,0.001098,0.56557,-0.007538,0.01065,-0.00801,0.005232,0.001945,-0.015295,0.003928571428571429,1.39,0.475,2.03,8
1802,1,0,0,0.405,0.06,0.5656,0.045,75.00000349528622,0.04,0.03835,0.045,0.0384,0.02335,0.013,0.0318,0.015,0.0404,0.0313,0.0399,73.0,0.1135,0.56,0.068,0.13,0.0,0.0,0.33,0.35,0.009,0.008799,0.000603,0.004725,0.005774,0.004767,0.002241,0.004657,0.652941,0.006022,-0.01106,0.00711,-0.005594,0.001375,-0.0079245,-0.005407142857142856,0.3895,0.4344,6.92,8
1803,1,0,0,0.41,0.07,0.5656,0.045,74.0000202554444,0.04,0.0254,0.0318,0.0365,0.02335,0.013,0.0286,0.015,0.0343,0.0441,0.0271,72.0,0.1121,0.5341,0.068,0.13,0.0,0.0,0.33,0.3,0.009,0.007086,0.002145,0.008941,0.007425,0.001124,0.00050997,0.002461,0.613701,0.0117,-0.02018,0.01393,-0.009638,0.001176,-0.013615,-0.010357142857142855,0.2608,0.2353,5.57,8
1804,0,0,1,0.4005,0.07,0.5656,0.045,73.49999998763374,0.04,0.0286,0.045,0.0365,0.02335,0.013,0.0318,0.015,0.0392,0.0467,0.0285,73.0,0.1185,0.5767,0.068,0.13,0.0,0.0,0.33,0.35,0.009,0.009705,0.009522,0.003878,0.004837,0.001196,0.002161,0.002779,0.63798,0.02222,-0.04058,0.02673,-0.02049,0.001717,-0.02667,-0.0011428571428571458,0.6032,0.6462,3.71,8
1806,1,0,0,0.475,0.09,0.5656,0.025,69.99997270451806,0.04,0.0286,0.045,0.0365,0.02335,0.013,0.0318,0.015,0.0502,0.0917,0.0313,69.0,0.1266,0.5217,0.068,0.13,0.0,0.0,0.33,0.35,0.009,0.003314,0.001628,0.002669,0.00089366,0.00274,0.006669,0.003343,0.71842,0.01639,-0.04025,0.02151,-0.02071,0.002366,-0.025570000000000002,-0.014142857142857136,0.1231,0.1835,5.51,8
1807,1,0,0,0.45,-0.04,0.5656,0.04,75.99998673512805,0.04,0.0286,0.045,0.0365,0.02335,0.013,0.0318,0.015,0.0551,0.0822,0.053,75.0,0.314,0.6022,0.068,0.135,0.0,0.0,0.33,0.35,0.009,0.002277,0.004082,0.001758,0.00085217,0.00076363,0.001256,0.000507,0.631571,-0.005646,0.01678,-0.005729,0.01074,0.002245,-0.059945,0.0049285714285714505,0.35,0.04971,4.3,8
1808,0,0,1,0.4005,0.07,0.5656,0.045,73.49999998763374,0.04,0.0286,0.045,0.0365,0.02335,0.013,0.0318,0.015,0.0393,0.0467,0.0285,73.0,0.1084,0.5667,0.068,0.13,0.0,0.0,0.33,0.35,0.009,0.003808,0.003991,0.00372,0.002172,0.00083185,0.007164,0.003764,0.637648,0.01995,-0.0356,0.02424,-0.01738,0.002031,-0.020630000000000003,0.0027142857142857272,0.8822,0.7477,3.35,8
1809,1,0,0,1.5,0.05,0.5656,0.045,50.00002142878399,0.04,0.0307,0.05,0.0365,0.02335,0.013,0.036,0.015,0.0339,0.045,0.0461,50.0,0.145,0.511,0.1,0.17,0.0,0.0,0.33,0.35,0.009,0.005335,0.003642,0.001826,0.001516,0.001181,0.002369,0.00217,0.599673,-0.01503,0.06899,-0.01816,0.01472,0.003456,-0.012305,0.0035000000000000057,0.006761,0.2553,9.93,8
1811,0,0,1,0.41,0.068,0.5656,0.045,74.0000202554444,0.04,0.0286,0.045,0.0365,0.02335,0.013,0.0318,0.015,0.0465,0.0636,0.0352,72.5,0.12,0.5,0.068,0.13,0.0,0.0,0.33,0.35,0.009,0.005967,0.007879,0.000934,0.00052014,0.00069082,0.003276,0.001378,0.640753,0.04828,-0.08894,0.05855,-0.04335,0.002829,-0.05203,-0.03628571428571429,0.375,0.2528,2.74,8
1812,0,0,1,0.41,0.07,0.5656,0.045,73.70001955391389,0.04,0.0286,0.045,0.0365,0.02335,0.013,0.0318,0.015,0.0388,0.0467,0.0285,73.0,0.129,0.5867,0.068,0.13,0.0,0.0,0.33,0.35,0.009,0.000564,0.007702,0.003862,0.00071707,0.00055838,0.00501,0.004589,0.642616,0.01832,-0.03696,0.02306,-0.01862,0.002115,-0.021900000000000003,0.0030000000000000014,0.7965,0.2882,3.65,8
1813,1,0,0,0.37815,0.035,0.5656,0.04,77.00002727074938,0.04,0.0286,0.04,0.0365,0.025,0.013,0.03,0.015,0.0472,0.0325,0.0317,77.0,0.18,0.58,0.068,0.12,0.016,0.018,0.33,0.35,0.009,0.003682,0.00194,0.000987,0.00588,0.002045,0.00056454,0.008627,0.625985,-0.001758,0.03349,-0.005396,0.006642,0.0006611,-0.01657,0.00071428571428571,0.1528,0.2736,6.3,8
1814,1,0,0,0.425,0.055,0.5656,0.05,72.50001674779189,0.04,0.0286,0.045,0.0365,0.02335,0.013,0.0318,0.015,0.047,0.0465,0.039,72.0,0.1722,0.61,0.068,0.135,0.016,0.0,0.33,0.3,0.009,0.00304,0.006207,0.000619,0.003058,0.002309,0.001645,0.003775,0.651646,0.01474,-0.03128,0.01733,-0.01682,0.0009978,-0.022655,-0.014928571428571414,0.1212,0.08062,6.24,8
1815,0,0,1,0.38,0.05,0.5656,0.07,75.50002376309689,0.04,0.037,0.05,0.0365,0.0275,0.0155,0.0318,0.015,0.045,0.045,0.04,75.0,0.1258,0.54,0.068,0.12,0.0,0.0,0.33,0.35,0.009,0.000694,0.002791,0.002726,0.001539,0.001532,0.004576,0.0007077,0.628891,-0.006704,0.01245,-0.007764,0.006764,0.00199,-0.026095,-0.015499999999999986,1.985,0.4719,2.17,8
1816,0,0,1,0.3675,0.02,0.5656,0.07,75.00000349528622,0.06,0.0327,0.05,0.0365,0.03,0.0215,0.0318,0.015,0.0364,0.0739,0.0373,74.0,0.1074,0.56,0.068,0.12,0.0,0.0,0.33,0.35,0.009,0.000661,0.00357,0.000877,0.0008135,0.001288,0.00088359,0.00064092,0.583141,-0.01568,0.02308,-0.01624,0.01166,0.001564,-0.024255,0.04592857142857144,0.7558,0.2073,1.93,8
1817,1,0,0,0.454,0.063,0.5656,0.055,73.49999998763374,0.041,0.03175,0.05,0.0365,0.027,0.014,0.0318,0.015,0.0556,0.0558,0.0225,71.0,0.121,0.5,0.073,0.135,0.0,0.0,0.33,0.35,0.008,0.008564,0.00203,0.003058,0.00061904,0.002296,0.001151,0.005653,0.697128,0.01104,-0.0224,0.01308,-0.01143,0.001294,-0.01312,0.0022857142857142915,0.4882,0.2005,7.21,8
1818,1,0,0,0.435,0.069,0.5656,0.055,73.49999998763374,0.041,0.03655,0.05,0.0395,0.027,0.0135,0.0318,0.015,0.06,0.04,0.035,71.25,0.1441,0.59,0.073,0.135,0.0,0.0,0.33,0.35,0.008,0.002409,0.000899,0.005125,0.005125,0.002459,0.0008282,0.008501,0.682972,0.005794,-0.0121,0.007002,-0.006334,0.0009466,-0.009270500000000001,0.001650000000000002,0.5389,0.4861,8.96,8
1819,1,0,0,0.375,0.03,0.5656,0.045,75.00000349528622,0.04,0.0286,0.045,0.0365,0.02335,0.013,0.0318,0.015,0.0359,0.1522,0.0275,75.0,0.0918,0.56,0.068,0.12,0.0,0.0,0.33,0.35,0.009,0.005502,0.00614,0.006303,0.001167,0.00053052,0.008545,0.001575,0.602675,-0.002903,0.006379,-0.004191,0.002871,0.00108,-0.0074105,0.0018071428571428613,0.7677,0.3688,5.91,8
1820,1,0,0,0.385,0.05,0.5656,0.045,75.50002376309689,0.04,0.0267,0.031,0.0365,0.02335,0.013,0.03,0.015,0.0269,0.0156,0.0238,74.5,0.2456,0.5556,0.068,0.13,0.0,0.0,0.33,0.35,0.009,0.000868,0.006438,0.009281,0.001149,0.00069284,0.004008,0.005185,0.592912,-0.0002586,0.003211,-0.001334,0.002036,0.0008222,-0.012335,0.0012142857142857142,0.679,0.2458,7.18,8
1821,1,0,0,0.445,0.07,0.5656,0.045,73.49999998763374,0.04,0.0286,0.045,0.0365,0.02335,0.013,0.0318,0.015,0.0461,0.0467,0.038,72.5,0.175,0.6417,0.068,0.13,0.0,0.0,0.33,0.35,0.009,0.001871,0.003167,0.006937,0.003261,0.005993,0.00058386,0.003149,0.695342,0.01275,-0.03091,0.01561,-0.01737,0.001361,-0.02389,-0.012714285714285716,0.2951,0.2595,7.73,8
1822,1,0,0,0.405,0.07,0.5656,0.045,75.00000349528622,0.04,0.0286,0.045,0.0365,0.02335,0.013,0.0318,0.015,0.0552,0.0795,0.0266,75.0,0.145,0.4595,0.068,0.135,0.0,0.0,0.33,0.35,0.009,0.000516,0.00356,0.000567,0.001579,0.002768,0.00065634,0.004687,0.684312,0.01445,-0.02994,0.01774,-0.01652,0.001178,-0.020755000000000003,0.0014999999999999883,0.3557,0.2315,5.0,8
1824,1,0,0,0.425,0.055,0.5656,0.05,72.50001674779189,0.04,0.0286,0.045,0.0365,0.02335,0.013,0.0318,0.015,0.047,0.0471,0.0375,72.0,0.1711,0.58,0.068,0.135,0.016,0.0,0.33,0.3,0.009,0.006625,0.00072,0.003259,0.001861,0.001466,0.00073084,0.003965,0.651646,0.01141,-0.0238,0.01342,-0.01287,0.001818,-0.016925,-0.01021428571428572,0.2994,0.2946,5.7,8
1825,0,0,1,0.47,0.06,0.5656,0.125,67.49998595702374,0.04,0.0254,0.0508,0.0365,0.0254,0.0254,0.0254,0.0254,0.05,0.04,0.0529,67.5,0.15,0.56,0.068,0.13,0.0,0.0,0.33,0.3,0.0127,0.007856,0.004466,0.000588,0.001465,0.001751,0.0008989,0.00077205,0.647784,0.09844,-0.2043,0.1161,-0.0986,0.00315,-0.1132,0.0057142857142857785,0.1742,0.137,3.7,8
1826,1,0,0,0.3883,0.0707,0.5656,0.045,78.59502718083456,0.04,0.0286,0.045,0.0365,0.02335,0.013,0.0318,0.015,0.0474,0.0517,0.0317,73.095,0.2011,0.5151,0.068,0.13,0.0,0.0,0.33,0.35,0.009,0.005306,0.002759,0.001188,0.00087267,0.00075171,0.001378,0.006502,0.68675,0.01069,-0.02448,0.01282,-0.01522,0.001163,-0.02087,-0.010714285714285723,0.3519,0.2299,6.31,8
1827,1,0,0,0.405,0.07,0.5656,0.045,72.99997971982306,0.04,0.0286,0.045,0.0365,0.02335,0.013,0.0318,0.015,0.0507,0.0469,0.0377,73.0,0.146,0.5869,0.068,0.13,0.0,0.0,0.33,0.35,0.009,0.00144,0.001814,0.001448,0.008576,0.00083795,0.002431,0.008113,0.643713,0.009009,-0.01772,0.0108,-0.009242,0.0008618,-0.013354999999999999,0.0009285714285714278,0.2208,0.1825,6.04,8
1828,1,0,0,0.403,0.07,0.5656,0.045,73.49999998763374,0.04,0.0302,0.035,0.0365,0.02335,0.013,0.035,0.015,0.0434,0.0281,0.0411,72.0,0.1479,0.5781,0.068,0.12,0.016,0.0,0.33,0.35,0.009,0.003338,0.009913,0.002521,0.001588,0.002103,0.001242,0.001626,0.653324,0.01732,-0.03453,0.02075,-0.01862,0.001253,-0.0232,-0.0019999999999999927,0.2801,0.2335,6.04,8
1830,1,0,0,0.405,0.07,0.5656,0.045,74.0000202554444,0.04,0.02855,0.036,0.0365,0.02335,0.013,0.0317,0.015,0.047,0.0285,0.02,73.5,0.1403,0.55,0.068,0.13,0.0,0.0,0.33,0.35,0.009,0.000558,0.003633,0.000812,0.005642,0.007761,0.003749,0.003279,0.633518,0.01395,-0.02623,0.01674,-0.01353,0.0009577,-0.01808,0.0017142857142857185,0.2046,0.1941,4.81,8
1831,0,0,1,0.39,0.047,0.5656,0.08,75.00000349528622,0.04,0.0286,0.045,0.0365,0.02335,0.013,0.0318,0.015,0.0413,0.0311,0.0301,75.0,0.1007,0.5711,0.068,0.13,0.0,0.0,0.33,0.35,0.009,0.006688,0.000669,0.000909,0.003473,0.001358,0.00274,0.006747,0.622654,-0.00474,0.01054,-0.006647,0.00526,0.002479,-0.017595,-0.015499999999999986,0.8598,0.2368,2.99,8
1832,0,0,1,0.39,0.047,0.5656,0.08,75.00000349528622,0.04,0.0286,0.045,0.0365,0.02335,0.013,0.0318,0.015,0.0413,0.0311,0.0301,75.0,0.1007,0.5711,0.068,0.13,0.0,0.0,0.33,0.35,0.009,0.001112,0.001847,0.004341,0.002479,0.001209,0.00132,0.003385,0.622654,-0.004281,0.0106,-0.006742,0.005322,0.002363,-0.017660000000000002,-0.014142857142857136,1.266,0.8222,2.6,8
1833,1,0,0,0.425,0.068,0.5656,0.045,72.99997971982306,0.04,0.0286,0.045,0.0365,0.02335,0.013,0.0318,0.015,0.0438,0.0484,0.0301,72.0,0.1062,0.4944,0.068,0.13,0.0,0.0,0.33,0.35,0.009,0.001228,0.003884,0.005715,0.006902,0.001768,0.005732,0.001555,0.649076,0.01423,-0.02596,0.01691,-0.01262,0.001269,-0.01765,-0.011857142857142844,0.2999,0.3196,5.11,8
1834,1,0,0,0.365,0.035,0.5656,0.14,77.00002727074938,0.04,0.027,0.0318,0.035,0.0215,0.0118,0.0286,0.015,0.035,0.1114,0.0233,77.0,0.1545,0.6464,0.068,0.13,0.0,0.0,0.33,0.35,0.009,0.003988,0.000661,0.001096,0.001648,0.006762,0.0007362,0.001512,0.624845,-0.00552,0.01208,-0.006811,0.007289,0.002783,-0.03201,0.0032857142857142508,0.4451,0.1632,3.55,8
1835,1,0,0,0.365,0.04,0.5656,0.15,77.00002727074938,0.04,0.027,0.0318,0.035,0.0215,0.0118,0.0317,0.015,0.0358,0.131,0.0233,77.0,0.1484,0.666,0.068,0.13,0.0,0.0,0.33,0.35,0.009,0.001403,0.001052,0.001013,0.00076363,0.002613,0.002129,0.00083002,0.619771,-0.008039,0.01745,-0.01014,0.01027,0.003162,-0.041545,0.004357142857142853,0.3286,0.0953,2.53,8
1836,0,0,1,0.408,0.069,0.5656,0.045,73.49999998763374,0.04,0.0286,0.045,0.0365,0.02335,0.015,0.0272,0.015,0.0343,0.0378,0.0283,73.0,0.1545,0.5778,0.068,0.13,0.0,0.0,0.33,0.35,0.009,0.001406,0.000525,0.003285,0.004777,0.009336,0.001233,0.001011,0.642966,0.03702,-0.0752,0.0444,-0.04157,0.005659,-0.059465,-0.033499999999999995,0.335,0.3075,2.45,8
1837,1,0,0,0.46,0.0481,0.5656,0.05197,71.99999647998123,0.04,0.027,0.03605,0.0318,0.0176,0.01275,0.0286,0.015,0.0328,0.04,0.043,70.0,0.1495,0.58,0.068,0.135,0.015,0.018,0.33,0.35,0.009,0.000583,0.000606,0.003393,0.001354,0.00085529,0.00069284,0.008883,0.644667,-0.003347,0.008713,-0.004199,0.004638,0.002727,-0.01643,0.0020000000000000174,1.323,0.2676,5.92,8
1838,1,0,0,0.46,0.0481,0.5656,0.05197,71.99999647998123,0.04,0.027,0.03605,0.0318,0.0176,0.01275,0.0286,0.015,0.0328,0.04,0.043,70.0,0.1495,0.58,0.068,0.135,0.015,0.018,0.33,0.35,0.009,0.008427,0.001419,0.005694,0.004008,0.003453,0.003927,0.006807,0.644667,-0.003554,0.008073,-0.004053,0.00441,0.00198,-0.016905,0.0016428571428571501,1.465,0.3498,7.41,8
1839,1,0,0,0.51,0.043,0.5656,0.045,65.5000194773401,0.04,0.0286,0.032,0.028,0.022,0.017,0.028,0.015,0.0347,0.0459,0.0398,65.5,0.1523,0.5979,0.068,0.13,0.0,0.0,0.33,0.35,0.009,0.001508,0.001583,0.002248,0.002964,0.00079236,0.001386,0.001805,0.646284,-0.01125,0.02467,-0.01206,0.01288,0.004218,-0.039805,0.005071428571428587,0.2001,0.1592,3.73,8
1840,1,0,0,0.405,0.07,0.5656,0.045,74.0000202554444,0.04,0.0286,0.045,0.0365,0.02335,0.013,0.0318,0.015,0.0463,0.0468,0.0393,71.5,0.2,0.6468,0.068,0.13,0.0,0.0,0.33,0.35,0.009,0.0034,0.005454,0.001559,0.005657,0.006792,0.002328,0.007371,0.676137,0.009662,-0.02335,0.01179,-0.01376,0.0007152,-0.01984,0.0011428571428571458,0.2178,0.18,8.75,8
1841,1,0,0,0.375,0.068,0.5656,0.028,72.99997971982306,0.04,0.0267,0.045,0.0365,0.02335,0.0115,0.012,0.015,0.0494,0.0228,0.036,74.0,0.1665,0.6028,0.068,0.13,0.016,0.0,0.33,0.35,0.009,0.001502,0.004207,0.007377,0.002399,0.008489,0.007377,0.001246,0.667464,0.02018,-0.04168,0.02436,-0.02401,0.001118,-0.031625,0.0025000000000000217,0.2508,0.1835,6.44,8
1842,0,0,1,0.36977,0.04,0.5656,0.155,75.99998673512805,0.04,0.037,0.05,0.0365,0.0275,0.0155,0.0318,0.015,0.04,0.035,0.04,74.0,0.13,0.59,0.068,0.12,0.0,0.0,0.33,0.35,0.009,0.000589,0.001134,0.001368,0.001368,0.002289,0.001368,0.001502,0.614081,-0.006412,0.01339,-0.007875,0.007039,0.002588,-0.027395,0.02764285714285713,1.452,0.5089,1.77,8
1843,1,0,0,0.405,0.07,0.5656,0.25,74.0000202554444,0.04,0.0586,0.045,0.0365,0.02335,0.0205,0.035,0.015,0.0367,0.3116,0.0555,73.0,0.145,0.4816,0.068,0.13,0.0,0.0,0.33,0.35,0.009,0.005736,0.000552,0.002712,0.008341,0.002048,0.002528,0.00083185,0.646494,0.004044,-0.008666,0.004957,-0.004532,0.002363,-0.0070445,-0.001307142857142857,0.631,0.5459,6.1,8
1844,1,0,0,0.42,0.065,0.5656,0.05,71.99999647998123,0.04,0.027,0.036,0.0365,0.02335,0.013,0.0286,0.015,0.0452,0.0433,0.0463,70.0,0.13,0.4833,0.068,0.13,0.0,0.0,0.33,0.35,0.009,0.002499,0.002385,0.001843,0.008439,0.00095726,0.00079381,0.004331,0.659844,0.01313,-0.02568,0.01546,-0.01329,0.001005,-0.018955,0.001500000000000013,0.1956,0.1551,5.12,8
1845,1,0,0,0.345,0.0,0.5656,0.045,74.0000202554444,0.04,0.0286,0.045,0.0365,0.02335,0.013,0.0318,0.015,0.0494,0.0426,0.0148,73.0,0.105,0.2486,0.068,0.135,0.0,0.0,0.33,0.35,0.009,0.00368,0.000527,0.002196,0.008154,0.00084844,0.009288,0.00393,0.605965,-0.002546,0.003617,-0.00272,0.001819,0.001071,-0.008088,-0.006542857142857144,0.6548,0.3391,3.88,8
1846,1,0,0,0.3903,0.057112,0.5656,0.037,74.38739702073235,0.045,0.036,0.035,0.0345,0.018,0.015,0.029,0.015,0.0384,0.0218,0.0339,73.0,0.1201,0.6018,0.17,0.12,0.0,0.0,0.33,0.3,0.009,0.007507,0.003388,0.006373,0.001154,0.002876,0.005803,0.001141,0.67049,0.07028,-0.02202,0.01395,-0.01182,0.003823,-0.013205000000000001,0.004642857142857139,0.1011,0.02127,6.43,8
1847,0,0,1,0.405,0.07,0.5656,0.045,74.0000202554444,0.04,0.03,0.03,0.03,0.02335,0.013,0.03,0.015,0.049,0.0468,0.0384,73.0,0.1452,0.5968,0.068,0.13,0.0,0.0,0.33,0.35,0.009,0.000739,0.003989,0.001076,0.00079004,0.003342,0.008706,0.00097101,0.662652,0.08393,-0.1704,0.1019,-0.09131,0.003797,-0.11005000000000001,0.013571428571428562,0.2379,0.2164,1.93,8
1848,0,0,1,0.405,0.07,0.5656,0.045,74.0000202554444,0.04,0.0286,0.045,0.0365,0.02335,0.013,0.0318,0.015,0.0499,0.049,0.034,73.0,0.145,0.515,0.068,0.13,0.0,0.0,0.33,0.35,0.009,0.000842,0.002095,0.001546,0.008347,0.002432,0.00065971,0.00064823,0.653639,0.05865,-0.1147,0.06968,-0.06225,0.003575,-0.09121,0.0065714285714286004,0.364,0.2647,1.73,8
1849,1,0,0,0.425,0.0355,0.5656,0.045,71.99999647998123,0.04,0.0286,0.04,0.0365,0.02585,0.013,0.03,0.015,0.0322,0.04,0.03,68.5,0.112,0.45,0.068,0.135,0.0,0.0,0.33,0.35,0.009,0.001076,0.002172,0.001679,0.002072,0.006836,0.001529,0.00050293,0.607086,-0.009301,0.01613,-0.01034,0.00809,0.001767,-0.024579999999999998,-0.004571428571428558,0.593,0.1614,3.27,8
1850,1,0,0,0.419,0.04,0.5656,0.045,72.99997971982306,0.04,0.0282,0.045,0.0365,0.0205,0.013,0.031,0.015,0.0469,0.09,0.0344,71.0,0.1102,0.457,0.068,0.135,0.0,0.0,0.33,0.3,0.009,0.001354,0.001406,0.006533,0.001233,0.008883,0.002822,0.003172,0.697395,-0.004521,0.009464,-0.004914,0.005024,0.002605,-0.017585,0.002357142857142835,0.1083,0.281,6.02,8
1851,1,0,0,0.43,0.05,0.5656,0.1,72.99997971982306,0.04,0.03485,0.05,0.0363,0.02435,0.019,0.028,0.015,0.045,0.06,0.03,70.0,0.13,0.483,0.068,0.135,0.0,0.0,0.33,0.35,0.009,0.004376,0.000737,0.001159,0.004402,0.005514,0.001163,0.007474,0.728343,-0.003087,0.007052,-0.003469,0.004205,0.001422,-0.02187,-0.012714285714285716,0.5863,0.2111,7.51,8
1852,1,0,0,0.4,0.07,0.5656,0.045,74.0000202554444,0.04,0.0286,0.045,0.0365,0.02335,0.013,0.0318,0.015,0.0409,0.0471,0.0256,73.2,0.0936,0.5471,0.068,0.13,0.0,0.0,0.33,0.35,0.009,0.005761,0.001116,0.001166,0.00080198,0.001444,0.00127,0.002226,0.63267,0.01656,-0.02806,0.02024,-0.01292,0.002089,-0.014395,0.002499999999999997,0.3549,0.2012,3.7,8
1853,1,0,0,0.42,0.071,0.5656,0.05,71.99999647998123,0.04,0.027,0.032,0.0365,0.02335,0.013,0.0286,0.015,0.0414,0.03,0.033,72.5,0.1905,0.635,0.068,0.12,0.0,0.0,0.33,0.3,0.009,0.001274,0.009247,0.000776,0.007159,0.004959,0.00316,0.005382,0.661824,0.01187,-0.02809,0.01438,-0.01608,0.0007478,-0.023745000000000002,0.0013571428571428513,0.1613,0.1259,7.08,8
1854,0,0,1,0.375,0.04,0.5656,0.045,75.99998673512805,0.04,0.0286,0.045,0.0365,0.02335,0.013,0.0318,0.015,0.0583,0.0438,0.049,72.0,0.1,0.5938,0.068,0.13,0.0,0.0,0.33,0.35,0.009,0.00532,0.000702,0.001044,0.003833,0.00239,0.007138,0.003728,0.618011,-0.00688,0.01313,-0.00917,0.006303,0.002811,-0.018685,-0.01778571428571428,0.9373,0.1578,2.48,8
1855,0,0,1,0.42,0.0513,0.5656,0.065,73.49999998763374,0.055,0.0485,0.05,0.0575,0.027,0.0185,0.045,0.015,0.0568,0.0491,0.0356,69.0,0.1273,0.457,0.068,0.135,0.016,0.018,0.33,0.35,0.009,0.004638,0.002302,0.006914,0.009116,0.002437,0.002016,0.001242,0.693335,-0.001805,0.003944,-0.00213,0.002135,0.001245,-0.0089585,-0.005992857142857138,2.281,1.583,5.15,8
1856,1,0,0,0.405,0.037,0.5656,0.045,75.50002376309689,0.04,0.0286,0.045,0.0365,0.02335,0.013,0.0318,0.015,0.0499,0.0493,0.0341,73.0,0.11,0.58,0.068,0.12,0.0,0.0,0.33,0.35,0.009,0.00273,0.009536,0.001008,0.003142,0.00069946,0.002348,0.007793,0.626625,-0.002501,0.005443,-0.003386,0.002715,0.0007674,-0.008695999999999999,-0.007471428571428571,0.7183,0.3938,7.36,8
1857,1,0,0,0.445,0.016,0.5656,0.095,71.30001394166992,0.04,0.0286,0.045,0.0365,0.02335,0.013,0.0272,0.015,0.0478,0.0957,0.0292,68.3,0.1189,0.4799,0.068,0.135,0.0,0.0,0.33,0.3,0.009,0.001767,0.001103,0.00085,0.002118,0.001604,0.0005531,0.0007155,0.656127,-0.01369,0.02547,-0.01451,0.01345,0.003177,-0.045315,-0.009928571428571445,0.3035,0.1037,2.47,8
1858,1,0,0,0.465,0.03,0.5656,0.045,74.0000202554444,0.04,0.027,0.042,0.0365,0.02125,0.013,0.0286,0.015,0.036,0.0308,0.0394,67.0,0.1474,0.5508,0.068,0.135,0.0,0.0,0.33,0.35,0.009,0.001164,0.0006,0.005462,0.00092086,0.001025,0.00057412,0.002117,0.663848,-0.004327,0.01177,-0.005623,0.006454,0.003886,-0.021089999999999998,0.003142857142857138,0.09956,0.1818,4.09,8
1859,1,0,0,0.405,-0.03,0.5656,0.045,74.0000202554444,0.04,0.0286,0.045,0.0365,0.02335,0.013,0.0318,0.015,0.0404,0.05,0.032,74.0,0.15,0.316,0.068,0.13,0.0,0.0,0.33,0.35,0.009,0.000578,0.008178,0.004309,0.00361,0.005542,0.00054947,0.00067435,0.549668,-0.004022,0.005725,-0.003948,0.00267,0.001092,-0.009164499999999999,-0.005150000000000008,0.5639,0.3155,4.98,8
1860,1,0,0,0.44,0.068,0.5656,0.045,72.99997971982306,0.04,0.0286,0.045,0.0365,0.02335,0.013,0.0318,0.015,0.0509,0.0513,0.0259,71.0,0.1048,0.4577,0.068,0.135,0.016,0.018,0.41,0.4,0.009,0.000596,0.000589,0.00071,0.001451,0.003862,0.00074596,0.001624,0.711156,0.03377,-0.06724,0.04008,-0.03488,0.003442,-0.043855000000000005,-0.02621428571428571,0.1999,0.158,2.88,8
1861,1,0,0,0.36258,0.07,0.5656,0.045,85.00000778104301,0.04,0.0286,0.045,0.0365,0.02335,0.013,0.0318,0.015,0.0584,0.0453,0.0425,73.0,0.345,0.5113,0.068,0.13,0.0,0.0,0.33,0.35,0.009,0.006257,0.008421,0.00316,0.004483,0.001468,0.001361,0.001594,0.46249,0.004318,-0.007152,0.004005,-0.004438,0.000591,-0.006813,-0.003157142857142861,0.4632,0.3618,5.42,8
1862,1,0,0,0.905,-0.007,0.5656,0.045,44.500027665984675,0.04,0.0286,0.045,0.0365,0.02335,0.013,0.0318,0.015,0.0369,0.15,0.0359,45.0,0.145,0.55,0.068,0.13,0.0,0.0,0.33,0.35,0.009,0.000559,0.002556,0.000757,0.001641,0.00057665,0.008968,0.009234,0.338792,0.003953,-0.005781,0.003182,-0.003414,0.0005082,-0.004919,-0.003314285714285714,0.7909,0.4335,4.63,8
1864,1,0,0,0.381,0.0,0.5656,0.06,71.00001324013941,0.04,0.0302,0.045,0.045,0.0275,0.019,0.0318,0.015,0.0442,0.0549,0.0296,70.5,0.115,0.301,0.068,0.135,0.0,0.0,0.33,0.3,0.009,0.007377,0.00071,0.009769,0.009769,0.002514,0.001246,0.00053637,0.609516,-0.003529,0.00504,-0.003607,0.002524,0.001325,-0.011609999999999999,0.01,0.9325,0.2492,5.62,8
1865,1,0,0,0.39,0.06,0.5656,0.09,75.99998673512805,0.04,0.0286,0.0381,0.0365,0.0222,0.0145,0.0318,0.015,0.0461,0.0316,0.0329,73.5,0.095,0.5516,0.068,0.13,0.0,0.0,0.33,0.35,0.009,0.000564,0.001674,0.001579,0.00056703,0.00405,0.002884,0.002153,0.646055,0.01803,-0.02979,0.02109,-0.01404,0.002068,-0.015870000000000002,0.0027142857142857272,0.2991,0.1495,3.29,8
1866,1,0,0,0.425,0.066,0.5656,0.045,73.49999998763374,0.04,0.02855,0.045,0.03175,0.02335,0.013,0.0317,0.015,0.0376,0.0418,0.044,72.0,0.0608,0.52,0.068,0.13,0.0,0.0,0.33,0.35,0.009,0.001366,0.00288,0.000831,0.00070511,0.003997,0.001255,0.008353,0.657438,0.01659,-0.02892,0.02008,-0.01226,0.001636,-0.013940000000000001,-0.010285714285714275,0.3586,0.1327,5.52,8
1867,1,0,0,0.405,0.07,0.5656,0.045,73.49999998763374,0.04,0.0277,0.036,0.036,0.02335,0.013,0.031,0.015,0.0373,0.045,0.0348,73.0,0.1752,0.605,0.068,0.13,0.0,0.0,0.33,0.3,0.009,0.000601,0.001257,0.000742,0.00072075,0.001294,0.003842,0.005208,0.657672,0.01247,-0.02905,0.01582,-0.01637,0.001716,-0.02146,-0.013000000000000015,0.3703,0.1814,4.3,8
1868,1,0,0,0.505,-0.007,0.5656,0.045,61.49997192641377,0.04,0.0286,0.045,0.0365,0.02335,0.013,0.0318,0.015,0.0372,0.0354,0.0213,60.0,0.645,0.5154,0.068,0.13,0.0,0.0,0.33,0.35,0.009,0.001982,0.000589,0.000661,0.006387,0.00078745,0.00066455,0.00054787,0.410865,0.0002198,-9.958e-05,2.57e-06,-0.0004965,0.001834,-0.017845,0.0029285714285714327,0.04147,0.0408,2.46,8
1869,1,0,0,0.385,0.045,0.5656,0.06,75.99998673512805,0.04,0.0302,0.045,0.045,0.0275,0.019,0.0318,0.015,0.0472,0.0499,0.0359,77.0,0.1242,0.51,0.068,0.135,0.0,0.0,0.33,0.3,0.009,0.002395,0.007344,0.000689,0.001237,0.001078,0.0022,0.001549,0.656284,-0.004262,0.008191,-0.004769,0.004684,0.000605,-0.017634999999999998,0.0010714285714285773,0.9759,0.2738,5.56,8
1870,1,0,0,0.44,0.06,0.5656,0.045,72.99997971982306,0.04,0.0286,0.045,0.0365,0.02335,0.013,0.0318,0.015,0.0506,0.0525,0.0296,71.0,0.095,0.4064,0.068,0.13,0.016,0.018,0.33,0.395,0.009,0.001321,0.00152,0.005506,0.009432,0.00088715,0.00152,0.00097421,0.706036,0.02289,-0.04341,0.026,-0.02226,0.002005,-0.033945,-0.0186428571428571,0.293,0.2032,4.36,8
1871,1,0,0,0.365,0.0,0.5656,0.055,71.99999647998123,0.04,0.0286,0.045,0.0365,0.02335,0.013,0.0318,0.015,0.048,0.0541,0.0271,71.0,0.115,0.308,0.068,0.135,0.0,0.0,0.33,0.35,0.009,0.001425,0.008844,0.001529,0.003309,0.005162,0.00065826,0.00080315,0.615908,-0.007369,0.01055,-0.007454,0.005637,0.0009452,-0.02169,-0.014857142857142845,0.7182,0.18,4.3,8
1872,0,0,1,0.412,0.07,0.5656,0.055,72.99997971982306,0.05,0.0354,0.055,0.0565,0.0375,0.013,0.0346,0.015,0.0669,0.2648,0.0302,73.0,0.17,0.7303,0.09,0.135,0.0,0.0,0.33,0.35,0.009,0.002568,0.001009,0.008687,0.006686,0.00092796,0.001479,0.001178,0.665438,0.01182,-0.02842,0.01502,-0.01381,0.001179,-0.016585000000000003,-0.002499999999999997,0.8855,1.084,4.69,8
1874,1,0,0,0.381,0.0,0.5656,0.06,69.99997270451806,0.04,0.0302,0.045,0.045,0.0275,0.019,0.0318,0.015,0.0435,0.0545,0.0302,69.0,0.115,0.307,0.068,0.135,0.0,0.0,0.33,0.3,0.009,0.001355,0.006158,0.000657,0.00142,0.00125,0.004887,0.001473,0.606351,-0.004091,0.00624,-0.004227,0.003208,0.0005611,-0.010105,0.0013571428571428636,0.8497,0.2917,4.46,8
1875,0,0,1,0.412,0.07,0.5656,0.43,72.99997971982306,0.05,0.0354,0.055,0.0565,0.0375,0.01,0.0346,0.015,0.0669,0.2648,0.0302,73.0,0.17,0.7303,0.09,0.135,0.0,0.0,0.33,0.35,0.01,0.007027,0.002513,0.000744,0.005168,0.001746,0.00059355,0.001098,0.665438,0.01937,-0.04344,0.02422,-0.02214,0.0007901,-0.026245,-0.005499999999999999,0.7903,0.6578,3.09,8
1876,1,0,0,0.423,0.074,0.5656,0.045,72.99997971982306,0.04,0.0295,0.045,0.035,0.0225,0.013,0.027,0.015,0.0495,0.0471,0.0382,72.0,0.125,0.5671,0.068,0.13,0.0,0.0,0.33,0.35,0.009,0.005945,0.000812,0.000739,0.005673,0.002294,0.00092627,0.004908,0.651133,0.01439,-0.02783,0.01746,-0.01375,0.001672,-0.018135,-0.002785714285714271,0.1584,0.1494,4.88,8
1877,1,0,0,0.41,0.0175,0.5656,0.045,71.49997621217057,0.04,0.0286,0.045,0.0365,0.02335,0.013,0.0318,0.015,0.0471,0.0515,0.0311,68.0,0.12,0.42,0.068,0.135,0.0,0.0,0.33,0.35,0.009,0.009529,0.008652,0.001491,0.007856,0.00133,0.009173,0.005611,0.652003,-0.002951,0.005986,-0.00355,0.003202,0.0006835,-0.014365,-0.010500000000000004,0.592,0.2315,6.99,8
1878,1,0,0,0.405,0.07,0.5656,0.045,74.0000202554444,0.04,0.0262,0.035,0.0365,0.02335,0.013,0.031,0.015,0.0423,0.0146,0.0287,75.0,0.1866,0.6246,0.068,0.13,0.0,0.0,0.33,0.35,0.009,0.000876,0.003007,0.005047,0.00052052,0.007211,0.001028,0.00175,0.671131,0.01832,-0.04199,0.02227,-0.0247,0.001713,-0.032600000000000004,-0.01657142857142854,0.2414,0.1463,5.53,8
1879,1,0,0,0.365,0.0,0.5656,0.055,71.99999647998123,0.04,0.0286,0.045,0.0365,0.02335,0.013,0.0318,0.015,0.0489,0.0547,0.0265,71.0,0.115,0.308,0.068,0.135,0.0,0.0,0.33,0.35,0.009,0.008805,0.002045,0.009501,0.008018,0.002888,0.00194,0.009754,0.616318,-0.001774,0.002761,-0.001913,0.001446,0.0005999,-0.006024,0.0005571428571428567,0.9575,0.4064,8.13,8
1880,1,0,0,0.38,0.0,0.5656,0.06,73.49999998763374,0.04,0.0302,0.045,0.045,0.0275,0.019,0.0318,0.015,0.0379,0.0543,0.0262,71.5,0.1849,0.15,0.068,0.135,0.0,0.0,0.33,0.3,0.009,0.008709,0.000914,0.003936,0.006892,0.004373,0.00054787,0.005151,0.659241,-0.0003125,0.000934,-0.0003291,0.0003792,0.0004547,-0.0072065,0.004607142857142855,0.6204,0.2257,8.09,8
1881,0,0,1,0.442,0.04,0.5656,0.045,73.80000068916422,0.04,0.0286,0.045,0.0365,0.02335,0.013,0.0318,0.015,0.0444,0.0319,0.0397,71.0,0.15,0.5519,0.068,0.135,0.0,0.0,0.33,0.35,0.009,0.002766,0.003811,0.005591,0.003183,0.004076,0.005304,0.001074,0.689153,-0.009846,0.02374,-0.01176,0.01374,0.003262,-0.06261,-0.030857142857142836,0.9723,0.3605,3.38,8
1882,1,0,0,0.455,0.045,0.5656,0.06,73.49999998763374,0.034,0.0359,0.044,0.041,0.024,0.0195,0.0349,0.015,0.05,0.054,0.035,70.0,0.132,0.48,0.068,0.135,0.0,0.018,0.33,0.3,0.009,0.000552,0.002104,0.006567,0.00052974,0.00089301,0.003745,0.008059,0.703994,-0.001447,0.003487,-0.0017,0.001903,0.000936,-0.007976,0.0008428571428571431,1.37,0.5013,9.86,8
1883,0,0,1,0.4981,0.07,0.5656,0.045,60.00002571454078,0.07,0.0431,0.075,0.0365,0.02335,0.013,0.0318,0.015,0.046,0.046,0.0369,63.1,0.159,0.512,0.068,0.135,0.0,0.0,0.33,0.35,0.009,0.001227,0.007127,0.000554,0.00097065,0.001186,0.00064163,0.00092762,0.672913,0.05251,-0.1189,0.06469,-0.05819,0.004541,-0.04869,0.017285714285714272,0.1787,0.2134,2.59,8
1884,0,0,1,0.32,-0.02,0.5656,0.035,74.0000202554444,0.04,0.0277,0.038,0.032,0.02,0.0165,0.029,0.015,0.0361,0.0304,0.0298,73.0,0.1,0.2054,0.068,0.13,0.0,0.0,0.33,0.35,0.009,0.000575,0.000837,0.003742,0.001611,0.001336,0.003103,0.002573,0.485242,0.2149,-0.09746,0.05209,-0.04987,0.008157,-0.058414999999999995,0.0087857142857143,0.2637,0.2379,2.24,8
1885,1,0,0,0.4,0.035,0.5656,0.2,75.50002376309689,0.04,0.0302,0.045,0.0365,0.02335,0.013,0.0318,0.015,0.041,0.1125,0.041,74.5,0.2168,0.7225,0.068,0.12,0.0,0.018,0.33,0.35,0.009,0.002762,0.001351,0.001147,0.00421,0.001497,0.001753,0.004937,0.645112,-0.002223,0.005784,-0.0025,0.003526,0.0009119,-0.019584999999999998,-0.01135714285714284,1.864,0.2547,6.28,8
1886,0,0,1,0.4,0.0,0.5656,0.045,68.50002649264509,0.04,0.0327,0.045,0.03995,0.02335,0.0165,0.038,0.015,0.0547,0.0591,0.0322,67.1,0.125,0.35,0.068,0.13,0.0,0.0,0.33,0.35,0.009,0.001015,0.004984,0.001476,0.008741,0.002588,0.00094612,0.002441,0.577725,-0.005801,0.008943,-0.00637,0.003866,0.001409,-0.01167,0.0025714285714285657,2.082,0.8,2.61,8
1887,0,0,1,0.387,0.054,0.5656,0.05,76.50000700293872,0.04,0.0286,0.045,0.0365,0.02335,0.013,0.0318,0.015,0.0698,0.047,0.043,74.5,0.1167,0.547,0.068,0.12,0.016,0.0,0.33,0.3,0.009,0.001148,0.001988,0.002891,0.001322,0.005114,0.006424,0.001479,0.634829,0.03263,-0.0518,0.03783,-0.02369,0.003309,-0.026485,0.004071428571428554,0.614,0.2837,2.28,8
1888,0,0,1,0.405,0.07,0.5656,0.045,75.50002376309689,0.04,0.0286,0.045,0.0365,0.02335,0.013,0.0358,0.015,0.0589,0.0448,0.038,81.0,0.1233,0.6648,0.068,0.12,0.0,0.0,0.33,0.35,0.009,0.002149,0.009754,0.00283,0.00069895,0.003343,0.001342,0.001126,0.667964,0.04465,-0.08594,0.05451,-0.04359,0.002942,-0.05146,-0.004142857142857123,0.4596,0.3191,3.26,8
1889,0,0,1,0.381,0.0,0.5656,0.06,71.00001324013941,0.04,0.0302,0.045,0.045,0.0275,0.019,0.0318,0.015,0.0413,0.0533,0.0315,70.5,0.115,0.301,0.068,0.135,0.0,0.0,0.33,0.3,0.009,0.003124,0.001737,0.003941,0.001064,0.001387,0.002447,0.00078171,0.619673,-0.00741,0.0114,-0.007688,0.006121,0.001914,-0.02148,0.004285714285714284,1.411,0.4281,2.34,8
1890,0,0,1,0.381,0.0,0.5656,0.06,71.00001324013941,0.04,0.0302,0.045,0.045,0.0275,0.019,0.0318,0.015,0.0413,0.0533,0.0315,70.5,0.115,0.301,0.068,0.135,0.0,0.0,0.33,0.3,0.009,0.003486,0.005398,0.002026,0.002071,0.0006783,0.001269,0.001071,0.619673,-0.007815,0.01179,-0.007918,0.006374,0.001142,-0.022685,0.002642857142857159,1.687,0.451,2.82,8
1892,1,0,0,0.405,0.07,0.5656,0.045,74.0000202554444,0.04,0.0286,0.045,0.0365,0.02335,0.013,0.0318,0.015,0.0499,0.049,0.034,73.0,0.145,0.515,0.068,0.13,0.0,0.0,0.33,0.35,0.009,0.002764,0.000756,0.000516,0.002517,0.00055472,0.002992,0.002259,0.653639,0.02033,-0.03998,0.02467,-0.02124,0.002121,-0.02812,-0.018714285714285718,0.2094,0.1312,3.08,8
1893,1,0,0,0.405,0.07,0.5656,0.045,74.0000202554444,0.04,0.0286,0.045,0.0365,0.02335,0.013,0.0318,0.015,0.0499,0.049,0.034,73.0,0.145,0.515,0.068,0.13,0.0,0.0,0.33,0.35,0.009,0.002285,0.007727,0.004839,0.00079468,0.0012,0.00386,0.007141,0.653639,0.008048,-0.01637,0.01006,-0.008628,0.0009633,-0.01039,0.0011428571428571458,0.5485,0.2209,8.16,8
1894,1,0,0,0.405,0.07,0.5656,0.045,74.0000202554444,0.04,0.02545,0.032,0.0365,0.02025,0.012,0.0286,0.015,0.0328,0.0168,0.0246,74.0,0.0975,0.5768,0.068,0.12,0.0,0.0,0.33,0.35,0.009,0.001128,0.007685,0.000521,0.006081,0.00075751,0.009487,0.008741,0.663726,0.1956,-0.02123,0.0137,-0.01087,0.001056,-0.01481,-0.0017142857142857185,0.1065,0.3131,6.64,8
1895,0,0,1,0.38927,0.07,0.5656,0.045,77.49999024278054,0.04,0.0286,0.045,0.0365,0.02335,0.013,0.0318,0.015,0.0537,0.0473,0.0356,80.0,0.145,0.6102,0.068,0.12,0.0,0.0,0.33,0.35,0.009,0.009876,0.00084,0.001911,0.001195,0.002318,0.00080374,0.00050037,0.684381,0.07342,-0.1486,0.08827,-0.08369,0.006998,-0.1085,-0.055714285714285716,0.1884,0.147,1.81,8
1896,1,0,0,0.425,0.04,0.5656,0.045,72.99997971982306,0.04,0.0286,0.045,0.0365,0.02335,0.013,0.0318,0.015,0.0459,0.0504,0.0326,70.0,0.1202,0.48,0.068,0.135,0.0,0.0,0.33,0.35,0.009,0.002186,0.002994,0.002541,0.004017,0.003642,0.006203,0.001847,0.679365,-0.005159,0.01112,-0.006133,0.006185,0.001381,-0.026099999999999998,-0.01571428571428569,0.6036,0.2675,4.73,8
1897,0,0,1,0.405,0.07,0.5656,0.205,73.49999998763374,0.05,0.0332,0.056,0.0365,0.035,0.0125,0.035,0.015,0.0547,0.2021,0.0364,73.0,0.155,0.7051,0.068,0.13,0.0,0.0,0.33,0.35,0.009,0.006221,0.002508,0.001022,0.00069335,0.006015,0.008202,0.006303,0.643574,0.01874,-0.03818,0.02296,-0.01915,0.001066,-0.01974,0.00757142857142856,0.366,0.09224,4.68,8
1898,0,0,1,0.405,0.07,0.5656,0.045,74.0000202554444,0.04,0.0286,0.045,0.0365,0.02335,0.013,0.0318,0.015,0.0499,0.049,0.034,73.0,0.145,0.515,0.068,0.13,0.0,0.018,0.33,0.35,0.009,0.001736,0.001659,0.004132,0.00052454,0.002554,0.007135,0.00081469,0.653639,0.04199,-0.07736,0.04784,-0.04116,0.004597,-0.04899,0.009714285714285713,0.2772,0.1536,2.19,8
1899,1,0,0,0.405,0.07,0.5656,0.045,74.0000202554444,0.04,0.0286,0.045,0.0365,0.02335,0.013,0.0318,0.015,0.0499,0.049,0.034,73.0,0.145,0.515,0.068,0.13,0.0,0.018,0.33,0.35,0.009,0.005791,0.002655,0.000834,0.003822,0.00060605,0.00076139,0.002145,0.653639,0.01942,-0.03718,0.02285,-0.01986,0.001196,-0.026025,-0.002214285714285698,0.299,0.2308,4.17,8
1900,1,0,0,0.412,0.07,0.5656,0.03,72.99997971982306,0.04,0.0254,0.0317,0.0365,0.01735,0.0105,0.0286,0.015,0.0332,0.0252,0.031,73.0,0.116,0.4952,0.068,0.13,0.0,0.0,0.33,0.35,0.009,0.001819,0.001731,0.00183,0.00183,0.002239,0.00090948,0.003661,0.649655,0.2085,-0.02782,0.01782,-0.01425,0.002423,-0.017070000000000002,0.0021428571428571295,0.07514,0.2862,3.9,8
1901,1,0,0,0.32766,-0.0484,0.5656,0.03,71.49997621217057,0.04,0.0302,0.044,0.0355,0.02222,0.02222,0.028575,0.015,0.0387,0.0332,0.0249,75.5,0.115,0.2173,0.068,0.11,0.0,0.0,0.33,0.3,0.0112,0.003712,0.00058,0.00056,0.003563,0.009819,0.00051147,0.000784,0.484236,0.06313,-0.07567,0.04836,-0.03928,0.003988,-0.04965,-0.006714285714285688,0.1208,0.1003,3.95,8
1902,0,0,1,0.4047,0.07,0.5656,0.03,73.49999998763374,0.04,0.0286,0.045,0.0375,0.02335,0.013,0.0318,0.015,0.0501,0.1625,0.038,76.0,0.1806,0.7725,0.068,0.12,0.0,0.0,0.33,0.35,0.009,0.006033,0.003537,0.001692,0.004322,0.008684,0.00066553,0.00525,0.674602,0.02148,-0.05188,0.02662,-0.0285,0.001711,-0.040385000000000004,-0.02578571428571425,0.5407,0.4666,4.86,8
1903,1,0,0,0.3429,-0.0453,0.5656,0.03,71.00001324013941,0.04,0.0302,0.044,0.0355,0.019,0.019,0.028575,0.015,0.0375,0.0173,0.0263,75.0,0.1217,0.2141,0.068,0.11,0.0,0.0,0.33,0.3,0.0112,0.00146,0.000613,0.001717,0.002443,0.003663,0.002594,0.00099947,0.527528,-0.004273,0.004368,-0.004019,0.001813,0.001868,-0.0044195,0.003435714285714283,0.09709,0.3065,2.25,8
1904,1,0,0,0.43,0.06,0.5656,0.045,72.99997971982306,0.0399,0.0286,0.036,0.0365,0.0225,0.012,0.0299,0.013,0.055,0.04,0.025,71.0,0.115,0.435,0.0735,0.135,0.016,0.0,0.39,0.3,0.014,0.009268,0.006081,0.002223,0.00050885,0.00355,0.009053,0.001168,0.678694,0.02729,-0.04912,0.03117,-0.02495,0.001895,-0.02888,0.0032857142857143002,0.1369,0.14,4.89,8
1905,1,0,0,0.445,0.085,0.5656,0.04,74.0000202554444,0.0399,0.027,0.037,0.0365,0.0225,0.012,0.0299,0.012,0.049,0.04,0.025,71.0,0.125,0.468,0.1,0.15,0.016,0.014,0.39,0.39,0.02,0.000571,0.000843,0.000814,0.00054787,0.003193,0.007034,0.00114,0.736151,0.04862,-0.1023,0.05657,-0.05713,0.004446,-0.069755,0.004214285714285765,0.08406,0.0657,2.65,8
1906,1,0,0,0.455,0.09,0.5656,0.06,75.00000349528622,0.04,0.0286,0.036,0.0365,0.022,0.016,0.0298,0.013,0.054,0.0565,0.0261,72.0,0.155,0.5415,0.073,0.135,0.0,0.0,0.33,0.3,0.015,0.00101,0.000907,0.000886,0.001058,0.004711,0.006654,0.009733,0.734511,0.1155,-0.0327,0.017,-0.01867,0.002452,-0.02306,0.00142857142857142,0.09504,0.2448,6.82,8
1907,1,0,0,0.3429,-0.0453,0.5656,0.02,71.00001324013941,0.04,0.0302,0.044,0.0355,0.019,0.019,0.028575,0.015,0.0375,0.0173,0.0263,75.0,0.1144,0.2332,0.068,0.11,0.0,0.0,0.33,0.3,0.0112,0.008048,0.00543,0.001521,0.005833,0.009384,0.00058258,0.004873,0.528021,-0.002286,0.002254,-0.002146,0.0009129,0.0006771,-0.002085,0.0001571428571428594,0.134,0.5429,6.1,8
1909,1,0,0,0.381,0.0,0.5656,0.06,69.99997270451806,0.04,0.0302,0.045,0.045,0.0275,0.019,0.0318,0.015,0.0435,0.0443,0.0306,69.0,0.115,0.307,0.068,0.135,0.0,0.0,0.33,0.3,0.009,0.006983,0.000716,0.002126,0.00317,0.001063,0.00091817,0.00547,0.606351,-0.001472,0.002343,-0.001535,0.001166,0.0005796,-0.0044715,0.0011357142857142876,1.214,0.6639,6.36,8
1910,0,0,1,0.381,0.0,0.5656,0.06,71.00001324013941,0.04,0.0302,0.045,0.045,0.0275,0.019,0.0318,0.015,0.0448,0.0553,0.0292,70.5,0.115,0.301,0.068,0.135,0.0,0.0,0.33,0.3,0.009,0.000981,0.001788,0.000953,0.001721,0.00055798,0.0006421,0.00056454,0.609749,-0.01392,0.02041,-0.01412,0.01069,0.002165,-0.0351,0.004000000000000035,1.011,0.3417,1.38,8
1911,0,0,1,0.405,0.07,0.5656,0.045,74.0000202554444,0.04,0.0286,0.045,0.0365,0.02335,0.013,0.0318,0.015,0.0501,0.0486,0.034,73.0,0.145,0.5146,0.068,0.13,0.0,0.0,0.33,0.35,0.009,0.000677,0.002075,0.005155,0.004376,0.00077658,0.00062176,0.001016,0.651833,0.03239,-0.06356,0.03908,-0.03391,0.003231,-0.04511,-0.0012857142857142828,0.5329,0.4492,2.22,8
1912,0,0,1,0.405,0.07,0.5656,0.045,74.0000202554444,0.04,0.0286,0.045,0.0365,0.02335,0.013,0.0318,0.015,0.0501,0.0486,0.034,73.0,0.145,0.5146,0.068,0.13,0.0,0.0,0.33,0.35,0.009,0.007646,0.000631,0.007201,0.00345,0.00076811,0.001773,0.001587,0.651833,0.02633,-0.0515,0.03191,-0.02743,0.004565,-0.037205,-0.020928571428571442,0.4949,0.4965,2.75,8
1913,1,0,0,0.381,0.0,0.5656,0.06,69.99997270451806,0.04,0.0302,0.045,0.045,0.0275,0.019,0.0318,0.015,0.0435,0.0443,0.0306,69.0,0.115,0.307,0.068,0.135,0.0,0.0,0.33,0.3,0.009,0.005898,0.000863,0.004032,0.00068079,0.002592,0.002388,0.003814,0.606351,-0.001571,0.002623,-0.001701,0.001305,0.0007419,-0.004641,0.004771428571428572,1.042,0.39,6.12,8
1914,0,0,1,0.381,0.0,0.5656,0.05,69.99997270451806,0.04,0.0352,0.053,0.045,0.04,0.024,0.0318,0.015,0.0512,0.0494,0.0356,69.0,0.115,0.307,0.068,0.135,0.0,0.0,0.33,0.3,0.009,0.003527,0.001617,0.000566,0.001312,0.001451,0.003273,0.00169,0.60917,-0.007284,0.01072,-0.007305,0.005382,0.000743,-0.016145,-0.0042142857142857156,1.206,0.6724,2.82,8
1915,1,0,0,0.381,0.0,0.5656,0.06,69.99997270451806,0.04,0.0302,0.045,0.045,0.0275,0.019,0.0318,0.015,0.0435,0.0443,0.0306,69.0,0.115,0.307,0.068,0.135,0.0,0.0,0.33,0.3,0.009,0.001073,0.003933,0.002935,0.00081499,0.003094,0.002309,0.001806,0.606351,-0.002535,0.00416,-0.002769,0.002104,0.0006108,-0.00662,0.0016428571428571377,0.8582,0.3705,4.84,8
1916,1,0,0,0.381,0.0,0.5656,0.06,69.99997270451806,0.04,0.0302,0.045,0.045,0.0275,0.019,0.0318,0.015,0.0435,0.0443,0.0306,69.0,0.115,0.307,0.068,0.135,0.0,0.0,0.33,0.3,0.009,0.002955,0.005204,0.001355,0.001325,0.001919,0.00095656,0.003326,0.606351,-0.002059,0.003275,-0.002186,0.001664,0.0004568,-0.005388,-0.0012571428571428566,1.228,0.5595,5.99,8
1917,1,0,0,0.375,0.0,0.5656,0.06,69.99997270451806,0.04,0.0302,0.045,0.045,0.0275,0.019,0.0318,0.015,0.0446,0.0443,0.0306,69.0,0.1045,0.307,0.068,0.135,0.0,0.0,0.33,0.3,0.009,0.001477,0.000822,0.001864,0.0005033,0.00065586,0.005174,0.007393,0.589778,-0.001081,0.002047,-0.001316,0.000901,0.0005964,-0.00253,0.0054142857142857135,0.9,0.2948,5.81,8
1918,0,0,1,0.36778,0.07,0.5656,0.325,74.49998322747555,0.04,0.0347,0.045,0.04405,0.025,0.013,0.0318,0.015,0.0518,0.1936,0.0441,74.0,0.1451,0.7743,0.068,0.13,0.0,0.0,0.33,0.35,0.009,0.000593,0.005185,0.002188,0.006767,0.007238,0.001251,0.001676,0.661683,0.02112,-0.04212,0.0257,-0.0231,0.001232,-0.033195,0.002357142857142885,0.6396,0.4101,3.44,8
1919,0,0,1,0.39827,0.07,0.5656,0.1,74.49998322747555,0.04,0.0306,0.045,0.0365,0.02335,0.014,0.0358,0.015,0.0535,0.03,0.0379,75.0,0.1691,0.6105,0.068,0.13,0.0,0.0,0.33,0.35,0.009,0.000682,0.000635,0.00385,0.001512,0.009676,0.001722,0.002241,0.673651,0.02636,-0.05748,0.03256,-0.03252,0.004883,-0.043475,-0.022214285714285725,0.6464,0.5392,3.03,8
1920,0,0,1,0.39827,0.07,0.5656,0.1,74.49998322747555,0.04,0.0306,0.045,0.0365,0.02335,0.014,0.0358,0.015,0.0535,0.03,0.0379,75.0,0.1691,0.6105,0.068,0.13,0.0,0.0,0.33,0.35,0.009,0.001858,0.000794,0.001341,0.005454,0.005032,0.00076028,0.004076,0.673651,0.02507,-0.0544,0.03039,-0.03072,0.002919,-0.0454,-0.028142857142857133,0.5966,0.3579,2.92,8
1921,0,0,1,0.405,0.068042,0.5656,0.15,74.2190047247434,0.04,0.0331,0.055,0.0365,0.02335,0.013,0.0318,0.015,0.0523,0.0506,0.0436,74.719,0.17,0.6205,0.068,0.13,0.0,0.0,0.33,0.35,0.009,0.001199,0.006856,0.002309,0.001734,0.009349,0.00822,0.002434,0.672435,0.02583,-0.05683,0.03178,-0.03191,0.002238,-0.040855,0.003214285714285707,0.3133,0.2422,4.04,8
1922,1,0,0,0.35,0.0,0.5656,0.045,74.49998322747555,0.04,0.0286,0.045,0.0365,0.02335,0.013,0.0318,0.015,0.0508,0.0303,0.026,74.0,0.1,0.2603,0.068,0.11,0.0,0.0,0.33,0.35,0.009,0.000808,0.001335,0.000761,0.007296,0.001624,0.00083857,0.003356,0.599157,-0.003912,0.005398,-0.003949,0.002471,0.0008923,-0.00876,-0.008042857142857143,0.7485,0.3042,3.09,8
1923,1,0,0,0.35,0.0,0.5656,0.045,74.49998322747555,0.04,0.0286,0.045,0.0365,0.02335,0.013,0.0318,0.015,0.0513,0.0304,0.0259,74.0,0.1,0.2604,0.068,0.11,0.0,0.0,0.33,0.35,0.009,0.001826,0.000808,0.001318,0.00082398,0.002231,0.004691,0.00054149,0.599444,-0.009101,0.01212,-0.009334,0.00582,0.002392,-0.01754,-0.013000000000000015,0.295,0.1842,1.92,8
1924,0,0,1,0.30148,0.043,0.5656,0.045,74.0000202554444,0.04,0.0286,0.045,0.0365,0.02335,0.013,0.0318,0.015,0.0448,0.0469,0.0407,77.0,0.1244,0.5129,0.068,0.13,0.0,0.0,0.33,0.35,0.009,0.002488,0.000526,0.001156,0.002063,0.001303,0.001056,0.002286,0.555375,-0.003871,0.008041,-0.00664,0.004094,0.002552,-0.011695,0.003785714285714292,0.9733,0.6821,1.59,8
1925,0,0,1,0.55,0.0295,0.5656,0.045,64.99999920952942,0.04,0.0286,0.045,0.0365,0.02335,0.013,0.0318,0.015,0.0501,0.0449,0.0469,67.0,0.1,0.533,0.068,0.135,0.0,0.0,0.33,0.35,0.009,0.000551,0.008703,0.000609,0.00060916,0.002517,0.009669,0.00083795,0.628542,-0.03826,0.07837,-0.04216,0.03188,0.007896,-0.058789999999999995,0.009571428571428576,0.0744,0.1801,2.68,8
1927,1,0,0,0.41325,0.07,0.5656,0.17,71.00001324013941,0.04,0.0317,0.036,0.0365,0.022,0.0125,0.0286,0.015,0.046,0.1652,0.0354,73.0,0.1128,0.6752,0.068,0.13,0.0,0.0,0.33,0.35,0.009,0.002272,0.002743,0.001564,0.00243,0.00486,0.000633,0.001412,0.622619,0.01891,-0.03324,0.02293,-0.01521,0.001819,-0.01744,0.0024285714285714284,0.2441,0.2426,4.14,8
1928,1,0,0,0.39,0.045,0.5656,0.025,74.0000202554444,0.04,0.0252,0.03,0.0365,0.02335,0.013,0.0286,0.015,0.039,0.024,0.0316,73.0,0.128,0.528,0.068,0.12,0.016,0.018,0.33,0.35,0.02,0.00628,0.002165,0.003581,0.001703,0.002851,0.001849,0.001042,0.61318,-0.006481,0.01137,-0.007118,0.006188,0.001633,-0.02097,0.0025714285714285657,0.7118,0.186,4.31,8
1929,1,0,0,0.408,0.07,0.5656,0.045,74.0000202554444,0.04,0.027,0.036,0.03495,0.02335,0.013,0.0286,0.015,0.0427,0.0308,0.0308,72.0,0.11,0.55,0.068,0.13,0.0,0.0,0.33,0.35,0.009,0.008734,0.002422,0.006882,0.00060961,0.001979,0.001539,0.00061408,0.640915,0.02284,-0.03938,0.02669,-0.01922,0.002312,-0.02189,0.007000000000000011,0.1766,0.1545,4.6,8
1930,0,0,1,0.42,0.01,0.5656,0.045,71.49997621217057,0.04,0.0385,0.06,0.0455,0.031,0.0165,0.0318,0.015,0.035,0.09,0.0226,67.0,0.1,0.36,0.073,0.13,0.0,0.0,0.33,0.3,0.009,0.005753,0.004606,0.00477,0.00050147,0.004121,0.00803,0.009683,0.624861,-0.001782,0.00362,-0.002051,0.001661,0.0007097,-0.0045915,0.0019357142857142884,2.211,0.9397,6.59,8
1931,0,0,1,0.4,0.03,0.5656,0.045,71.49997621217057,0.04,0.0385,0.06,0.0455,0.031,0.0165,0.0318,0.015,0.035,0.06,0.0226,67.0,0.1,0.3,0.073,0.13,0.0,0.0,0.33,0.3,0.009,0.005669,0.004486,0.003991,0.003898,0.006678,0.002499,0.006757,0.647981,-0.002062,0.003694,-0.002273,0.001964,0.0005872,-0.007975,-0.005814285714285717,4.56,1.303,5.91,8
1932,0,0,1,0.42,0.01,0.5656,0.045,71.49997621217057,0.04,0.0385,0.06,0.0455,0.031,0.0165,0.0318,0.015,0.035,0.04,0.0226,67.0,0.1,0.34,0.073,0.13,0.0,0.0,0.33,0.3,0.009,0.000673,0.002691,0.003701,0.00058858,0.00065108,0.00922,0.001142,0.633798,-0.003873,0.007851,-0.004669,0.003885,0.001468,-0.01277,0.017142857142857137,1.401,0.5836,2.65,8
1933,0,0,1,0.4,0.03,0.5656,0.06,71.49997621217057,0.04,0.0385,0.04,0.0455,0.031,0.0165,0.0318,0.015,0.035,0.06,0.0226,67.0,0.1,0.3,0.073,0.13,0.0,0.0,0.33,0.3,0.009,0.004589,0.001007,0.008202,0.00051147,0.00253,0.004569,0.005876,0.647981,-0.001646,0.003618,-0.002096,0.001926,0.001209,-0.007197,0.009471428571428577,1.629,0.6917,5.2,8
1934,0,0,1,0.4,0.03,0.5656,0.06,71.49997621217057,0.04,0.0385,0.04,0.0455,0.031,0.0165,0.0318,0.015,0.035,0.06,0.0226,67.0,0.1,0.3,0.073,0.13,0.0,0.0,0.33,0.3,0.009,0.002768,0.001838,0.006429,0.001317,0.00082458,0.001498,0.006028,0.647981,-0.001843,0.003631,-0.002204,0.001907,0.00091,-0.007502999999999999,0.007714285714285715,2.999,1.554,4.92,8
1935,0,0,1,0.32,-0.025,0.5656,0.031,74.0000202554444,0.04,0.0277,0.038,0.032,0.022,0.0175,0.0298,0.015,0.0359,0.0253,0.0299,73.0,0.102,0.2003,0.068,0.13,0.0,0.0,0.33,0.35,0.009,0.00077,0.002644,0.001867,0.006912,0.00058258,0.007781,0.0009864,0.482319,-0.01718,0.02792,-0.0182,0.0152,0.003387,-0.06584499999999999,0.006642857142857144,0.5776,0.3345,1.59,8
1936,0,0,1,0.37,-0.01,0.5656,0.04,74.0000202554444,0.04,0.0282,0.04,0.033,0.023,0.018,0.03,0.015,0.0449,0.0348,0.0265,72.0,0.1,0.2598,0.068,0.13,0.0,0.0,0.33,0.35,0.009,0.001379,0.000506,0.005367,0.005885,0.00245,0.002937,0.005624,0.580679,-0.005487,0.007097,-0.00546,0.003127,0.002273,-0.009538499999999998,-0.008164285714285712,1.073,0.8267,2.62,8
1937,1,0,0,0.39,0.034,0.5656,0.045,71.00001324013941,0.04,0.0286,0.045,0.0365,0.02,0.014,0.0318,0.015,0.0499,0.0533,0.0273,72.0,0.1157,0.3383,0.068,0.135,0.0,0.0,0.33,0.35,0.009,0.00082,0.001184,0.000594,0.001043,0.00768,0.003445,0.001492,0.63481,-0.007387,0.01312,-0.008401,0.006973,0.003211,-0.0237,0.0035714285714285744,0.1056,0.1578,2.79,8
1938,1,0,0,0.39,0.005,0.5656,0.045,71.00001324013941,0.04,0.0286,0.045,0.0365,0.02,0.014,0.0318,0.015,0.0479,0.054,0.0266,72.0,0.11,0.285,0.068,0.135,0.0,0.0,0.33,0.35,0.009,0.00477,0.002626,0.000885,0.00060472,0.0005255,0.003149,0.003797,0.617316,-0.003728,0.006112,-0.004064,0.003054,0.001692,-0.009552999999999999,0.0020285714285714373,0.0945,0.1626,4.09,8
1939,0,0,1,0.4,0.0,0.5656,0.039,74.0000202554444,0.04,0.0287,0.04,0.034,0.024,0.0185,0.03,0.015,0.0463,0.0345,0.0274,73.0,0.102,0.2995,0.068,0.13,0.0,0.0,0.33,0.35,0.009,0.003216,0.004616,0.00181,0.005382,0.003202,0.00585,0.004142,0.603328,-0.008176,0.0114,-0.008109,0.005452,0.001475,-0.017329999999999998,-0.014285714285714273,1.453,0.6571,3.17,8
1940,0,0,1,0.4,0.03,0.5656,0.039,71.49997621217057,0.04,0.0385,0.053,0.0455,0.031,0.0165,0.0318,0.015,0.035,0.06,0.0226,67.0,0.1,0.38,0.073,0.13,0.0,0.0,0.33,0.3,0.009,0.002292,0.000627,0.008551,0.003036,0.00435,0.007629,0.005761,0.647981,-0.001949,0.003823,-0.002228,0.001945,0.0009604,-0.0021885000000000003,0.002592857142857143,6.163,6.431,5.14,9
1941,0,0,1,0.375,0.0,0.5656,0.06,71.49997621217057,0.04,0.0385,0.053,0.0455,0.031,0.0165,0.0318,0.015,0.035,0.06,0.0226,67.0,0.1,0.31,0.073,0.135,0.0,0.0,0.33,0.3,0.009,0.000547,0.00092,0.009747,0.00069132,0.001552,0.00051372,0.00077829,0.62699,-0.003076,0.005367,-0.003366,0.002543,0.001551,-0.0030085,0.005564285714285715,2.722,2.738,3.06,9
1942,0,0,1,0.4,0.02,0.5656,0.06,71.49997621217057,0.04,0.0385,0.05,0.0455,0.031,0.0165,0.0318,0.015,0.035,0.06,0.0226,67.0,0.1,0.3,0.073,0.13,0.0,0.0,0.33,0.3,0.009,0.000672,0.009133,0.00822,0.00089497,0.001105,0.00056703,0.0005348,0.640797,-0.003983,0.006744,-0.004229,0.003274,0.0008,-0.0035065,0.0032214285714285713,3.019,2.468,4.62,9
1943,1,0,0,0.405,0.07,0.5656,0.045,72.99997971982306,0.04,0.0286,0.045,0.0365,0.02335,0.0715,0.0318,0.015,0.0526,0.049,0.0317,77.5,0.144,0.515,0.068,0.13,0.0,0.0,0.33,0.35,0.009,0.004164,0.004325,0.004493,0.00084782,0.001366,0.004103,0.004613,0.6804,0.01104,-0.02221,0.01325,-0.01232,0.0004942,-0.0045214999999999995,0.0015071428571428588,0.3875,1.07,16.66,9
1944,0,0,1,0.379,-0.003,0.5656,0.045,69.50000973248692,0.04,0.0286,0.045,0.0365,0.02485,0.0165,0.0318,0.015,0.0481,0.0317,0.025,69.0,0.115,0.3427,0.068,0.135,0.0,0.0,0.33,0.35,0.009,0.001616,0.001073,0.005993,0.004552,0.00060827,0.001607,0.002309,0.584427,-0.005853,0.00802,-0.005888,0.003775,0.001617,-0.0029835,0.004478571428571428,1.959,3.035,2.37,9
1945,1,0,0,0.415,0.065,0.5656,0.06,74.0000202554444,0.04,0.027,0.036,0.0365,0.02335,0.013,0.0286,0.015,0.0417,0.0456,0.0355,73.0,0.1756,0.6256,0.068,0.13,0.0,0.0,0.33,0.35,0.009,0.001444,0.003403,0.003661,0.003353,0.001696,0.00144,0.002326,0.658978,0.0148,-0.03232,0.0176,-0.01827,0.0008439,-0.0067235,0.0026357142857142885,0.2928,0.8932,5.33,9
1946,0,0,1,0.42,0.07,0.5656,0.045,71.99999647998123,0.04,0.0286,0.055,0.0365,0.02335,0.013,0.0318,0.015,0.0451,0.0469,0.0377,72.0,0.125,0.5569,0.068,0.13,0.0,0.0,0.33,0.35,0.009,0.005189,0.004802,0.001802,0.003717,0.007919,0.00077601,0.00090882,0.632866,0.04469,-0.0818,0.05302,-0.04007,0.002127,-0.013455,0.005642857142857135,0.4783,1.431,3.26,9
1947,0,0,1,0.41894,0.07,0.5656,0.045,69.99997270451806,0.04,0.0286,0.045,0.0365,0.02335,0.013,0.0318,0.015,0.0464,0.048,0.0355,70.0,0.1524,0.515,0.068,0.135,0.0,0.0,0.33,0.35,0.009,0.005799,0.002032,0.00337,0.002397,0.009833,0.002264,0.009833,0.655029,0.01638,-0.03338,0.01981,-0.01785,0.001513,-0.0063955,0.0036642857142857106,0.9945,2.382,5.07,9
1948,1,0,0,0.415,0.074046,0.5656,0.03,73.28691698362458,0.04165,0.0257,0.0322,0.0365,0.02335,0.011,0.028,0.015,0.036,0.0143,0.0254,73.28689,0.132,0.5643,0.069,0.13,0.016,0.0,0.33,0.35,0.013,0.003455,0.00054,0.002436,0.00080964,0.001508,0.002787,0.00083979,0.636841,0.02874,-0.05482,0.03493,-0.02841,0.003152,-0.0100325,0.007107142857142852,0.2354,0.6726,3.03,9
1949,1,0,0,0.455,0.075,0.5656,0.05,71.49997621217057,0.04,0.0286,0.045,0.0365,0.02335,0.013,0.0318,0.015,0.0533,0.0552,0.0263,73.0,0.1625,0.5452,0.068,0.135,0.0,0.0,0.33,0.35,0.009,0.000813,0.003468,0.001268,0.001298,0.001392,0.005162,0.006299,0.695355,0.01259,-0.02904,0.01546,-0.01599,0.0009944,-0.00584,0.002142857142857142,0.3324,0.812,6.24,9
1950,1,0,0,0.405,0.07,0.5656,0.075,74.0000202554444,0.04,0.0286,0.045,0.0365,0.02335,0.013,0.0318,0.015,0.0436,0.0487,0.0345,73.0,0.1459,0.5147,0.068,0.12,0.0,0.0,0.33,0.35,0.009,0.001541,0.000659,0.00342,0.006577,0.001973,0.001333,0.007148,0.648136,0.008244,-0.01621,0.009849,-0.008724,0.000989,-0.003091,0.0021571428571428583,0.5355,1.472,6.2,9
1951,1,0,0,0.405,0.07,0.5656,0.045,74.0000202554444,0.04,0.0286,0.045,0.0365,0.02335,0.013,0.0318,0.015,0.0499,0.049,0.034,73.0,0.145,0.515,0.068,0.13,0.0,0.0,0.33,0.35,0.009,0.001128,0.001677,0.005665,0.004816,0.002968,0.003685,0.0009317,0.653639,0.01672,-0.03231,0.01981,-0.01745,0.001356,-0.0062075,0.003692857142857143,0.3665,1.014,4.53,9
1952,1,0,0,0.39,0.005,0.5656,0.045,71.00001324013941,0.04,0.0286,0.045,0.0365,0.02,0.014,0.0318,0.015,0.0479,0.054,0.0266,72.0,0.11,0.285,0.068,0.135,0.0,0.0,0.33,0.35,0.009,0.000523,0.000524,0.004511,0.002879,0.00070074,0.007262,0.003978,0.617316,-0.002579,0.004936,-0.002988,0.00227,0.001319,-0.002052,0.002742857142857141,1.144,1.432,4.03,9
1953,1,0,0,0.39,0.005,0.5656,0.045,71.00001324013941,0.04,0.0286,0.045,0.0365,0.02,0.014,0.0318,0.015,0.0479,0.054,0.0266,72.0,0.11,0.285,0.068,0.135,0.0,0.0,0.33,0.35,0.009,0.006927,0.001572,0.001163,0.007607,0.005095,0.00096711,0.00067287,0.617316,-0.009491,0.01389,-0.009591,0.006951,0.001673,-0.006484,0.004614285714285713,0.6176,0.4375,3.46,9
1954,0,0,1,0.45,0.065,0.5656,0.045,75.00000349528622,0.04,0.0286,0.045,0.0365,0.02335,0.013,0.0318,0.015,0.04,0.0499,0.027,70.0,0.111,0.43,0.068,0.13,0.0,0.0,0.33,0.35,0.009,0.001484,0.001656,0.003594,0.006294,0.00093034,0.00051522,0.004017,0.643895,0.01975,-0.03643,0.02314,-0.01746,0.001914,-0.0057365,0.00452142857142857,0.879,2.625,2.9,9
1955,1,0,0,0.379,0.0477,0.5656,0.045,77.00002727074938,0.04,0.0277,0.037,0.033,0.021,0.01225,0.0278,0.015,0.0411,0.0267,0.0308,77.0,0.1582,0.5967,0.068,0.13,0.0,0.0,0.33,0.35,0.009,0.004325,0.007217,0.004777,0.003285,0.001435,0.001793,0.00069487,0.645433,-0.005719,0.0112,-0.006193,0.006734,0.001239,-0.009107500000000001,0.0038357142857142926,1.036,0.7953,5.38,9
1958,0,0,1,0.45,0.083838,0.5656,0.045,77.43220933561658,0.04,0.0286,0.045,0.0365,0.02335,0.013,0.0318,0.015,0.04,0.0499,0.027,72.43219,0.111,0.43,0.068,0.13,0.0,0.0,0.33,0.35,0.009,0.006015,0.00062,0.000968,0.001169,0.001047,0.002228,0.00071185,0.679606,0.07767,-0.1576,0.09545,-0.08114,0.006755,-0.028335,0.014071428571428566,0.3409,0.9825,1.54,9
1959,0,0,1,0.45,0.106725,0.5656,0.045,80.41428277193396,0.04,0.0286,0.045,0.0365,0.02335,0.013,0.0318,0.015,0.04,0.0499,0.027,75.4143,0.111,0.43,0.068,0.13,0.0,0.0,0.33,0.35,0.009,0.001597,0.002091,0.005522,0.001006,0.003819,0.0008055,0.001533,0.695387,0.03125,-0.06858,0.04054,-0.03634,0.003319,-0.01292,0.007285714285714285,0.6283,1.726,2.75,9
1960,0,0,1,0.45,0.083838,0.5656,0.045,77.43220933561658,0.04,0.0286,0.045,0.0365,0.02335,0.013,0.0318,0.015,0.04,0.0499,0.027,72.43219,0.111,0.43,0.068,0.13,0.0,0.0,0.33,0.35,0.009,0.001309,0.000869,0.00068,0.00062267,0.001744,0.00070821,0.00063742,0.679606,0.09507,-0.1935,0.1173,-0.09953,0.006749,-0.03479,0.014285714285714297,0.2882,0.7761,1.2,9
1961,1,0,0,0.373,0.045,0.5656,0.045,77.00002727074938,0.04,0.037,0.045,0.0465,0.02335,0.013,0.0318,0.015,0.0484,0.033,0.033,77.0,0.1984,0.603,0.068,0.13,0.0,0.0,0.33,0.35,0.009,0.006802,0.002183,0.000856,0.0005691,0.001514,0.00061859,0.00876,0.649364,-0.0006877,0.002148,-0.0009642,0.001299,0.0005653,-0.001901,0.0015285714285714269,2.218,1.16,8.36,9
1963,1,0,0,0.38,0.0474,0.5656,0.045,77.00002727074938,0.04,0.02695,0.035,0.0325,0.0205,0.012,0.0275,0.015,0.0391,0.0285,0.0287,77.0,0.1919,0.6085,0.068,0.13,0.0,0.0,0.33,0.35,0.009,0.002708,0.009557,0.003608,0.001173,0.00061814,0.00093102,0.002347,0.651101,-0.003964,0.009058,-0.004393,0.005772,0.001161,-0.0089855,0.0034785714285714255,1.032,0.6473,5.49,9
1964,0,0,1,0.37,0.0474,0.5656,0.045,77.49999024278054,0.04,0.02695,0.035,0.0325,0.0205,0.012,0.0275,0.015,0.035,0.0259,0.035,77.5,0.0887,0.6259,0.068,0.13,0.0,0.0,0.33,0.35,0.009,0.008018,0.008329,0.004934,0.00093102,0.00263,0.001008,0.006108,0.635202,-0.007056,0.01212,-0.007885,0.006434,0.001951,-0.005945000000000001,0.006314285714285715,2.342,1.479,3.97,9
1965,0,0,1,0.397,0.07,0.5656,0.19,74.0000202554444,0.04,0.0352,0.045,0.0365,0.02335,0.013,0.0318,0.015,0.0444,0.053,0.0291,74.5,0.0719,0.523,0.068,0.13,0.0,0.0,0.33,0.35,0.009,0.000634,0.00324,0.000554,0.001414,0.001002,0.007117,0.004082,0.621144,0.02067,-0.03336,0.02526,-0.0127,0.00163,-0.0039030000000000002,0.00417142857142857,0.7261,2.33,2.35,9
1966,0,0,1,0.369,0.047,0.5656,0.121,77.00002727074938,0.04,0.0382,0.045,0.058,0.02335,0.01375,0.0318,0.015,0.0569,0.1094,0.0469,77.0,0.1456,0.7294,0.068,0.13,0.0,0.0,0.33,0.35,0.009,0.009384,0.008734,0.005599,0.00104,0.001488,0.001184,0.003259,0.658607,-0.001528,0.003609,-0.001877,0.001996,0.0007708,-0.002384,0.0015428571428571431,5.316,2.391,5.65,9
1967,1,0,0,0.45,0.07,0.5656,0.045,72.50001674779189,0.04,0.0286,0.04,0.0365,0.02335,0.013,0.03,0.015,0.0449,0.025,0.0387,71.0,0.155,0.57,0.068,0.13,0.0,0.0,0.33,0.35,0.009,0.001902,0.001239,0.003845,0.00979,0.00062679,0.007713,0.001561,0.637587,0.01513,-0.03107,0.01781,-0.01608,0.001433,-0.005449,0.003714285714285711,0.3736,1.077,4.39,9
1968,0,0,1,0.364,0.048,0.5656,0.045,77.00002727074938,0.04,0.0277,0.036,0.034,0.02335,0.013,0.029,0.015,0.038,0.02,0.035,77.0,0.0949,0.66,0.068,0.13,0.0,0.0,0.33,0.35,0.009,0.006077,0.00719,0.005136,0.00081678,0.00051522,0.00077148,0.00056578,0.6657,-0.0149,0.02594,-0.01621,0.01478,0.002055,-0.01665,0.007285714285714285,1.672,1.381,3.23,9
1969,0,0,1,0.364,0.048,0.5656,0.045,77.00002727074938,0.04,0.0277,0.036,0.034,0.0225,0.013,0.029,0.015,0.038,0.02,0.032,77.0,0.1017,0.64,0.068,0.13,0.0,0.0,0.33,0.35,0.009,0.00057,0.001548,0.008421,0.006811,0.004529,0.00076923,0.00061949,0.650445,-0.01192,0.02055,-0.0131,0.01128,0.003016,-0.012715,0.00864285714285715,1.543,1.678,2.52,9
1970,0,0,1,0.405,0.07,0.5656,0.045,74.0000202554444,0.04,0.0377,0.06,0.0365,0.02335,0.014,0.0318,0.015,0.1143,0.1705,0.0493,74.5,0.2909,0.7705,0.068,0.13,0.0,0.0,0.33,0.35,0.009,0.001231,0.000808,0.001749,0.004566,0.00051786,0.00206,0.00095167,0.588592,0.02319,-0.05618,0.02892,-0.02931,0.002941,-0.0102935,0.008521428571428569,0.7014,1.914,2.07,9
1971,0,0,1,0.40367,0.067,0.5656,0.045,73.49999998763374,0.04,0.0286,0.045,0.0365,0.02335,0.013,0.0318,0.015,0.0468,0.0419,0.0427,73.5,0.1283,0.56,0.068,0.13,0.0,0.0,0.33,0.35,0.009,0.008715,0.008415,0.003418,0.0008441,0.00073352,0.002817,0.001317,0.633162,0.03316,-0.06047,0.03982,-0.02991,0.001981,-0.01026,0.00542857142857143,0.5894,1.637,3.26,9
1972,0,0,1,0.381,0.0425,0.5656,0.045,77.00002727074938,0.04,0.0277,0.036,0.032,0.022,0.0125,0.0275,0.015,0.0383,0.1122,0.0276,77.0,0.0873,0.5877,0.068,0.13,0.0,0.0,0.33,0.35,0.009,0.001951,0.000606,0.000621,0.001084,0.004374,0.005023,0.00079584,0.64864,-0.03505,0.05949,-0.03783,0.03137,0.006499,-0.029325,0.01635714285714286,0.8086,0.794,1.34,9
1973,0,0,1,0.407,0.07,0.5656,0.06,74.0000202554444,0.04,0.034,0.055,0.0365,0.0315,0.016,0.0349,0.017,0.0593,0.0387,0.04,72.0,0.13,0.5,0.068,0.13,0.0,0.0,0.33,0.35,0.009,0.000674,0.004483,0.005936,0.001979,0.004522,0.002418,0.003621,0.644274,0.0142,-0.0257,0.01693,-0.01268,0.0007819,-0.0043465,0.0022928571428571434,1.181,3.328,4.52,9
1974,0,0,1,0.4,0.06,0.5656,0.045,74.0000202554444,0.04,0.08,0.08,0.0365,0.047,0.024,0.08,0.015,0.0472,0.0447,0.0296,73.0,0.13,0.4947,0.068,0.13,0.0,0.0,0.33,0.35,0.009,0.001923,0.000539,0.007344,0.008601,0.001056,0.003172,0.001465,0.625169,0.001309,-0.002584,0.001507,-0.001028,0.00086,-0.00038975,0.0013921428571428572,1.544,1.986,6.32,9
1976,1,0,0,0.436,0.07,0.5656,0.045,72.99997971982306,0.04,0.0317,0.038,0.03175,0.02335,0.013,0.0317,0.015,0.044,0.0485,0.0297,73.0,0.1315,0.45,0.068,0.13,0.0,0.0,0.33,0.35,0.009,0.004966,0.00339,0.006902,0.005715,0.007668,0.00066068,0.00202,0.647016,0.01187,-0.02262,0.01395,-0.01167,0.001094,-0.004017,0.0028857142857142844,0.4862,1.431,6.98,9
1977,1,0,0,0.35,0.0,0.5656,0.045,74.49998322747555,0.04,0.0325,0.045,0.0325,0.02,0.0165,0.028,0.015,0.0493,0.0339,0.0277,74.0,0.1,0.2639,0.068,0.11,0.0,0.0,0.33,0.35,0.009,0.002501,0.000572,0.003385,0.007339,0.002579,0.002005,0.002065,0.598297,-0.003395,0.004458,-0.003407,0.002089,0.001354,-0.001755,0.0038142857142857136,1.273,1.378,3.64,9
1978,1,0,0,0.39,0.005,0.5656,0.045,71.00001324013941,0.04,0.0286,0.045,0.0365,0.02,0.014,0.0318,0.015,0.0479,0.054,0.0266,72.0,0.11,0.285,0.068,0.135,0.0,0.0,0.33,0.35,0.009,0.00609,0.003285,0.009445,0.001803,0.009697,0.003629,0.003504,0.617316,-0.00283,0.004457,-0.002954,0.002244,0.0008817,-0.0020455,0.0023500000000000005,1.12,1.403,7.03,9
1979,1,0,0,0.37,0.0,0.5656,0.045,74.49998322747555,0.04,0.0325,0.045,0.0325,0.02,0.0165,0.028,0.015,0.0483,0.0338,0.0281,73.0,0.1,0.2638,0.068,0.11,0.0,0.0,0.33,0.35,0.009,0.00066,0.005117,0.000676,0.005147,0.001178,0.007398,0.006897,0.591708,-0.003808,0.00522,-0.003769,0.002325,0.0006741,-0.0016849999999999999,0.0020142857142857137,1.202,1.428,4.79,9
1980,1,0,0,0.4,0.0,0.5656,0.06,71.00001324013941,0.04,0.0302,0.045,0.045,0.0275,0.019,0.0318,0.015,0.0455,0.0555,0.029,70.5,0.115,0.301,0.068,0.135,0.0,0.0,0.33,0.3,0.009,0.007039,0.002514,0.003031,0.001305,0.001989,0.00773,0.008489,0.601617,-0.001222,0.001927,-0.001253,0.0009384,0.000348,-0.00078535,0.001002142857142857,1.625,2.546,8.85,9
1981,0,0,1,0.4057,0.07497,0.5656,0.25,75.70479887907665,0.04,0.0286,0.045,0.0365,0.02335,0.014,0.0318,0.015,0.0499,0.1617,0.0388,75.70479,0.1631,0.7617,0.068,0.12,0.0,0.0,0.33,0.35,0.009,0.001078,0.002367,0.008208,0.0013,0.00089105,0.009697,0.002299,0.678051,0.02703,-0.05954,0.03324,-0.03348,0.002201,-0.012435,0.005642857142857135,0.717,1.713,3.6,9
1982,1,0,0,0.381,0.01,0.5656,0.06,69.99997270451806,0.04,0.0302,0.045,0.045,0.0275,0.019,0.0318,0.015,0.0426,0.044,0.031,69.0,0.115,0.307,0.068,0.135,0.0,0.0,0.33,0.3,0.009,0.001766,0.00656,0.002825,0.004597,0.002854,0.00215,0.001713,0.623746,-0.002756,0.004228,-0.002782,0.002237,0.0003496,-0.0023160000000000004,0.001185714285714285,1.113,1.588,6.11,9
1983,1,0,0,0.381,0.012,0.5656,0.045,70.49999297232874,0.04,0.0286,0.045,0.0365,0.02335,0.013,0.0318,0.015,0.0458,0.0516,0.0301,69.5,0.2836,0.5176,0.068,0.13,0.0,0.0,0.33,0.35,0.009,0.000605,0.007246,0.002909,0.00058965,0.001637,0.004793,0.001937,0.620876,-0.001882,0.005411,-0.002187,0.003642,0.0008324,-0.0075650000000000005,0.0036571428571428527,1.061,0.5711,5.37,9
1984,1,0,0,0.381,0.012,0.5656,0.045,70.49999297232874,0.04,0.0286,0.045,0.0365,0.02335,0.013,0.0318,0.015,0.0364,0.0268,0.0191,69.5,0.1177,0.3388,0.068,0.135,0.0,0.0,0.33,0.35,0.009,0.001087,0.002196,0.006598,0.007922,0.004917,0.004468,0.004001,0.614881,-0.002256,0.00366,-0.002362,0.001907,0.0005891,-0.0020585,0.001835714285714286,0.8595,1.48,6.05,9
1985,0,0,1,0.43,0.065,0.5656,0.025,74.0000202554444,0.0381,0.0254,0.038,0.034,0.01735,0.0105,0.03,0.015,0.035,0.03,0.03,71.5,0.125,0.52,0.068,0.135,0.0,0.0,0.33,0.3,0.0106,0.004873,0.006596,0.001375,0.005106,0.003455,0.001568,0.001692,0.647639,0.05044,-0.09669,0.05921,-0.04981,0.003465,-0.01713,0.008857142857142843,0.4396,1.269,2.5,9
1986,1,0,0,0.384991,0.015,0.5656,0.06,70.49999297232874,0.04,0.0302,0.045,0.045,0.0275,0.019,0.0318,0.015,0.0452,0.0445,0.0304,69.5,0.0983,0.307,0.068,0.135,0.0,0.0,0.33,0.31099,0.009,0.000592,0.000563,0.002661,0.002661,0.003256,0.002797,0.00056289,0.605957,-0.005233,0.007665,-0.00539,0.003546,0.001356,-0.0032315,0.003564285714285716,1.005,0.9613,2.67,9
1987,1,0,0,0.384991,0.015,0.5656,0.06,70.49999297232874,0.04,0.0302,0.045,0.045,0.0275,0.019,0.0318,0.015,0.0452,0.0445,0.0304,69.5,0.0983,0.307,0.068,0.135,0.0,0.0,0.33,0.31099,0.009,0.001467,0.006562,0.000694,0.004109,0.00076195,0.00083673,0.003103,0.605957,-0.002571,0.003855,-0.002618,0.001775,0.0003131,-0.001359,0.000957142857142857,1.265,1.933,5.79,9
1989,1,0,0,0.39,0.011,0.5656,0.015,72.99997971982306,0.04,0.0302,0.045,0.045,0.0275,0.019,0.0349,0.015,0.0444,0.0459,0.0306,68.0,0.0893,0.307,0.068,0.135,0.0,0.0,0.33,0.31099,0.009,0.001075,0.005181,0.00591,0.00064634,0.005607,0.001877,0.0008622,0.620267,-0.003868,0.005898,-0.003981,0.002724,0.0005781,-0.0020865,0.001992857142857144,1.093,0.9511,5.67,9
1990,1,0,0,0.403,0.011,0.5656,0.015,72.99997971982306,0.04,0.04,0.045,0.04,0.0275,0.019,0.0349,0.015,0.05,0.0449,0.0361,69.5,0.1351,0.3499,0.068,0.135,0.0,0.0,0.33,0.31099,0.009,0.001847,0.007919,0.006104,0.00091549,0.007624,0.003042,0.009747,0.622502,-0.001077,0.002042,-0.001181,0.001025,0.0003686,-0.00098765,0.0013050000000000002,1.386,1.375,11.83,9
1991,1,0,0,0.392012,0.022,0.5656,0.06,69.50000973248692,0.04,0.0327,0.04961,0.045,0.03,0.0215,0.0346,0.015,0.046,0.046,0.0342,68.5,0.11,0.32,0.068,0.135,0.0,0.0,0.33,0.303004,0.009,0.001713,0.003581,0.009913,0.004827,0.005958,0.006467,0.00887,0.642054,-0.001126,0.001928,-0.001177,0.0009947,0.0002299,-0.00099555,0.0006921428571428572,1.213,2.028,11.55,9
1992,0,0,1,0.3902,0.058,0.5656,0.045,74.49998322747555,0.04,0.0286,0.045,0.0365,0.02335,0.013,0.0318,0.015,0.045,0.032,0.0335,73.5,0.13,0.555,0.068,0.12,0.0,0.0,0.33,0.35,0.009,0.00253,0.003425,0.006752,0.005607,0.005518,0.00302,0.001278,0.638527,0.02724,-0.04786,0.03133,-0.0251,0.001714,-0.008742,0.005114285714285711,0.7545,2.163,3.39,9
1994,1,0,0,0.43,0.023988,0.5656,0.045,70.53202131307656,0.04,0.0286,0.045,0.0365,0.02335,0.013,0.0318,0.015,0.0456,0.0488,0.0335,71.53202,0.1209,0.4088,0.068,0.13,0.0,0.0,0.33,0.35,0.009,0.000705,0.002863,0.000523,0.0042,0.001292,0.00057622,0.001923,0.60383,-0.006599,0.01099,-0.006846,0.005246,0.0009522,-0.004158,0.0026714285714285724,0.8062,0.926,3.37,9
1995,1,0,0,0.384991,0.015,0.5656,0.06,70.49999297232874,0.04,0.0302,0.045,0.045,0.0275,0.019,0.0318,0.015,0.0452,0.0445,0.0304,69.5,0.0983,0.307,0.068,0.135,0.0,0.0,0.33,0.31099,0.009,0.002001,0.006153,0.000862,0.005603,0.00090286,0.00052704,0.001801,0.605957,-0.003569,0.005159,-0.003626,0.002409,0.0003652,-0.001885,0.0011428571428571442,1.182,1.618,5.25,9
1996,1,0,0,0.384991,0.015,0.5656,0.06,70.49999297232874,0.04,0.0302,0.045,0.045,0.0275,0.019,0.0318,0.015,0.0452,0.0445,0.0304,69.5,0.0983,0.307,0.068,0.135,0.0,0.0,0.33,0.31099,0.009,0.00508,0.001153,0.006162,0.008909,0.002367,0.0026,0.001628,0.605957,-0.00256,0.003684,-0.002647,0.001705,0.0005945,-0.001595,0.001714285714285714,1.155,1.825,5.68,9
1997,0,0,1,0.405,0.07,0.5656,0.045,74.0000202554444,0.04,0.0286,0.045,0.0365,0.02335,0.013,0.0318,0.015,0.0499,0.049,0.034,73.0,0.145,0.515,0.068,0.13,0.0,0.0,0.33,0.35,0.009,0.002065,0.001443,0.000688,0.00070357,0.009356,0.001043,0.00088004,0.653639,0.07244,-0.1412,0.08747,-0.07554,0.003834,-0.027095,0.009642857142857146,0.3441,0.9671,2.07,9
1998,1,0,0,0.41,0.06,0.5656,0.045,73.49999998763374,0.04,0.0285,0.037,0.0365,0.02335,0.013,0.0316,0.015,0.0423,0.0354,0.032,73.5,0.1701,0.6104,0.068,0.13,0.0,0.0,0.33,0.35,0.007,0.009891,0.006713,0.002632,0.0008276,0.004657,0.001902,0.00063695,0.634312,0.02572,-0.05216,0.03046,-0.02858,0.001235,-0.01039,0.0035714285714285744,0.2291,0.5434,5.53,9
1999,1,0,0,0.405,0.06,0.5656,0.045,74.0000202554444,0.04,0.0285,0.037,0.0365,0.02335,0.013,0.0316,0.015,0.0424,0.0355,0.0318,74.0,0.1667,0.6105,0.068,0.12,0.0,0.0,0.33,0.35,0.007,0.007068,0.00151,0.009595,0.001218,0.003381,0.001453,0.005818,0.639573,0.008312,-0.01696,0.009919,-0.009265,0.0009774,-0.0033805,0.0022214285714285717,0.5143,1.26,8.12,9
2000,1,0,0,0.402,0.06,0.5656,0.045,75.00000349528622,0.04,0.0285,0.037,0.0365,0.02335,0.013,0.0316,0.015,0.0444,0.035,0.0332,74.0,0.15,0.62,0.068,0.12,0.0,0.0,0.33,0.35,0.007,0.002636,0.001174,0.000685,0.004844,0.004392,0.002432,0.00072445,0.640669,0.03758,-0.07188,0.04363,-0.03863,0.0017,-0.01367,0.00471428571428572,0.1682,0.4733,3.33,9
2001,0,0,1,0.405,0.07,0.5656,0.045,74.0000202554444,0.04,0.0286,0.045,0.0365,0.02335,0.013,0.0318,0.015,0.0499,0.049,0.034,73.0,0.145,0.515,0.068,0.13,0.0,0.0,0.33,0.35,0.009,0.007388,0.007496,0.002004,0.006126,0.001628,0.007995,0.002367,0.653639,0.02807,-0.05429,0.0332,-0.02934,0.001337,-0.010375,0.0042142857142857156,0.6544,1.836,3.54,9
2002,1,0,0,0.42,0.072,0.5656,0.045,74.49998322747555,0.04,0.0286,0.045,0.0365,0.02335,0.015,0.0272,0.015,0.0484,0.0387,0.0313,72.5,0.1239,0.5187,0.068,0.13,0.0,0.0,0.33,0.3,0.009,0.002454,0.000508,0.000852,0.001758,0.00083734,0.007339,0.001922,0.615321,0.01801,-0.03142,0.02174,-0.01451,0.002003,-0.0047740000000000005,0.0044285714285714275,0.312,0.9389,2.92,9
2003,1,0,0,0.405,0.048,0.5656,0.045,74.0000202554444,0.04,0.027,0.034,0.0365,0.02335,0.013,0.0286,0.015,0.0292,0.0472,0.0222,74.5,0.1191,0.5132,0.068,0.135,0.0,0.0,0.33,0.35,0.009,0.0026,0.002983,0.001342,0.003117,0.0022,0.001604,0.007175,0.621263,-0.002723,0.005076,-0.003005,0.002739,0.0006292,-0.0027514999999999996,0.0017499999999999998,1.384,0.421,6.19,9
2004,1,0,0,0.39762,0.06,0.5656,0.16,74.0000202554444,0.04,0.0286,0.038,0.0365,0.02335,0.013,0.0318,0.015,0.0456,0.0468,0.037,74.0,0.1973,0.6468,0.068,0.13,0.0,0.0,0.33,0.35,0.009,0.006035,0.001174,0.002792,0.00109,0.001303,0.003239,0.009567,0.675831,0.009005,-0.02134,0.01093,-0.01255,0.001027,-0.0048515,0.00216428571428571,0.4657,0.9288,7.68,9
2005,1,0,0,0.405,0.07,0.5656,0.045,74.0000202554444,0.04,0.0286,0.045,0.0365,0.02335,0.013,0.0318,0.015,0.0499,0.049,0.034,73.0,0.145,0.515,0.068,0.13,0.0,0.0,0.33,0.35,0.009,0.005932,0.002797,0.002888,0.003403,0.002797,0.0006788,0.008018,0.653639,0.00847,-0.01651,0.01017,-0.008805,0.0006426,-0.0031335,0.0017357142857142866,0.5475,1.515,7.69,9
2006,1,0,0,0.378,0.045,0.5656,0.045,77.49999024278054,0.04,0.027,0.032,0.0305,0.02,0.013,0.0275,0.015,0.0357,0.0216,0.0277,76.0,0.2137,0.6116,0.068,0.13,0.0,0.0,0.33,0.35,0.009,0.00148,0.000615,0.007983,0.007227,0.001542,0.008415,0.008415,0.657066,-0.002182,0.00572,-0.002552,0.003681,0.001445,-0.0064345,0.003778571428571428,1.313,1.0,6.92,9
2009,1,0,0,0.41,0.069,0.5656,0.045,74.0000202554444,0.04,0.0286,0.045,0.0365,0.02335,0.013,0.0318,0.015,0.0506,0.0468,0.0385,73.0,0.0786,0.53,0.068,0.13,0.0,0.0,0.33,0.35,0.009,0.004774,0.000519,0.009564,0.00052588,0.004725,0.00547,0.001789,0.652607,0.01292,-0.0218,0.01569,-0.009578,0.002489,-0.0028529999999999996,0.007442857142857142,0.4745,0.4036,5.24,9
2010,1,0,0,0.38,-0.01,0.5656,0.045,77.00002727074938,0.04,0.0282,0.038,0.0345,0.02275,0.014,0.029,0.015,0.0402,0.0301,0.0276,77.0,0.2072,0.5301,0.068,0.13,0.0,0.0,0.33,0.35,0.009,0.006973,0.001314,0.00338,0.001124,0.00158,0.008981,0.002972,0.655972,-0.002983,0.006345,-0.002963,0.004164,0.001208,-0.007239499999999999,0.003335714285714282,0.1335,0.101,5.35,9
2011,0,0,1,0.375,0.0,0.5656,0.038,74.0000202554444,0.04,0.0282,0.04,0.032,0.022,0.0175,0.029,0.015,0.0419,0.0332,0.0277,73.0,0.108,0.2682,0.068,0.13,0.0,0.0,0.33,0.35,0.009,0.005464,0.00433,0.000565,0.00098676,0.004804,0.001794,0.001848,0.593378,-0.0165,0.02229,-0.01621,0.01128,0.00192,-0.009705,0.006785714285714281,1.195,1.205,2.43,9
2012,1,0,0,0.4,0.06,0.5656,0.045,73.49999998763374,0.0348,0.0263,0.02858,0.0365,0.014,0.012,0.0272,0.015,0.0377,0.045,0.0336,73.0,0.1302,0.595,0.068,0.13,0.0,0.0,0.33,0.35,0.009,0.006002,0.003576,0.0026,0.00076979,0.0008578,0.001292,0.00087811,0.652479,0.02961,-0.0567,0.03529,-0.03016,0.004025,-0.010755,0.0076428571428571405,0.02219,0.02157,3.54,9
2013,0,0,1,0.405,0.055,0.5656,0.045,71.99999647998123,0.04,0.0286,0.0318,0.0365,0.02335,0.013,0.0318,0.015,0.0408,0.0464,0.0372,71.0,0.1,0.5314,0.068,0.13,0.0,0.0,0.33,0.35,0.009,0.000811,0.007436,0.001936,0.00064539,0.003589,0.001216,0.001953,0.615608,0.032,-0.05176,0.03749,-0.02275,0.001928,-0.007245,0.006257142857142857,0.6291,1.743,2.76,9
2014,0,0,1,0.4,0.0,0.5656,0.15,74.0000202554444,0.04,0.0287,0.04,0.033,0.028,0.0205,0.03,0.015,0.0469,0.0343,0.0277,73.0,0.11,0.3343,0.068,0.13,0.0,0.0,0.33,0.35,0.009,0.001521,0.009762,0.003828,0.002545,0.006772,0.002766,0.001959,0.601328,-0.009245,0.01546,-0.009025,0.006476,0.000952,-0.005282500000000001,0.0029928571428571435,1.081,2.523,3.93,9
2015,0,0,1,0.375,0.0,0.5656,0.039,74.0000202554444,0.04,0.0282,0.043,0.032,0.023,0.018,0.029,0.015,0.0427,0.0332,0.0275,73.0,0.108,0.2682,0.068,0.13,0.0,0.0,0.33,0.35,0.009,0.00176,0.002274,0.000979,0.004284,0.009342,0.003128,0.002549,0.593782,-0.01134,0.01531,-0.01116,0.00757,0.001637,-0.006502,0.005214285714285712,1.747,1.87,2.32,9
2017,0,0,1,0.405,0.0,0.5656,0.04,74.0000202554444,0.04,0.0282,0.045,0.033,0.03,0.0195,0.03,0.015,0.0469,0.0346,0.0263,73.0,0.101,0.2846,0.068,0.13,0.0,0.0,0.33,0.35,0.009,0.004275,0.001671,0.000616,0.00828,0.001262,0.00071133,0.004363,0.601328,-0.009934,0.01404,-0.009805,0.006353,0.001067,-0.0053950000000000005,0.0032857142857142816,1.735,2.106,2.96,9
2020,1,0,0,0.405,0.06,0.5656,0.045,73.49999998763374,0.04,0.0285,0.037,0.0365,0.02335,0.013,0.0316,0.015,0.0418,0.0354,0.0321,73.5,0.1667,0.6104,0.068,0.12,0.0,0.0,0.33,0.35,0.007,0.001976,0.004944,0.007469,0.002512,0.001584,0.005017,0.00174,0.64039,0.01313,-0.02649,0.01541,-0.01462,0.0008256,-0.00532,0.0024428571428571446,0.3397,1.166,6.42,9
2021,0,0,1,0.415,0.073,0.5656,0.045,74.0000202554444,0.04,0.0285,0.037,0.0365,0.02335,0.013,0.0316,0.015,0.041,0.0396,0.0262,72.0,0.165,0.456,0.068,0.13,0.0,0.0,0.33,0.35,0.007,0.002335,0.000728,0.000676,0.00095936,0.00070049,0.00078285,0.001302,0.638159,0.05049,-0.1012,0.06108,-0.05671,0.00434,-0.02094,0.010142857142857125,0.3906,1.066,1.4,9
2022,1,0,0,0.405,0.07,0.5656,0.045,74.0000202554444,0.04,0.0285,0.037,0.0365,0.02335,0.013,0.0316,0.015,0.0414,0.0355,0.0326,72.0,0.1303,0.5625,0.068,0.13,0.0,0.0,0.33,0.35,0.007,0.000945,0.003778,0.006415,0.001591,0.007169,0.007736,0.00052129,0.629139,0.01842,-0.03351,0.022,-0.01697,0.001345,-0.005889,0.0034714285714285732,0.3351,0.9666,5.11,9
2023,0,0,1,0.393,0.054,0.5656,0.145,74.0000202554444,0.04,0.0307,0.045,0.0365,0.02335,0.013,0.036,0.015,0.0608,0.0475,0.0415,75.0,0.19,0.65,0.068,0.13,0.0,0.0,0.33,0.35,0.009,0.002838,0.001691,0.005498,0.00728,0.008113,0.002732,0.001857,0.667148,0.0249,-0.05271,0.02867,-0.03058,0.001777,-0.011335,0.0053571428571428615,0.623,1.938,3.98,9
2024,1,0,0,0.385,0.035,0.5656,0.245,75.00000349528622,0.04,0.027,0.038,0.0365,0.023,0.016,0.0286,0.015,0.035,0.035,0.03,74.0,0.1097,0.54,0.068,0.135,0.0,0.0,0.33,0.35,0.009,0.009669,0.00475,0.000915,0.00077205,0.001031,0.001215,0.002395,0.616029,-0.005208,0.01174,-0.005745,0.004988,0.0008714,-0.004484999999999999,0.0026714285714285724,0.6329,0.9369,4.84,9
2025,1,0,0,0.385,0.035,0.5656,0.06,75.00000349528622,0.04,0.027,0.036,0.0365,0.0222,0.016,0.0286,0.015,0.025,0.1835,0.025,74.0,0.11,0.54,0.068,0.135,0.0,0.0,0.33,0.35,0.009,0.003036,0.00308,0.005355,0.001084,0.003285,0.003285,0.0092,0.615009,-0.002197,0.004722,-0.002519,0.002188,0.0007528,-0.002036,0.002142857142857142,1.282,1.228,8.15,9
2026,1,0,0,0.39648,0.05,0.5656,0.05,74.0000202554444,0.04,0.0267,0.045,0.0365,0.02335,0.013,0.0318,0.015,0.0474,0.0194,0.026,73.0,0.1,0.5394,0.068,0.13,0.0,0.0,0.33,0.35,0.009,0.00904,0.003534,0.001303,0.00087554,0.002669,0.006727,0.009227,0.641183,-0.002951,0.00542,-0.00335,0.002784,0.0007651,-0.002468,0.002242857142857143,1.457,1.064,7.13,9
2027,1,0,0,0.38,0.02,0.5656,0.03,75.00000349528622,0.04,0.0286,0.0381,0.0365,0.02335,0.0145,0.0286,0.015,0.025,0.1136,0.025,74.0,0.1102,0.54,0.068,0.135,0.0,0.0,0.33,0.35,0.009,0.008317,0.001635,0.004743,0.002256,0.00662,0.00096006,0.003519,0.613082,-0.003061,0.005473,-0.003223,0.002763,0.0008235,-0.0026235,0.0023214285714285693,1.387,1.431,6.4,9
2028,1,0,0,0.38,0.02,0.5656,0.03,75.00000349528622,0.04,0.0286,0.045,0.0365,0.02335,0.013,0.0318,0.015,0.0404,0.1135,0.0307,73.0,0.11,0.5,0.068,0.135,0.0,0.0,0.33,0.35,0.009,0.006634,0.007404,0.000804,0.001407,0.004161,0.002304,0.00089825,0.623115,-0.01008,0.01637,-0.01035,0.008479,0.0008978,-0.007872,0.0027285714285714313,0.6724,0.6753,5.09,9
2029,1,0,0,0.405,0.07,0.5656,0.056,72.99997971982306,0.04,0.0286,0.045,0.0365,0.0245,0.013,0.0318,0.015,0.0496,0.0462,0.0475,73.0,0.1786,0.6062,0.068,0.13,0.0,0.0,0.33,0.35,0.009,0.006533,0.007453,0.003792,0.001005,0.00222,0.009927,0.009146,0.656533,0.008238,-0.01812,0.0101,-0.0101,0.000624,-0.003722,0.0015428571428571431,0.1606,0.3042,9.79,9
2030,1,0,0,0.405,0.07,0.5656,0.06,72.99997971982306,0.04,0.0286,0.045,0.0365,0.0265,0.013,0.0318,0.015,0.0494,0.0472,0.0471,73.0,0.185,0.6072,0.068,0.13,0.0,0.0,0.33,0.35,0.009,0.002027,0.00781,0.000737,0.009956,0.001208,0.002326,0.00063463,0.637772,0.03424,-0.07253,0.04017,-0.04115,0.0007048,-0.01477,0.0022857142857142915,0.1632,0.4497,5.37,9
2031,1,0,0,0.5281,0.15,0.5656,0.045,65.99998244937126,0.04,0.0286,0.045,0.0365,0.02335,0.013,0.0318,0.015,0.0464,0.0515,0.0211,72.0,0.0806,0.5775,0.068,0.13,0.0,0.0,0.33,0.35,0.009,0.001818,0.000708,0.000824,0.001318,0.006077,0.004781,0.00768,0.822946,0.01856,-0.05472,0.02707,-0.02935,0.002436,-0.010495,0.0032142857142857194,0.3184,0.7287,6.76,9
2032,0,0,1,0.44034,0.0857,0.5656,0.045,71.99999647998123,0.04,0.0286,0.045,0.0365,0.02335,0.013,0.0318,0.015,0.03,0.04,0.025,73.0,0.1313,0.57,0.068,0.12,0.0,0.0,0.33,0.35,0.009,0.001668,0.000765,0.005351,0.0006204,0.00068629,0.006922,0.003573,0.669563,0.02236,-0.04906,0.02824,-0.02624,0.003693,-0.009239500000000001,0.009149999999999993,0.688,1.13,2.94,9
2033,0,0,1,0.482024,0.105,0.5656,0.06,74.0000202554444,0.04,0.0359,0.045,0.065,0.02335,0.013,0.0318,0.015,0.047,0.054,0.032,60.0,0.1297,0.334,0.068,0.135,0.0,0.0,0.33,0.35,0.009,0.004667,0.001586,0.009812,0.00319,0.009173,0.004389,0.002279,0.777659,0.008699,-0.02204,0.01127,-0.01257,0.001438,-0.004699,0.0021714285714285746,1.259,4.378,5.73,9
2034,0,0,1,1.2,0.0005,0.5656,0.06,60.00002571454078,0.04,0.057,0.045,0.06,0.022,0.0125,0.0318,0.015,0.0437,0.06,0.0336,63.1,0.1202,0.41,0.068,0.135,0.0,0.0,0.33,0.35,0.009,0.001188,0.000545,0.004489,0.00217,0.008107,0.008646,0.008012,0.635182,0.000998,0.01744,-0.002548,0.002265,0.0008083,-0.0007371000000000001,0.0010042857142857139,1.927,12.05,7.09,9
2035,0,0,1,0.405,0.05,0.5656,0.06,75.00000349528622,0.07,0.0205,0.045,0.0418,0.0525,0.0115,0.0318,0.01,0.02,0.0307,0.02,74.0,0.1095,0.52,0.068,0.135,0.0,0.0,0.33,0.35,0.009,0.000874,0.008172,0.002282,0.001048,0.003979,0.005587,0.0008008,0.636202,-0.01671,0.031,-0.01747,0.01801,0.0002555,-0.018105000000000003,0.002499999999999997,1.163,1.145,6.05,9
2037,1,0,0,0.405,0.07,0.5656,0.17,89.99998127603168,0.04,0.027,0.045,0.0365,0.02335,0.013,0.0318,0.015,0.046,0.0516,0.0378,74.0,0.1401,0.5176,0.068,0.13,0.0,0.0,0.33,0.35,0.009,0.001893,0.001413,0.001684,0.00437,0.001098,0.0008008,0.001654,0.623113,0.01466,-0.02758,0.01757,-0.01363,0.00119,-0.0046885,0.0032642857142857135,0.2767,0.9857,3.29,9
2038,1,0,0,0.435,0.1,0.5656,0.162,68.09998736008474,0.04,0.02675,0.036,0.0381,0.02805,0.014,0.0281,0.015,0.03,0.02,0.02,72.0,0.1103,0.54,0.068,0.135,0.0,0.0,0.33,0.35,0.009,0.0009,0.001264,0.009349,0.008564,0.001199,0.004606,0.004145,0.67169,0.009618,-0.02215,0.01252,-0.01104,0.0007747,-0.00425,0.002114285714285716,0.2654,1.17,6.82,9
2039,1,0,0,0.405,0.07,0.5656,0.045,74.0000202554444,0.04,0.0286,0.045,0.0365,0.02335,0.013,0.0318,0.015,0.0499,0.049,0.034,73.0,0.145,0.515,0.068,0.13,0.0,0.0,0.33,0.35,0.009,0.000572,0.001843,0.000643,0.001102,0.001565,0.001801,0.007776,0.653639,0.0105,-0.02089,0.0128,-0.01099,0.0009385,-0.0039369999999999995,0.0021571428571428553,0.4465,1.068,5.41,9
2040,1,0,0,0.39,0.02,0.5656,0.045,72.99997971982306,0.04,0.027,0.0338,0.0353,0.02485,0.014,0.0286,0.015,0.0438,0.1148,0.0262,73.0,0.1,0.47,0.068,0.135,0.0,0.0,0.33,0.35,0.009,0.000792,0.003278,0.000777,0.001106,0.00082157,0.00070977,0.00082157,0.627856,-0.01401,0.02227,-0.01436,0.01123,0.001093,-0.0097055,0.00329285714285714,0.5263,0.5654,2.92,9
2041,1,0,0,0.42,0.1,0.5656,0.06,72.99997971982306,0.04,0.0286,0.045,0.0365,0.02335,0.013,0.0318,0.015,0.05,0.0474,0.0315,73.0,0.1203,0.5774,0.068,0.13,0.016,0.018,0.33,0.35,0.009,0.001001,0.001328,0.002329,0.005512,0.001777,0.001993,0.004882,0.664983,0.009968,-0.0202,0.01269,-0.01037,0.0009044,-0.0035685,0.002007142857142857,0.4435,1.268,6.17,9
2042,0,0,1,0.495,0.07,0.5656,0.045,74.0000202554444,0.04,0.0336,0.045,0.0365,0.03335,0.018,0.0318,0.015,0.0502,0.0467,0.0468,65.5,0.145,0.6127,0.068,0.13,0.0,0.0,0.33,0.35,0.009,0.004335,0.00151,0.001953,0.005478,0.001205,0.001104,0.00089956,0.726751,0.0515,-0.1227,0.06087,-0.06528,0.002236,-0.02284,0.005142857142857131,0.4628,1.321,3.32,9
2043,1,0,0,0.415,0.06,0.5656,0.045,74.0000202554444,0.04,0.03015,0.045,0.0365,0.022,0.022,0.0349,0.015,0.0462,0.0479,0.0401,73.0,0.1171,0.56,0.068,0.13,0.022,0.022,0.33,0.35,0.009,0.005876,0.007954,0.003506,0.006158,0.00064069,0.00061498,0.00096499,0.657038,0.01685,-0.03078,0.01939,-0.01568,0.0009261,-0.0053275,0.0018071428571428553,0.3654,1.069,8.3,9
2044,1,0,0,0.419,0.025,0.5656,0.045,72.99997971982306,0.04,0.0286,0.057,0.04195,0.02635,0.013,0.0318,0.015,0.0381,0.0481,0.028,69.5,0.1119,0.5081,0.068,0.13,0.0,0.0,0.33,0.35,0.009,0.001369,0.002261,0.007117,0.001434,0.007014,0.002671,0.009073,0.672492,-0.001713,0.003499,-0.001868,0.001883,0.0005471,-0.0020145000000000002,0.0012071428571428578,1.754,1.999,9.82,9
2045,1,0,0,0.42,0.068,0.5656,0.045,72.99997971982306,0.04,0.0286,0.045,0.0365,0.02335,0.013,0.0318,0.015,0.05,0.0474,0.0363,73.5,0.14,0.56,0.068,0.13,0.0,0.0,0.33,0.35,0.009,0.00329,0.007291,0.003529,0.004357,0.009,0.005014,0.003067,0.654845,0.01225,-0.02403,0.01455,-0.0125,0.0006968,-0.0043545,0.001992857142857141,0.4314,1.229,7.81,9
2046,1,0,0,0.45,0.075,0.5656,0.045,74.0000202554444,0.04,0.0286,0.045,0.0365,0.02335,0.013,0.0318,0.015,0.0483,0.0469,0.0387,72.0,0.2,0.6469,0.068,0.13,0.0,0.0,0.33,0.35,0.009,0.00483,0.005084,0.002114,0.0007046,0.00080727,0.00768,0.002959,0.665375,0.01431,-0.03569,0.01788,-0.01998,0.001151,-0.007355,0.0025428571428571392,0.307,0.8003,6.35,9
2047,1,0,0,0.405,0.075,0.5656,0.32,78.00001051059121,0.04,0.0287,0.045,0.0365,0.03185,0.0165,0.0318,0.015,0.0423,0.0237,0.0028,75.0,0.1184,0.5697,0.068,0.13,0.0,0.0,0.33,0.35,0.009,0.007736,0.004562,0.003212,0.002636,0.001643,0.002321,0.001212,0.674165,0.01805,-0.03942,0.02242,-0.01921,0.000478,-0.0069225,0.0014642857142857164,0.1869,0.7459,6.51,9
2048,1,0,0,0.76,-0.665,0.5656,0.32,74.0000202554444,0.04,0.0286,0.045,0.0365,0.02335,0.013,0.0318,0.015,0.0179,0.0468,0.039,72.0,0.8806,0.5528,0.068,0.13,0.0,0.0,0.33,0.35,0.009,0.001942,0.001125,0.006378,0.004278,0.004732,0.00061408,0.009007,1.089937,-0.006206,0.002645,-0.0002641,-0.001112,0.003406,-0.01341,0.0027142857142857025,0.7052,0.3064,16.63,9
2050,0,0,1,0.61,0.13,0.5656,0.06,75.99998673512805,0.04,0.06,0.045,0.06,0.0385,0.019,0.0318,0.015,0.0563,0.0507,0.0723,62.0,0.179,0.4507,0.068,0.135,0.0,0.0,0.33,0.35,0.009,0.002443,0.001237,0.008837,0.004088,0.0005903,0.00073298,0.00079091,0.691533,0.003395,-0.01026,0.004684,-0.004803,0.001603,-0.0016105,0.003492857142857143,2.386,3.557,6.38,9
2051,1,0,0,0.44,0.06,0.5656,0.055,73.49999998763374,0.042,0.0272,0.034,0.0365,0.02335,0.013,0.029,0.015,0.0387,0.0415,0.0269,73.5,0.09,0.5415,0.07,0.13,0.016,0.0,0.33,0.3,0.009,0.004466,0.009812,0.008065,0.002112,0.006253,0.007366,0.007196,0.656074,0.009546,-0.01703,0.01119,-0.00791,0.0007243,-0.0026074999999999996,0.0017499999999999998,0.5384,1.633,10.13,9
2052,0,0,1,0.405,0.07,0.5656,0.205,74.49998322747555,0.04,0.0286,0.05,0.0365,0.02635,0.0115,0.0318,0.015,0.0505,0.1675,0.0287,75.0,0.125,0.6535,0.068,0.13,0.0,0.0,0.33,0.35,0.009,0.001563,0.007651,0.004722,0.00074324,0.002863,0.001059,0.00059681,0.666509,0.04577,-0.08654,0.05483,-0.04557,0.001752,-0.016215,0.0057857142857142725,0.542,1.228,3.56,9
2053,1,0,0,0.425,0.069,0.5656,0.045,73.49999998763374,0.04,0.0286,0.045,0.0365,0.02335,0.013,0.0318,0.015,0.0491,0.0482,0.0359,71.5,0.1397,0.54,0.068,0.13,0.0,0.0,0.33,0.3,0.009,0.001159,0.005677,0.000739,0.00105,0.006235,0.008754,0.001912,0.661146,0.02379,-0.04768,0.02865,-0.0248,0.001073,-0.008738,0.002742857142857147,0.266,0.7365,5.09,9
2054,1,0,0,0.427,0.0525,0.5656,0.05,72.99997971982306,0.04,0.0286,0.05,0.0365,0.02335,0.013,0.0349,0.015,0.0498,0.0518,0.0314,68.0,0.11,0.4828,0.068,0.135,0.016,0.0,0.33,0.35,0.009,0.001059,0.000978,0.005231,0.007562,0.00086536,0.00159,0.004891,0.698971,-0.003242,0.006844,-0.003696,0.003689,0.001066,-0.0040425,0.002321428571428573,0.8224,1.268,6.27,9
2055,1,0,0,0.427,0.0525,0.5656,0.05,72.99997971982306,0.04,0.0286,0.05,0.0365,0.02335,0.013,0.0349,0.015,0.0498,0.0518,0.0314,68.0,0.11,0.4828,0.068,0.135,0.016,0.0,0.33,0.35,0.009,0.006185,0.000922,0.000682,0.003346,0.005382,0.001867,0.002963,0.698971,-0.006106,0.01238,-0.006721,0.006835,0.001407,-0.0074325,0.00312142857142857,1.114,0.9501,4.92,9
2056,1,0,0,0.42,0.068,0.5656,0.045,72.99997971982306,0.04,0.0286,0.045,0.0365,0.02335,0.013,0.0318,0.015,0.05,0.0474,0.0363,73.5,0.14,0.56,0.068,0.13,0.0,0.0,0.33,0.35,0.009,0.000895,0.002987,0.000796,0.002066,0.002323,0.007574,0.00078228,0.654845,0.03764,-0.07369,0.04477,-0.03833,0.001405,-0.013434999999999999,0.003785714285714292,0.1814,0.5196,3.26,9
2057,1,0,0,0.45995,0.06,0.5656,0.044,72.99997971982306,0.04,0.03175,0.05,0.0365,0.02335,0.013,0.0317,0.015,0.05,0.04,0.032,70.0,0.1279,0.47,0.1,0.135,0.016,0.018,0.33,0.35,0.009,0.005088,0.00057,0.000591,0.00086409,0.003519,0.001185,0.00088455,0.704464,0.04556,-0.09465,0.05337,-0.04996,0.003237,-0.017725,0.01021428571428572,0.1832,0.5277,3.48,9
2058,1,0,0,0.384,0.0524,0.5656,0.0794,75.99998673512805,0.04,0.0254,0.0318,0.0365,0.016925,0.01175,0.0286,0.0165,0.0457,0.0703,0.027,74.0,0.13,0.5803,0.068,0.12,0.016,0.0,0.33,0.35,0.009,0.001284,0.001895,0.002965,0.001411,0.00064966,0.003587,0.00081142,0.673872,-0.008467,0.01654,-0.009301,0.009788,0.002765,-0.012235,0.0064999999999999945,0.8476,0.6394,3.06,9
2059,0,0,1,0.405,0.07,0.5656,0.045,74.0000202554444,0.04,0.0347,0.045,0.0365,0.034,0.02,0.044,0.016,0.0505,0.03,0.0385,71.2,0.115,0.52,0.068,0.13,0.0,0.0,0.33,0.35,0.01,0.000833,0.00095,0.001022,0.001211,0.001841,0.003893,0.002466,0.627026,0.02637,-0.04513,0.0314,-0.02105,0.001539,-0.0069795,0.0038214285714285702,0.7443,1.639,2.23,9
2060,1,0,0,0.445,0.07,0.5656,0.045,72.99997971982306,0.04,0.0286,0.045,0.0365,0.02335,0.013,0.0318,0.015,0.0452,0.2193,0.0284,71.0,0.18,0.5453,0.068,0.13,0.0,0.0,0.33,0.35,0.009,0.00271,0.001916,0.001613,0.001484,0.003637,0.001613,0.001128,0.686906,0.02695,-0.06681,0.03303,-0.03675,0.001702,-0.01346,0.004285714285714284,0.1815,0.5229,4.5,9
2061,0,0,1,0.405,0.07,0.5656,0.045,64.0000159696876,0.04,0.0286,0.045,0.0365,0.02335,0.013,0.0318,0.015,0.0513,0.0482,0.0337,67.0,0.145,0.5142,0.068,0.135,0.0,0.0,0.33,0.35,0.009,0.001986,0.000936,0.002554,0.001025,0.0013,0.00086283,0.00060738,0.619602,0.04836,-0.08697,0.05836,-0.0434,0.004639,-0.014985,0.011071428571428565,0.4804,1.369,1.65,9
2062,1,0,0,0.405,0.07,0.5656,0.045,74.0000202554444,0.04,0.0286,0.045,0.0365,0.02335,0.013,0.0318,0.015,0.0499,0.049,0.034,73.0,0.145,0.515,0.068,0.13,0.0,0.0,0.33,0.35,0.009,0.002742,0.004297,0.007127,0.001133,0.00104,0.001071,0.00465,0.653639,0.009185,-0.01802,0.01113,-0.009598,0.0008005,-0.0034435,0.0019642857142857144,0.4723,1.232,7.27,9
2063,1,0,0,0.39,0.045,0.5656,0.045,74.0000202554444,0.04,0.0254,0.036,0.0365,0.02335,0.013,0.0286,0.015,0.0419,0.046,0.0298,74.0,0.1759,0.541,0.068,0.12,0.0,0.0,0.33,0.35,0.009,0.001807,0.005327,0.00902,0.006359,0.00070151,0.002874,0.002132,0.675505,-0.003422,0.007437,-0.003708,0.004639,0.0006329,-0.0070925,0.0023785714285714282,1.165,0.2737,6.61,9
2064,1,0,0,0.4395,0.04,0.5656,0.045,74.0000202554444,0.04,0.0286,0.036,0.0365,0.024,0.013,0.0286,0.015,0.0469,0.0402,0.0332,70.5,0.1431,0.5502,0.068,0.13,0.0,0.0,0.33,0.35,0.009,0.001936,0.008299,0.002508,0.001157,0.00058088,0.001996,0.00074269,0.71007,-0.009229,0.02003,-0.009842,0.01181,0.001281,-0.01492,0.003428571428571425,0.8196,0.6381,5.39,9
2065,1,0,0,0.92917,0.07,0.5656,0.045,79.99997699027486,0.04,0.0286,0.045,0.0365,0.02335,0.013,0.0318,0.015,0.0565,0.0609,0.0253,68.0,0.09,0.5269,0.068,0.13,0.0,0.0,0.33,0.35,0.009,0.004926,0.002944,0.000706,0.00541,0.002499,0.00064304,0.001313,1.179774,0.1404,-0.5882,0.1651,-0.309,0.006441,-0.1069,0.007142857142857149,0.09245,0.2612,7.46,9
2066,0,0,1,0.405,0.07,0.5656,0.205,74.49998322747555,0.04,0.0286,0.05,0.0365,0.02635,0.0115,0.0318,0.015,0.0505,0.1675,0.0287,75.0,0.125,0.6535,0.068,0.13,0.0,0.0,0.33,0.35,0.009,0.001552,0.000755,0.006577,0.00342,0.006872,0.00084102,0.00058173,0.666509,0.0409,-0.0768,0.04843,-0.04072,0.003807,-0.01441,0.009142857142857142,0.5927,1.695,2.89,9
2067,1,0,0,0.405,0.07,0.5656,0.055,74.0000202554444,0.04,0.0307,0.045,0.0365,0.024,0.015,0.035,0.015,0.0486,0.0494,0.0359,73.0,0.135,0.5494,0.068,0.13,0.0,0.0,0.33,0.35,0.009,0.006189,0.001203,0.000808,0.006189,0.001231,0.002109,0.001231,0.644293,0.02385,-0.04451,0.02817,-0.02321,0.001337,-0.0080175,0.003421428571428573,0.2461,0.7058,3.97,9
2068,1,0,0,0.42,0.07,0.5656,0.075,72.99997971982306,0.04,0.0286,0.045,0.0365,0.02335,0.013,0.0318,0.015,0.053,0.0735,0.0548,73.0,0.22,0.6,0.068,0.13,0.0,0.0,0.33,0.35,0.009,0.001182,0.005043,0.003898,0.003991,0.002024,0.001679,0.002048,0.711593,0.01548,-0.04077,0.01872,-0.02507,0.0007977,-0.009658,0.00262857142857143,0.2695,0.7122,6.33,9
2069,1,0,0,0.415,0.066,0.5656,0.06,74.0000202554444,0.04,0.02855,0.036,0.0365,0.02335,0.013,0.0317,0.015,0.0455,0.0369,0.0521,73.0,0.1306,0.5769,0.068,0.13,0.0,0.0,0.33,0.35,0.009,0.0017,0.000861,0.001114,0.003124,0.00447,0.001936,0.003336,0.659412,0.01618,-0.03198,0.01936,-0.01632,0.001302,-0.005653,0.002985714285714285,0.3188,0.9119,4.24,9
2070,0,0,1,0.385,0.05,0.5656,0.06,75.50002376309689,0.04,0.036,0.05,0.0365,0.0275,0.0155,0.0318,0.015,0.045,0.038,0.035,74.5,0.1405,0.555,0.068,0.12,0.0,0.0,0.33,0.35,0.009,0.003734,0.001947,0.003621,0.00054467,0.002011,0.004483,0.003174,0.639517,-0.004167,0.008227,-0.004704,0.004681,0.001548,-0.005346,0.0060142857142857185,3.151,1.686,3.44,9
2071,1,0,0,0.405,0.07,0.5656,0.045,71.60001464320041,0.04,0.0286,0.045,0.0365,0.02335,0.013,0.0318,0.015,0.0499,0.0485,0.0339,73.0,0.145,0.5145,0.068,0.13,0.0,0.0,0.33,0.35,0.009,0.002571,0.00085,0.002277,0.000599,0.002038,0.002074,0.009891,0.653639,0.008655,-0.01733,0.01068,-0.009153,0.001257,-0.003157,0.004071428571428572,0.5182,0.6752,6.69,9
2072,1,0,0,0.445,0.08,0.5656,0.045,71.99999647998123,0.04,0.0286,0.045,0.0365,0.02335,0.013,0.0318,0.015,0.0482,0.0267,0.035,72.0,0.1645,0.6267,0.068,0.13,0.0,0.018,0.33,0.35,0.009,0.008773,0.000544,0.005204,0.002972,0.00063139,0.002047,0.00080727,0.694234,0.02252,-0.05223,0.02754,-0.02935,0.002715,-0.01074,0.005857142857142853,0.2143,0.5934,4.68,9
2073,0,0,1,0.405,0.06,0.5656,0.06,73.49999998763374,0.04,0.0302,0.045,0.03955,0.02335,0.014,0.035,0.015,0.0549,0.04,0.0402,73.0,0.1647,0.63,0.068,0.12,0.016,0.0,0.33,0.35,0.009,0.002577,0.001358,0.003433,0.00545,0.00099582,0.004667,0.002661,0.687071,0.02342,-0.04963,0.02742,-0.02817,0.001767,-0.010313,0.004671428571428571,0.7814,2.159,3.23,9
2074,0,0,1,0.405,0.058012,0.5656,0.045,76.00164831273393,0.04,0.0286,0.045,0.0365,0.02335,0.013,0.0346,0.015,0.0502,0.04,0.044,73.50167,0.16,0.62,0.068,0.13,0.016,0.018,0.33,0.35,0.009,0.002316,0.000867,0.009655,0.003698,0.004784,0.001833,0.003613,0.681796,0.02254,-0.04755,0.02649,-0.02657,0.002111,-0.0097115,0.005407142857142862,0.6997,2.211,4.2,9
2076,0,0,1,0.405,0.067,0.5656,0.18,73.29998042135355,0.04,0.0286,0.045,0.0365,0.02335,0.013,0.0318,0.015,0.0485,0.1727,0.0365,73.0,0.16,0.6927,0.068,0.13,0.0,0.0,0.33,0.3,0.009,0.000756,0.006521,0.004484,0.00063999,0.001951,0.001035,0.007796,0.65538,0.0168,-0.03573,0.02067,-0.01911,0.001544,-0.006837,0.004671428571428571,1.026,1.931,4.8,9
2077,1,0,0,0.42,0.07,0.5656,0.045,74.0000202554444,0.04,0.027,0.036,0.0317,0.02335,0.013,0.0286,0.015,0.0441,0.0456,0.0355,73.0,0.1122,0.5956,0.068,0.13,0.0,0.0,0.33,0.35,0.009,0.004126,0.001282,0.00587,0.0005124,0.009251,0.002375,0.007527,0.669088,0.01425,-0.02772,0.01727,-0.01394,0.001711,-0.0046394999999999995,0.006107142857142861,0.401,0.415,7.41,9
2078,1,0,0,0.39,0.005,0.5656,0.045,71.00001324013941,0.04,0.0286,0.045,0.0365,0.02,0.014,0.0318,0.015,0.0479,0.054,0.0266,72.0,0.11,0.285,0.068,0.135,0.0,0.0,0.33,0.35,0.009,0.000729,0.000641,0.008317,0.005753,0.0008441,0.00054747,0.00094889,0.617316,-0.004268,0.007,-0.004581,0.003324,0.001903,-0.003086,0.0046,1.006,1.022,3.65,9
2079,0,0,1,0.405,0.067,0.5656,0.18,73.29998042135355,0.04,0.0286,0.045,0.0365,0.02335,0.013,0.0318,0.015,0.0481,0.1726,0.0368,73.0,0.16,0.6926,0.068,0.13,0.0,0.0,0.33,0.3,0.009,0.001395,0.004959,0.001243,0.005422,0.00060871,0.004029,0.00093854,0.651529,0.05393,-0.1099,0.06366,-0.06012,0.001865,-0.021455000000000002,0.005785714285714298,0.3904,1.088,2.48,9
2080,1,0,0,0.41582,0.07,0.5656,0.045,75.50002376309689,0.04,0.0286,0.045,0.0365,0.02335,0.013,0.0318,0.015,0.0479,0.0323,0.038,74.0,0.1268,0.5673,0.068,0.13,0.016,0.0,0.33,0.3,0.009,0.002297,0.005816,0.007436,0.001381,0.00073944,0.002157,0.001127,0.69023,0.0188,-0.0381,0.02255,-0.02058,0.001112,-0.007397,0.002857142857142852,0.3593,0.9647,6.45,9
2081,1,0,0,0.43942,0.07,0.5656,0.045,72.99997971982306,0.04,0.0286,0.045,0.0365,0.02335,0.013,0.0318,0.015,0.0486,0.0522,0.0305,68.75,0.1384,0.4967,0.068,0.135,0.0,0.0,0.33,0.35,0.009,0.005558,0.007747,0.006203,0.002068,0.002157,0.001976,0.00069335,0.696599,0.02234,-0.04688,0.02653,-0.02566,0.001287,-0.0092585,0.003164285714285719,0.2578,0.7879,6.87,9
2082,1,0,0,0.39,0.005,0.5656,0.05,71.00001324013941,0.04,0.0286,0.045,0.0365,0.02,0.014,0.0318,0.015,0.0482,0.0449,0.0259,72.0,0.11,0.26,0.068,0.135,0.0,0.0,0.33,0.35,0.009,0.001344,0.000698,0.001955,0.006601,0.00052704,0.003853,0.001529,0.619387,-0.005098,0.00807,-0.00533,0.003957,0.001625,-0.0037505,0.004007142857142856,0.6736,0.8567,2.7,9
2083,1,0,0,0.40086,0.037,0.5656,0.05,73.49999998763374,0.05,0.03,0.055,0.035,0.02235,0.013,0.035,0.015,0.045,0.045,0.02,83.6,0.0558,0.535,0.068,0.12,0.0,0.0,0.33,0.35,0.009,0.001491,0.005536,0.009708,0.004066,0.001656,0.004314,0.001117,0.573421,-0.002679,0.00307,-0.002846,0.00088,0.0009875,-0.00024354999999999998,0.002185,1.069,3.568,4.84,9
2084,0,0,1,0.383,0.05,0.5656,0.045,77.00002727074938,0.04,0.0227,0.045,0.0365,0.02335,0.013,0.0318,0.015,0.0397,0.0406,0.0191,77.0,0.1174,0.5306,0.068,0.13,0.0,0.0,0.33,0.35,0.009,0.00345,0.009993,0.000603,0.00050626,0.003953,0.00087875,0.003862,0.620576,-0.0078,0.01407,-0.008773,0.007638,0.001513,-0.0073695,0.006849999999999998,2.399,1.424,3.48,9
2085,0,0,1,0.405,0.067,0.5656,0.035,73.59998112288406,0.04,0.0286,0.045,0.0365,0.02335,0.013,0.0318,0.015,0.0484,0.0232,0.0358,72.5,0.14,0.5,0.068,0.13,0.0,0.0,0.33,0.3,0.009,0.001244,0.000707,0.000627,0.005036,0.003639,0.00054031,0.006308,0.645369,0.02118,-0.04049,0.02532,-0.02099,0.002028,-0.007323,0.0045999999999999965,0.8075,2.265,2.85,9
2086,0,0,1,0.405,0.07,0.5656,0.045,74.49998322747555,0.04,0.0286,0.045,0.0365,0.02335,0.013,0.0318,0.015,0.0473,0.0633,0.0366,71.5,0.141,0.5433,0.068,0.13,0.0,0.0,0.33,0.35,0.009,0.007491,0.006932,0.00735,0.00052281,0.001737,0.001501,0.00777,0.648777,0.0149,-0.02965,0.01838,-0.01537,0.001544,-0.0052580000000000005,0.006028571428571429,1.067,1.444,5.32,9
2087,1,0,0,0.39,0.055,0.5656,0.045,73.49999998763374,0.05,0.033,0.046,0.035,0.0275,0.013,0.035,0.015,0.05,0.03,0.035,70.0,0.1511,0.59,0.068,0.12,0.0,0.0,0.33,0.35,0.009,0.004055,0.001255,0.001311,0.009363,0.003769,0.00077658,0.00058643,0.560115,0.01645,-0.0249,0.0188,-0.01116,0.001176,-0.0040745,0.002835714285714284,0.303,0.9531,4.18,9
2088,1,0,0,0.425,0.066,0.5656,0.09,72.99997971982306,0.04,0.0207,0.036,0.0365,0.02335,0.0125,0.0327,0.015,0.0447,0.087,0.0251,72.0,0.135,0.48,0.068,0.13,0.0,0.0,0.33,0.35,0.009,0.000575,0.0038,0.000509,0.002679,0.009113,0.009274,0.002212,0.663344,0.02432,-0.04772,0.02874,-0.02523,0.0009777,-0.008958500000000001,0.002892857142857149,0.247,0.6928,4.5,9
2089,0,0,1,0.335,-0.04,0.5656,0.037,71.00001324013941,0.04,0.0277,0.036,0.032,0.022,0.0175,0.029,0.015,0.0346,0.029,0.0303,74.5,0.1038,0.209,0.068,0.13,0.0,0.0,0.33,0.3,0.009,0.001239,0.006831,0.000545,0.0005592,0.00087875,0.002783,0.001234,0.518764,-0.01521,0.01409,-0.01365,0.004736,0.001581,-0.0013605000000000002,0.010507142857142857,0.7563,0.8597,1.63,9
2090,1,0,0,0.435,0.07,0.5656,0.095,72.99997971982306,0.04,0.0287,0.045,0.04445,0.02335,0.013,0.033,0.015,0.0435,0.058,0.0262,72.0,0.185,0.59,0.068,0.13,0.0,0.0,0.33,0.35,0.009,0.008232,0.000868,0.001726,0.009093,0.002931,0.002897,0.005778,0.665853,0.005955,-0.01391,0.007165,-0.007907,0.0007257,-0.0028745000000000003,0.0014642857142857133,0.6576,1.751,7.22,9
2091,0,0,1,0.384991,0.015,0.5656,0.06,70.49999297232874,0.04,0.0302,0.045,0.045,0.0275,0.019,0.0318,0.015,0.0452,0.0445,0.0304,69.5,0.0983,0.307,0.068,0.135,0.0,0.0,0.33,0.31099,0.009,0.001949,0.001882,0.000764,0.003775,0.00328,0.00063,0.005889,0.605957,-0.003397,0.005352,-0.003526,0.002417,0.0006937,-0.0018335,0.0018642857142857137,2.562,4.702,3.4,9
2092,0,0,1,0.384991,0.015,0.5656,0.06,70.49999297232874,0.04,0.0302,0.045,0.045,0.0275,0.019,0.0318,0.015,0.0452,0.0445,0.0304,69.5,0.0983,0.307,0.068,0.135,0.0,0.0,0.33,0.31099,0.009,0.001991,0.000735,0.001094,0.002086,0.00050997,0.008214,0.00065971,0.605957,-0.01313,0.01862,-0.01328,0.008906,0.002301,-0.0080825,0.00635,1.504,1.115,1.39,9
2093,1,0,0,0.39615,0.06,0.5656,0.045,74.49998322747555,0.04,0.0286,0.045,0.0365,0.02335,0.013,0.0318,0.015,0.0431,0.0721,0.028,74.0,0.1411,0.6021,0.068,0.13,0.0,0.0,0.33,0.35,0.009,0.0053,0.008366,0.00223,0.004798,0.001,0.002243,0.00085905,0.647184,0.02292,-0.04319,0.02655,-0.02332,0.0008838,-0.008277,0.0026428571428571464,0.2668,0.7542,5.75,9
2094,0,0,1,0.405,0.07,0.5656,0.045,74.0000202554444,0.04,0.0286,0.045,0.0365,0.02335,0.013,0.0318,0.015,0.0436,0.0461,0.0401,73.0,0.1815,0.6061,0.068,0.12,0.0,0.0,0.33,0.35,0.009,0.004363,0.002838,0.000659,0.001177,0.00051109,0.00087554,0.00089628,0.648666,0.06714,-0.1467,0.08147,-0.08309,0.00261,-0.030735000000000002,0.007500000000000016,0.2869,0.728,2.05,9
2095,1,0,0,0.425,0.07,0.5656,0.045,74.0000202554444,0.04,0.0286,0.045,0.0365,0.02335,0.013,0.0318,0.015,0.0489,0.0492,0.0341,72.0,0.18,0.4892,0.068,0.13,0.0,0.018,0.33,0.35,0.009,0.003121,0.007248,0.002146,0.001344,0.00796,0.006153,0.007507,0.651891,0.009017,-0.01927,0.01086,-0.01082,0.0006266,-0.003993999999999999,0.0017142857142857125,0.3942,0.9931,9.07,9
2096,1,0,0,0.405,0.07,0.5656,0.045,74.0000202554444,0.04,0.0286,0.045,0.0365,0.02335,0.013,0.078,0.015,0.0499,0.049,0.034,75.0,0.145,0.515,0.068,0.13,0.0,0.0,0.33,0.35,0.009,0.002494,0.005114,0.001331,0.004197,0.005219,0.003739,0.00063509,0.664919,0.03553,-0.07218,0.04209,-0.039,0.001569,-0.014085,0.0033571428571428563,0.1605,0.4269,5.21,9
2097,0,0,1,0.4,0.037,0.5656,0.045,74.0000202554444,0.04,0.0327,0.045,0.0365,0.02335,0.013,0.0318,0.015,0.0496,0.0652,0.04,73.0,0.125,0.5552,0.068,0.12,0.0,0.0,0.33,0.35,0.009,0.008792,0.002262,0.001921,0.005014,0.002109,0.00577,0.00221,0.585966,-0.007199,0.01155,-0.007717,0.005403,0.001625,-0.0039945,0.004435714285714282,2.281,2.792,2.64,9
2098,1,0,0,0.40187,0.073,0.5656,0.045,74.49998322747555,0.04,0.0286,0.045,0.0365,0.02335,0.013,0.0318,0.015,0.0453,0.0721,0.028,74.0,0.1276,0.6221,0.068,0.13,0.0,0.0,0.33,0.35,0.009,0.00164,0.001182,0.003388,0.008844,0.004926,0.003085,0.00063556,0.657919,0.02341,-0.0448,0.0277,-0.02396,0.001759,-0.008317999999999999,0.00447142857142857,0.2786,0.7988,4.29,9
2099,1,0,0,0.405,0.07,0.5656,0.045,74.0000202554444,0.04,0.027,0.045,0.0365,0.02335,0.013,0.0286,0.015,0.0435,0.048,0.0316,73.0,0.145,0.488,0.068,0.13,0.0,0.0,0.33,0.35,0.009,0.002844,0.005867,0.002047,0.002472,0.009905,0.004711,0.001505,0.642938,0.01913,-0.03654,0.02277,-0.01966,0.0008781,-0.0070395,0.0026499999999999983,0.3081,0.8652,5.93,9
2100,1,0,0,0.41944,0.028,0.5656,0.035,75.00000349528622,0.04,0.0286,0.032,0.0365,0.02335,0.013,0.029,0.015,0.0246,0.0225,0.0221,73.0,0.1098,0.5225,0.068,0.13,0.0,0.0,0.33,0.35,0.015,0.000604,0.005277,0.002051,0.00096429,0.001518,0.005898,0.005898,0.631566,-0.003111,0.005855,-0.003323,0.003097,0.0008024,-0.003044,0.0020714285714285704,1.401,1.124,6.1,9
2101,1,0,0,0.4169,0.06,0.5656,0.038,75.00000349528622,0.04,0.0267,0.032,0.0365,0.02,0.013,0.028,0.015,0.0353,0.0205,0.0304,72.0,0.1042,0.5305,0.068,0.125,0.0,0.0,0.33,0.35,0.015,0.001716,0.001292,0.002033,0.007719,0.001022,0.002039,0.002015,0.624902,0.0168,-0.02846,0.01942,-0.01353,0.001551,-0.004373999999999999,0.0036571428571428527,0.3362,1.012,3.51,9
2102,1,0,0,0.43,0.0625,0.5656,0.038,75.00000349528622,0.04,0.0267,0.032,0.0365,0.02,0.013,0.028,0.015,0.0348,0.0208,0.0299,72.0,0.1,0.5208,0.068,0.125,0.0,0.0,0.33,0.35,0.015,0.005084,0.005289,0.00068,0.007055,0.001049,0.006703,0.00346,0.641867,0.01577,-0.02809,0.01835,-0.01345,0.0009734,-0.004389499999999999,0.002521428571428571,0.3215,0.9616,5.4,9
2103,1,0,0,0.43,0.0625,0.5656,0.038,75.00000349528622,0.04,0.0267,0.032,0.0365,0.02,0.013,0.028,0.015,0.0348,0.0208,0.0299,72.0,0.1,0.5208,0.068,0.125,0.0,0.0,0.33,0.35,0.015,0.001698,0.003271,0.00247,0.00247,0.00050293,0.00074869,0.001602,0.641801,0.02008,-0.0355,0.02354,-0.01691,0.001532,-0.005627999999999999,0.0037000000000000015,0.3089,0.9268,3.78,9
2104,1,0,0,0.34,-0.02,0.5656,0.045,71.00001324013941,0.04,0.0286,0.045,0.04,0.02335,0.013,0.0318,0.015,0.0439,0.0495,0.0316,73.5,0.1217,0.2755,0.068,0.13,0.0,0.0,0.33,0.35,0.009,0.004619,0.001368,0.002399,0.007377,0.001305,0.005073,0.001811,0.534787,-0.002527,0.002793,-0.002478,0.001149,0.0005936,-0.0007249,0.0018014285714285708,1.131,1.944,3.52,9
2105,1,0,0,0.35,-0.02,0.5656,0.045,71.00001324013941,0.04,0.0286,0.045,0.04,0.02335,0.013,0.0318,0.015,0.0446,0.0496,0.0316,73.5,0.117,0.2756,0.068,0.13,0.0,0.0,0.33,0.35,0.009,0.001288,0.004992,0.005216,0.003587,0.006457,0.005677,0.009956,0.518983,-0.001073,0.00122,-0.001059,0.000381,0.0002872,-0.00014235,0.000862142857142857,1.208,3.664,7.44,9
2106,0,0,1,0.407,0.068,0.5656,0.065,72.99997971982306,0.04,0.0306,0.053,0.0365,0.02535,0.014,0.0318,0.015,0.0489,0.0471,0.0356,73.5,0.19,0.5931,0.068,0.13,0.0,0.0,0.33,0.35,0.009,0.008372,0.002799,0.00375,0.00092221,0.008286,0.006596,0.006634,0.661565,0.01632,-0.03644,0.0198,-0.02116,0.001463,-0.0079725,0.003678571428571427,0.8142,1.982,5.29,9
2107,1,0,0,0.43,0.0625,0.5656,0.05,72.99997971982306,0.04,0.0272,0.032,0.029,0.022,0.014,0.029,0.015,0.0354,0.0212,0.03,71.0,0.1099,0.5162,0.068,0.125,0.0,0.018,0.33,0.35,0.009,0.001675,0.00155,0.001643,0.002338,0.00777,0.006713,0.001737,0.635476,0.1374,-0.6043,0.2127,-0.1443,0.004345,-0.03967,0.013999999999999974,0.1086,0.6457,2.07,9
2108,1,0,0,0.9353,0.606,0.5656,0.045,119.99999413330205,0.04,0.0286,0.045,0.0365,0.02335,0.013,0.0318,0.015,0.005,0.0609,0.0553,30.0,0.2348,0.5269,0.068,0.13,0.0,0.0,0.33,0.35,0.009,0.004366,0.000682,0.00651,0.001488,0.004424,0.002205,0.008323,2.15976,-0.005492,-0.513,0.091,-0.4013,0.01816,-0.17675000000000002,0.007857142857142983,0.05702,0.1313,22.3,9
2109,1,0,0,0.435,0.0625,0.5656,0.038,75.00000349528622,0.04,0.0267,0.032,0.0365,0.02,0.013,0.028,0.015,0.0341,0.0207,0.0304,71.0,0.1,0.5207,0.068,0.125,0.0,0.0,0.33,0.35,0.015,0.002775,0.000668,0.003179,0.001831,0.002225,0.003833,0.002946,0.641346,0.01439,-0.02563,0.01697,-0.01207,0.002067,-0.004003,0.0038428571428571414,0.4131,1.241,4.1,9
2111,0,0,1,0.42,0.04,0.5656,0.045,70.49999297232874,0.04,0.039,0.045,0.0405,0.02335,0.013,0.033,0.015,0.0605,0.0429,0.0473,68.0,0.155,0.5469,0.068,0.13,0.0,0.0,0.33,0.35,0.009,0.004182,0.00098,0.002809,0.003468,0.00091348,0.00372,0.002357,0.630989,-0.004432,0.009094,-0.005045,0.004733,0.002091,-0.0046345,0.004778571428571431,3.115,3.587,2.82,9
2112,1,0,0,0.425,0.0525,0.5656,0.038,75.00000349528622,0.04,0.0267,0.032,0.0365,0.02,0.013,0.028,0.015,0.0358,0.0224,0.033,71.0,0.0997,0.5224,0.068,0.125,0.0,0.0,0.33,0.35,0.015,0.000937,0.005575,0.001397,0.00067533,0.007447,0.006285,0.001159,0.634934,-0.009367,0.01707,-0.01035,0.008751,0.001901,-0.007547999999999999,0.004585714285714281,0.6972,0.7361,3.84,9
2113,0,0,1,0.19995,0.0,0.5656,0.06,75.99998673512805,0.04,0.0307,0.046,0.0365,0.03,0.017,0.035,0.015,0.0449,0.0445,0.0316,75.0,0.0802,0.18,0.068,0.12,0.0,0.0,0.33,0.3,0.009,0.000771,0.00839,0.001095,0.002859,0.002543,0.006958,0.008196,0.377738,-0.005859,0.01083,-0.006417,0.00537,0.0006954,-0.004613,0.0019714285714285728,1.762,2.291,4.99,9
2114,0,0,1,0.4,0.03,0.5656,0.06,71.49997621217057,0.04,0.0385,0.04,0.0455,0.031,0.0165,0.0318,0.015,0.035,0.06,0.0226,67.0,0.0851,0.3,0.073,0.13,0.0,0.0,0.33,0.3,0.009,0.001339,0.000629,0.002706,0.00106,0.006359,0.007535,0.003542,0.625758,-0.003093,0.005539,-0.003501,0.002588,0.001281,-0.002513,0.003985714285714288,3.545,2.73,2.97,9
2115,1,0,0,0.385,0.04,0.5656,0.02,72.99997971982306,0.04,0.0254,0.0318,0.0365,0.0181,0.013,0.0286,0.015,0.0343,0.0129,0.0321,73.0,0.11,0.5929,0.068,0.13,0.0,0.0,0.33,0.35,0.009,0.005363,0.001533,0.000516,0.007753,0.002091,0.001838,0.00054427,0.608378,-0.01622,0.02619,-0.01741,0.01343,0.002438,-0.01222,0.006285714285714276,0.3923,0.4073,3.02,9
2116,1,0,0,0.385,0.04,0.5656,0.02,72.99997971982306,0.04,0.0254,0.0318,0.0365,0.0181,0.013,0.0286,0.015,0.0343,0.0129,0.0321,73.0,0.11,0.5929,0.068,0.12,0.0,0.0,0.33,0.35,0.009,0.005239,0.000938,0.009187,0.00628,0.003753,0.003458,0.006064,0.608378,-0.002591,0.004632,-0.002947,0.002332,0.001148,-0.0020715,0.0022214285714285704,1.418,1.878,6.88,9
2117,0,0,1,0.405,0.069,0.5656,0.045,73.49999998763374,0.04,0.0286,0.045,0.0365,0.02335,0.013,0.0318,0.015,0.0483,0.0477,0.0513,73.0,0.155,0.54,0.068,0.13,0.0,0.0,0.33,0.35,0.009,0.002051,0.001726,0.008305,0.00395,0.001509,0.008329,0.003985,0.652933,0.01846,-0.03775,0.02224,-0.02024,0.001643,-0.007209,0.004514285714285712,0.9054,2.517,3.73,9
2118,1,0,0,0.415,0.065,0.5656,0.045,74.0000202554444,0.04,0.0286,0.045,0.0365,0.02335,0.013,0.0318,0.015,0.0441,0.0487,0.0295,73.0,0.1504,0.55,0.068,0.13,0.0,0.0,0.33,0.35,0.009,0.000615,0.000971,0.002448,0.001421,0.001597,0.002463,0.005088,0.660733,0.01086,-0.02239,0.0131,-0.01209,0.001216,-0.00438,0.002614285714285714,0.3999,0.9921,4.89,9
2119,1,0,0,0.42105,0.0625,0.5656,0.038,75.00000349528622,0.04,0.0267,0.032,0.0365,0.02,0.013,0.028,0.015,0.0363,0.021,0.0318,71.0,0.0955,0.501,0.068,0.125,0.0,0.0,0.33,0.35,0.015,0.000973,0.000699,0.006907,0.002246,0.001315,0.001394,0.00079497,0.641949,0.02054,-0.03541,0.02413,-0.01678,0.003213,-0.005577,0.006685714285714286,0.3458,1.046,3.29,9
2120,1,0,0,0.378,0.0,0.5656,0.15,74.0000202554444,0.04,0.0286,0.045,0.0365,0.02335,0.013,0.0318,0.015,0.0393,0.0628,0.0335,73.0,0.2768,0.6828,0.068,0.12,0.0,0.0,0.33,0.35,0.009,0.002178,0.00196,0.005426,0.006659,0.00065634,0.004121,0.007753,0.664362,-0.001222,0.003577,-0.001238,0.002274,0.0004502,-0.0046245,0.0018642857142857137,1.141,1.304,8.2,9
2121,1,0,0,0.4,0.07,0.5656,0.045,73.49999998763374,0.04,0.0272,0.045,0.0365,0.016,0.016,0.029,0.015,0.0427,0.0456,0.037,73.0,0.2595,0.6656,0.068,0.13,0.0,0.0,0.33,0.3,0.009,0.00718,0.001058,0.009302,0.006239,0.001019,0.002408,0.00847,0.72769,0.008284,-0.02527,0.01032,-0.01679,0.001471,-0.0067504999999999996,0.0026500000000000043,0.373,1.016,10.34,9
2122,1,0,0,0.4,0.06,0.5656,0.045,74.0000202554444,0.04,0.0286,0.045,0.0365,0.02335,0.013,0.0318,0.015,0.052,0.0211,0.0398,75.0,0.145,0.6111,0.068,0.12,0.0,0.0,0.33,0.35,0.009,0.000584,0.005885,0.00429,0.003025,0.00413,0.002695,0.001546,0.641803,0.01536,-0.02877,0.01797,-0.01495,0.0008135,-0.0052525,0.0024071428571428542,0.3771,1.071,5.71,9
2123,0,0,1,0.415,0.068,0.5656,0.115,74.0000202554444,0.04,0.0286,0.045,0.0365,0.02835,0.015,0.0318,0.015,0.0432,0.0459,0.0285,73.0,0.143,0.5859,0.068,0.13,0.0,0.0,0.33,0.35,0.009,0.005993,0.001294,0.000525,0.00058045,0.00477,0.008665,0.00405,0.639064,0.02733,-0.0537,0.03294,-0.02752,0.001915,-0.01089,0.005714285714285716,0.6545,1.313,3.14,9
2124,0,0,1,0.408,0.07,0.5656,0.045,72.99997971982306,0.04,0.0286,0.045,0.0365,0.02335,0.013,0.0318,0.015,0.05,0.045,0.029,73.2,0.17,0.58,0.068,0.13,0.0,0.0,0.33,0.35,0.009,0.000644,0.002942,0.002221,0.00061408,0.007568,0.00068328,0.00077261,0.648873,0.05066,-0.1053,0.06161,-0.05839,0.002983,-0.021385,0.0085,0.4259,0.9512,2.49,9
2125,0,0,1,0.405,0.062,0.5656,0.111,74.0000202554444,0.04,0.0286,0.045,0.0365,0.02835,0.015,0.0318,0.015,0.0446,0.0459,0.0277,74.5,0.1413,0.5859,0.068,0.13,0.0,0.0,0.33,0.35,0.009,0.001287,0.00407,0.002579,0.002836,0.002695,0.001014,0.004562,0.633069,0.01897,-0.03533,0.02227,-0.01818,0.0008874,-0.0064010000000000004,0.00278571428571429,0.8283,2.339,3.72,9
2126,1,0,0,0.37,0.06,0.5656,0.045,57.000018699235795,0.04,0.0286,0.045,0.0365,0.02335,0.013,0.0318,0.015,0.04,0.0532,0.019,80.0,0.105,0.4192,0.068,0.13,0.0,0.0,0.33,0.35,0.009,0.005285,0.001128,0.000872,0.00089235,0.009053,0.007507,0.00916,0.611401,0.008151,-0.01285,0.009775,-0.006085,0.0008818,-0.002032,0.0027571428571428573,0.5225,0.9555,6.28,9
2127,0,0,1,0.4,0.058,0.5656,0.215,74.0000202554444,0.04,0.0409,0.045,0.0365,0.04335,0.023,0.0318,0.015,0.0324,0.0256,0.035,72.0,0.1542,0.5676,0.068,0.13,0.0,0.0,0.33,0.35,0.009,0.001384,0.005378,0.003613,0.001384,0.005506,0.009432,0.005506,0.627064,0.009916,-0.02047,0.01168,-0.01041,0.0003099,-0.0038785,0.0011642857142857138,1.037,2.01,6.27,9
2128,0,0,1,0.41,0.0655,0.5656,0.045,74.0000202554444,0.04,0.0286,0.045,0.0365,0.02335,0.013,0.0318,0.015,0.0505,0.0481,0.0475,71.0,0.1275,0.5181,0.068,0.13,0.0,0.0,0.33,0.35,0.009,0.000577,0.00146,0.007579,0.001403,0.00050774,0.00185,0.005657,0.618777,0.01433,-0.02581,0.01735,-0.01182,0.001875,-0.003902,0.004414285714285718,1.13,2.979,3.3,9
2129,0,0,1,0.4,0.03,0.5656,0.06,71.49997621217057,0.04,0.0385,0.05,0.0455,0.031,0.0165,0.0318,0.015,0.035,0.06,0.0226,67.0,0.0851,0.3,0.073,0.13,0.0,0.0,0.33,0.3,0.009,0.001333,0.000695,0.008409,0.004691,0.005632,0.005936,0.002891,0.625758,-0.002426,0.004262,-0.00273,0.001954,0.001071,-0.00189,0.0030428571428571406,4.328,5.323,3.95,9
2130,1,0,0,0.525,0.07,0.5656,0.045,73.49999998763374,0.04,0.0286,0.045,0.0365,0.02335,0.013,0.0318,0.015,0.0491,0.0745,0.0349,69.5,0.125,0.6,0.068,0.13,0.0,0.0,0.33,0.35,0.009,0.000666,0.008341,0.002979,0.002048,0.002712,0.008539,0.002809,0.76889,0.02274,-0.05742,0.02734,-0.03014,0.001328,-0.010589999999999999,0.002714285714285715,0.2603,0.7693,7.49,9
2131,0,0,1,0.403,0.06,0.5656,0.06,73.49999998763374,0.04,0.0302,0.045,0.0365,0.02335,0.013,0.035,0.015,0.0456,0.036,0.0351,73.5,0.165,0.631,0.068,0.12,0.0,0.018,0.33,0.35,0.007,0.002217,0.001654,0.002736,0.001271,0.001185,0.004999,0.002336,0.635706,0.02342,-0.04642,0.02769,-0.02516,0.001938,-0.0090885,0.004678571428571436,0.7964,2.184,3.03,9
2132,0,0,1,0.4,0.03,0.5656,0.06,71.49997621217057,0.04,0.0385,0.05,0.0455,0.031,0.0165,0.0318,0.015,0.035,0.06,0.0226,67.0,0.0851,0.3,0.073,0.13,0.0,0.0,0.33,0.3,0.009,0.002432,0.005478,0.006664,0.00099947,0.001695,0.00097207,0.00071289,0.625758,-0.004059,0.006371,-0.004342,0.002986,0.0008402,-0.0026179999999999997,0.003057142857142857,3.588,1.377,3.97,9
2133,1,0,0,0.412,0.071,0.5656,0.05,72.99997971982306,0.04,0.027,0.036,0.0365,0.02335,0.013,0.032,0.015,0.0414,0.03,0.033,72.5,0.1923,0.635,0.068,0.12,0.0,0.0,0.33,0.3,0.009,0.004316,0.006841,0.001473,0.00111,0.00084968,0.001464,0.00057077,0.654633,0.03783,-0.08604,0.04585,-0.05015,0.001253,-0.018845,0.0036428571428571426,0.1399,0.3232,4.88,9
2134,0,0,1,0.405,0.07,0.5656,0.045,74.0000202554444,0.04,0.0286,0.045,0.0365,0.02335,0.013,0.0318,0.015,0.0492,0.0492,0.029,73.0,0.1446,0.5152,0.068,0.13,0.016,0.018,0.33,0.35,0.009,0.00106,0.004284,0.000526,0.009564,0.002869,0.00091683,0.00051976,0.658742,0.09386,-0.1812,0.1092,-0.1007,0.002333,-0.035705,0.006785714285714281,0.2395,0.6694,2.26,9
2135,1,0,0,0.44,0.055,0.5656,0.045,73.49999998763374,0.04,0.0287,0.036,0.0365,0.02335,0.013,0.0286,0.015,0.045,0.0128,0.047,71.5,0.118,0.4928,0.068,0.13,0.0,0.0,0.33,0.3,0.009,0.00324,0.00101,0.001132,0.001104,0.009193,0.005335,0.002628,0.623732,0.01678,-0.02986,0.01961,-0.0134,0.001633,-0.004342,0.0036142857142857166,0.3464,1.071,4.15,9
2136,1,0,0,0.375,0.045,0.5656,0.05,72.99997971982306,0.04,0.0286,0.045,0.0365,0.02335,0.013,0.0318,0.015,0.0406,0.0163,0.0307,73.0,0.1431,0.57,0.068,0.13,0.016,0.018,0.33,0.35,0.009,0.003524,0.007787,0.005095,0.001139,0.006927,0.008452,0.003639,0.605854,-0.002323,0.004088,-0.002516,0.002294,0.0005408,-0.002466,0.0016428571428571438,1.912,1.467,8.47,9
2137,1,0,0,0.595,0.1822,0.5656,0.05,71.99999647998123,0.04,0.0286,0.045,0.0365,0.02335,0.019,0.0318,0.015,0.05,0.053,0.024,70.0,0.1322,0.553,0.068,0.135,0.016,0.018,0.33,0.35,0.009,0.006937,0.000854,0.00272,0.00087939,0.007227,0.009683,0.001235,0.899587,0.03619,-0.1397,0.0568,-0.08169,0.004279,-0.03057,0.005571428571428592,0.154,0.3973,7.46,9
2138,1,0,0,0.3854,0.045,0.5656,0.05,72.99997971982306,0.04,0.0286,0.045,0.0365,0.02335,0.013,0.0318,0.015,0.0406,0.0163,0.0307,73.0,0.1431,0.57,0.068,0.13,0.016,0.018,0.33,0.35,0.009,0.003368,0.002665,0.001485,0.002543,0.00073567,0.00059594,0.001175,0.605854,-0.005281,0.009211,-0.005674,0.005093,0.0008995,-0.0053515,0.0024071428571428542,1.009,0.8951,4.59,9
2139,0,0,1,0.405,0.07,0.5656,0.05,74.0000202554444,0.04,0.0286,0.045,0.0365,0.0275,0.013,0.0318,0.015,0.0485,0.0489,0.0295,73.0,0.145,0.5149,0.068,0.13,0.016,0.018,0.33,0.35,0.009,0.004503,0.00111,0.00142,0.00065682,0.005129,0.005406,0.005566,0.652545,0.02028,-0.03927,0.02434,-0.02108,0.001665,-0.0075145,0.005321428571428571,0.7856,0.9943,3.88,9
2140,1,0,0,0.6448,0.19,0.5656,0.21,69.10002789570609,0.04,0.0286,0.045,0.0365,0.02335,0.013,0.0318,0.015,0.0544,0.22,0.0281,67.6,0.13,0.5462,0.068,0.13,0.0,0.0,0.33,0.35,0.009,0.002325,0.009484,0.003084,0.004162,0.0006344,0.00673,0.002535,0.85343,0.02247,-0.08764,0.03582,-0.04705,0.00203,-0.0166,0.003428571428571437,0.2699,0.7427,9.02,9
2141,1,0,0,0.3854,0.045,0.5656,0.05,72.99997971982306,0.04,0.0286,0.045,0.0365,0.02335,0.013,0.0318,0.015,0.0406,0.0163,0.0307,73.0,0.1431,0.57,0.068,0.13,0.016,0.018,0.33,0.35,0.009,0.001018,0.001893,0.00058,0.0005255,0.00106,0.001294,0.001294,0.605854,-0.007427,0.01324,-0.00798,0.00732,0.001251,-0.007482,0.004485714285714286,0.8077,0.6773,2.89,9
2142,1,0,0,0.405,0.067,0.5656,0.045,74.0000202554444,0.04,0.0286,0.045,0.0365,0.02335,0.013,0.0318,0.015,0.0533,0.047,0.0335,73.0,0.0928,0.547,0.068,0.13,0.016,0.018,0.33,0.35,0.009,0.001208,0.003071,0.000855,0.009529,0.00056952,0.005846,0.001123,0.617959,0.02322,-0.03583,0.02698,-0.01549,0.001068,-0.004639,0.0027285714285714313,0.255,0.8325,3.72,9
2143,1,0,0,0.405,0.067,0.5656,0.045,74.0000202554444,0.04,0.0286,0.045,0.0365,0.02335,0.013,0.0292,0.015,0.0505,0.0474,0.0335,73.0,0.0928,0.5474,0.068,0.13,0.016,0.018,0.33,0.35,0.009,0.001206,0.001579,0.003458,0.005958,0.007355,0.001871,0.005178,0.640854,0.01349,-0.05988,0.02161,-0.01338,0.0008359,-0.003556,0.0023285714285714277,0.2663,1.1,5.84,9
2144,1,0,0,0.3995,0.054,0.5656,0.02,74.0000202554444,0.04,0.027,0.032,0.0365,0.0227,0.0135,0.029,0.015,0.0296,0.0127,0.0243,74.4,0.1687,0.577,0.068,0.12,0.0166,0.0,0.358,0.35,0.009,0.000675,0.001083,0.001464,0.001497,0.001318,0.00076474,0.00083489,0.633821,0.0297,-0.0598,0.03457,-0.0341,0.001952,-0.012685,0.0053571428571428615,0.2132,0.5729,2.63,9
2145,0,0,1,0.405,0.07,0.5656,0.045,74.0000202554444,0.04,0.0286,0.045,0.0365,0.02335,0.013,0.0318,0.015,0.0596,0.0556,0.0209,73.0,0.145,0.4656,0.068,0.135,0.016,0.018,0.33,0.35,0.009,0.000514,0.000781,0.000752,0.00781,0.008703,0.00059681,0.002402,0.659352,0.03266,-0.06145,0.03841,-0.03343,0.002521,-0.01181,0.00614285714285714,0.5872,1.634,2.74,9
2146,1,0,0,0.39,0.005,0.5656,0.05,71.00001324013941,0.04,0.0286,0.045,0.0365,0.02,0.014,0.0318,0.015,0.0482,0.0449,0.0259,72.0,0.11,0.26,0.068,0.135,0.0,0.0,0.33,0.35,0.009,0.000514,0.004645,0.00312,0.00083765,0.00051995,0.002113,0.008461,0.619387,-0.002116,0.004124,-0.002409,0.001904,0.0008443,-0.001673,0.0032571428571428556,0.7079,0.8364,6.16,9
2149,0,0,1,0.4,0.0,0.5656,0.0375,72.99997971982306,0.04,0.0352,0.05,0.05,0.035,0.0215,0.0318,0.015,0.0572,0.0577,0.0354,69.0,0.1081,0.3227,0.068,0.135,0.0,0.0,0.33,0.3,0.009,0.00339,0.002071,0.000892,0.001052,0.00061859,0.007264,0.00091015,0.610558,-0.008988,0.01298,-0.00882,0.006063,0.0008275,-0.0044355,0.0025499999999999976,2.068,1.875,2.56,9
2150,0,0,1,0.365,0.01,0.5656,0.045,69.50000973248692,0.04,0.0286,0.045,0.03225,0.02335,0.013,0.026,0.015,0.035,0.0372,0.013,70.5,0.08,0.2672,0.068,0.135,0.016,0.018,0.33,0.35,0.009,0.002992,0.001016,0.00475,0.00073031,0.00090418,0.004287,0.001156,0.555714,-0.007989,0.009011,-0.008251,0.003286,0.002861,-0.0011148,0.013274285714285712,2.033,1.069,1.73,9
2151,1,0,0,0.39,0.005,0.5656,0.05,71.0,0.04,0.0286,0.06,0.0365,0.02,0.014,0.0318,0.015,0.0515,0.0447,0.0262,72.0,0.11,0.26,0.068,0.135,0.0,0.0,0.33,0.35,0.009,0.001798,0.005021,0.000631,0.001133,0.004791,0.006572,0.002319,0.619048,-0.005471,0.008509,-0.005573,0.004245,0.001072,-0.0038365,0.0029928571428571435,0.821,0.9009,4.17,10
2152,1,0,0,0.455,0.07,0.5656,0.045,74.0,0.04,0.0286,0.045,0.0365,0.02335,0.013,0.0318,0.015,0.0492,0.0469,0.0338,73.0,0.17,0.6319,0.068,0.13,0.016,0.018,0.33,0.35,0.009,0.000839,0.009494,0.001165,0.002041,0.006983,0.00060163,0.0008698,0.658742,0.03174,-0.07064,0.03808,-0.03756,0.001206,-0.01332,0.003142857142857138,0.2044,0.5405,6.17,10
2153,1,0,0,0.435,0.066,0.5656,0.0875,72.5,0.04,0.0286,0.046,0.0365,0.02335,0.013,0.0328,0.015,0.0645,0.0812,0.027,69.0,0.12,0.5312,0.073,0.135,0.016,0.0,0.33,0.35,0.009,0.000635,0.001665,0.002238,0.001875,0.006086,0.001058,0.00089301,0.720476,0.03422,-0.06881,0.04037,-0.03663,0.001908,-0.01301,0.004714285714285707,0.2446,0.6939,4.03,10
2154,1,0,0,0.429,0.0775,0.5656,0.045,73.0,0.04,0.0286,0.045,0.0365,0.02335,0.013,0.0318,0.015,0.039,0.0219,0.034,71.5,0.18,0.5049,0.068,0.13,0.016,0.018,0.33,0.35,0.009,0.00642,0.001457,0.002532,0.002292,0.001553,0.001553,0.00435,0.630381,0.009731,-0.02096,0.01193,-0.01152,0.0009016,-0.0042195,0.002592857142857146,0.3318,0.2995,5.56,10
2155,1,0,0,0.4,0.037,0.5656,0.04,74.5,0.0381,0.0254,0.0317,0.034,0.01735,0.0105,0.0286,0.015,0.044,0.3,0.03,73.0,0.1238,0.5,0.068,0.12,0.0,0.0,0.33,0.35,0.0106,0.002007,0.001607,0.002204,0.001036,0.009797,0.001597,0.004473,0.623444,-0.004289,0.01251,-0.005214,0.004481,0.001846,-0.0040105,0.004007142857142856,0.6045,0.8292,4.88,10
2156,1,0,0,0.39,0.005,0.5656,0.05,71.0,0.04,0.0286,0.06,0.0365,0.02,0.014,0.0272,0.015,0.0515,0.0445,0.0258,72.0,0.11,0.25,0.068,0.135,0.0,0.0,0.33,0.35,0.009,0.00852,0.002281,0.008968,0.003522,0.003988,0.003783,0.004179,0.619048,-0.002404,0.003765,-0.002508,0.001878,0.0007828,-0.001728,0.0021999999999999993,1.181,0.5981,6.65,10
2157,1,0,0,0.4,0.06,0.5656,0.045,74.0,0.04,0.0286,0.045,0.0365,0.02335,0.013,0.0318,0.015,0.0528,0.0491,0.0332,74.5,0.1178,0.5091,0.068,0.13,0.0,0.0,0.33,0.3,0.009,0.000576,0.006073,0.000768,0.001219,0.004453,0.001044,0.00059507,0.678137,0.05118,-0.09437,0.05988,-0.04968,0.001228,-0.01759,0.0035714285714285744,0.1585,0.4515,3.9,10
2158,1,0,0,0.405,0.07,0.5656,0.045,74.0,0.04,0.0286,0.045,0.0365,0.02335,0.013,0.0318,0.015,0.0493,0.0493,0.0289,73.0,0.145,0.5153,0.068,0.13,0.016,0.018,0.33,0.35,0.009,0.005494,0.000869,0.001278,0.001543,0.007908,0.001282,0.006952,0.659709,0.0106,-0.0208,0.01277,-0.01124,0.001022,-0.004055,0.00237142857142857,0.4357,1.066,6.91,10
2159,0,0,1,0.42,0.04,0.5656,0.045,73.0,0.04,0.0286,0.048,0.0365,0.0325,0.025,0.0375,0.015,0.0473,0.0441,0.0364,73.0,0.1854,0.6,0.068,0.13,0.025,0.0,0.33,0.35,0.025,0.001914,0.00093,0.000595,0.001514,0.003096,0.001325,0.006472,0.645442,-0.005697,0.01243,-0.006003,0.007265,0.001244,-0.0090975,0.0033500000000000044,2.339,1.628,3.92,10
2160,1,0,0,0.4,0.06,0.5656,0.045,74.0,0.04,0.0286,0.045,0.042,0.02335,0.013,0.0318,0.015,0.0521,0.0488,0.0332,74.5,0.1178,0.5088,0.068,0.13,0.0,0.0,0.33,0.3,0.009,0.00403,0.003852,0.001223,0.003106,0.00593,0.007836,0.004825,0.677754,0.009209,-0.01714,0.01082,-0.00895,0.0005621,-0.0031504999999999997,0.0014642857142857133,0.4982,1.407,6.95,10
2161,0,0,1,0.405,0.07,0.5656,0.045,74.0,0.04,0.0286,0.045,0.0365,0.02335,0.013,0.0318,0.015,0.0492,0.0492,0.0289,73.0,0.145,0.5152,0.068,0.13,0.016,0.018,0.33,0.35,0.009,0.00119,0.007856,0.00939,0.00061814,0.001288,0.002724,0.001706,0.658742,0.02672,-0.05217,0.03213,-0.02831,0.001816,-0.0102095,0.006007142857142855,0.7263,1.458,3.95,10
2164,1,0,0,0.43,0.072,0.5656,0.045,72.5,0.04,0.0286,0.045,0.0365,0.02335,0.013,0.0318,0.015,0.0466,0.0217,0.034,72.0,0.1188,0.58,0.068,0.13,0.016,0.018,0.33,0.35,0.009,0.003319,0.000806,0.001396,0.007663,0.004073,0.00066407,0.008922,0.688362,0.01122,-0.02282,0.01339,-0.01197,0.0009777,-0.0041329999999999995,0.002128571428571432,0.4478,1.262,7.41,10
2165,1,0,0,0.415,0.072,0.5656,0.12,74.5,0.055,0.0286,0.05,0.02778,0.02335,0.013,0.0318,0.015,0.0433,0.09,0.0296,70.5,0.085,0.59,0.068,0.135,0.0,0.018,0.33,0.35,0.009,0.00413,0.001145,0.003254,0.005765,0.004185,0.003254,0.001299,0.652546,0.0241,-0.04081,0.02884,-0.01894,0.002159,-0.006175,0.004514285714285718,0.3044,0.9251,4.51,10
2166,1,0,0,0.415,0.068,0.5656,0.15,73.5,0.055,0.0286,0.05,0.02778,0.02335,0.013,0.0318,0.015,0.0433,0.15,0.0296,71.5,0.1109,0.687,0.068,0.135,0.0,0.018,0.33,0.35,0.009,0.007761,0.007417,0.000924,0.002346,0.00057098,0.001596,0.003643,0.658884,0.03052,-0.05675,0.03683,-0.02775,0.001073,-0.0094955,0.002764285714285715,0.2289,0.6679,6.19,10
2167,1,0,0,0.425,0.08,0.5656,0.15,72.5,0.055,0.0286,0.05,0.02778,0.02335,0.013,0.0318,0.015,0.0433,0.15,0.0296,71.5,0.0891,0.687,0.068,0.135,0.0,0.0,0.33,0.35,0.009,0.00547,0.003867,0.002038,0.007635,0.002621,0.001162,0.006378,0.675026,0.02088,-0.03905,0.02552,-0.01889,0.001027,-0.0062629999999999995,0.0026000000000000042,0.3121,0.9247,7.16,10
2168,1,0,0,0.41,0.072,0.5656,0.015,73.5,0.055,0.0286,0.045,0.02778,0.02335,0.013,0.0318,0.015,0.0433,0.015,0.0296,73.0,0.1325,0.555,0.068,0.13,0.016,0.0,0.33,0.35,0.009,0.002021,0.004699,0.001843,0.00171,0.009143,0.00081887,0.00059398,0.654853,0.04166,-0.08016,0.05051,-0.04177,0.00164,-0.01485,0.004285714285714284,0.1889,0.5348,5.07,10
2169,1,0,0,0.44,0.07,0.5656,0.045,73.0,0.04,0.0286,0.044,0.0365,0.02335,0.013,0.0318,0.015,0.0491,0.0529,0.0302,67.5,0.115,0.45,0.068,0.135,0.0,0.0,0.33,0.35,0.009,0.002304,0.000697,0.00065,0.00053991,0.001634,0.003317,0.00080022,0.697919,0.0507,-0.1021,0.06106,-0.05331,0.00352,-0.018805000000000002,0.00707142857142858,0.1667,0.4502,2.36,10
2170,0,0,1,0.405,0.07,0.5656,0.045,74.0,0.04,0.0286,0.045,0.0365,0.02335,0.013,0.0318,0.015,0.0492,0.0492,0.0289,73.0,0.145,0.5152,0.068,0.13,0.016,0.018,0.33,0.35,0.009,0.008766,0.002506,0.000529,0.002581,0.003581,0.00081023,0.007663,0.658742,0.02095,-0.04113,0.02513,-0.02214,0.001277,-0.0079585,0.003678571428571421,0.8129,2.21,3.91,10
2171,1,0,0,0.405,0.035,0.5656,0.085,74.0,0.04,0.0286,0.046,0.0365,0.02335,0.013,0.0328,0.015,0.0472,0.0837,0.0243,69.0,0.1001,0.406,0.073,0.13,0.016,0.018,0.33,0.35,0.009,0.001646,0.001902,0.001047,0.00061229,0.004155,0.003805,0.00052358,0.640212,-0.0128,0.02059,-0.01337,0.01069,0.001747,-0.009656999999999999,0.00518571428571428,0.598,0.5088,3.22,10
2172,1,0,0,0.38499,0.01656,0.5656,0.06,70.73168,0.04,0.0302,0.045,0.045,0.0275,0.019,0.0318,0.015,0.0452,0.0445,0.0304,69.73168,0.0983,0.307,0.068,0.135,0.0,0.0,0.33,0.31099,0.009,0.003833,0.007635,0.004457,0.007045,0.001428,0.00748,0.009964,0.606243,-0.001142,0.001714,-0.001183,0.0007918,0.0002093,-0.00061915,0.0006135714285714283,1.357,2.741,10.9,10
2173,0,0,1,0.4,0.03,0.5656,0.06,71.5,0.04,0.0385,0.05,0.0455,0.031,0.0165,0.0318,0.015,0.035,0.06,0.0226,67.0,0.0851,0.3,0.073,0.13,0.0,0.0,0.33,0.3,0.009,0.001401,0.005129,0.004155,0.0005758,0.001605,0.00635,0.003642,0.625758,-0.002624,0.004558,-0.002945,0.002175,0.0006643,-0.0018020000000000002,0.0028000000000000013,2.298,2.599,4.27,10
2174,0,0,1,0.4,0.03,0.5656,0.06,71.5,0.04,0.0385,0.05,0.0455,0.031,0.0165,0.0318,0.015,0.035,0.06,0.0226,67.0,0.0851,0.3,0.073,0.135,0.0,0.0,0.33,0.3,0.009,0.00562,0.005426,0.001664,0.001138,0.002406,0.005394,0.008614,0.625758,-0.002322,0.003921,-0.002544,0.001899,0.0005067,-0.0015895000000000002,0.0016214285714285712,3.887,4.264,5.6,10
2175,0,0,1,0.401,0.06,0.5656,0.045,74.5,0.04,0.03625,0.05,0.042,0.02335,0.013,0.0318,0.015,0.0535,0.0322,0.0407,72.8,0.125,0.5322,0.068,0.13,0.016,0.018,0.33,0.35,0.009,0.007254,0.002301,0.001697,0.00205,0.001837,0.001847,0.003839,0.635656,0.01385,-0.02414,0.01633,-0.01171,0.001214,-0.003973,0.0032,1.134,3.313,3.37,10
2176,0,0,1,0.4,0.03,0.5656,0.06,71.5,0.04,0.0385,0.05,0.0455,0.031,0.0165,0.0318,0.015,0.035,0.06,0.0226,67.0,0.0851,0.3,0.073,0.135,0.0,0.0,0.33,0.3,0.009,0.003985,0.003,0.002693,0.001895,0.001633,0.001857,0.003219,0.625758,-0.003247,0.005183,-0.003465,0.002537,0.0006788,-0.0021590000000000003,0.0021142857142857126,3.148,4.487,3.68,10
2177,1,0,0,0.37,-0.001,0.5656,0.05,71.0,0.04,0.0286,0.06,0.0365,0.02,0.014,0.0272,0.015,0.0511,0.044,0.0264,72.0,0.11,0.26,0.068,0.135,0.0,0.0,0.33,0.35,0.009,0.000543,0.004203,0.006113,0.002795,0.0005407,0.0006793,0.00069946,0.614475,-0.004682,0.006776,-0.00471,0.00332,0.001144,-0.003192,0.0037285714285714274,1.238,1.021,3.76,10
2178,1,0,0,0.406,0.074,0.5656,0.045,73.0,0.04,0.0286,0.038,0.0365,0.02335,0.013,0.0318,0.015,0.0463,0.0464,0.0332,73.0,0.1399,0.6054,0.068,0.13,0.016,0.018,0.33,0.35,0.009,0.00514,0.002299,0.0013,0.008208,0.00063093,0.00365,0.003247,0.65203,0.01285,-0.02513,0.01529,-0.01349,0.0007323,-0.0046995000000000006,0.0019357142857142821,0.3481,0.9795,6.5,10
2179,1,0,0,0.435,0.066,0.5656,0.0875,72.5,0.04,0.0286,0.046,0.0365,0.02335,0.013,0.0328,0.015,0.0583,0.0816,0.0213,69.0,0.1,0.512,0.073,0.135,0.016,0.0,0.33,0.35,0.009,0.004017,0.008786,0.007458,0.002895,0.004602,0.00056994,0.00075917,0.697148,0.02217,-0.04113,0.0259,-0.0208,0.001216,-0.007138,0.002985714285714285,0.3547,1.026,7.54,10
2180,0,0,1,0.401,0.06,0.5656,0.045,74.5,0.04,0.03625,0.05,0.042,0.02335,0.013,0.0318,0.015,0.0527,0.0322,0.0412,72.0,0.1253,0.5322,0.068,0.13,0.016,0.018,0.33,0.35,0.009,0.000754,0.002287,0.000617,0.00071917,0.00068328,0.006732,0.0005535,0.633941,0.05601,-0.09722,0.06615,-0.0473,0.002857,-0.0161,0.008285714285714282,0.4215,1.107,1.4,10
2181,0,0,1,0.415,0.07,0.5656,0.045,73.5,0.04,0.0293,0.045,0.03773,0.0265,0.014,0.0318,0.015,0.052,0.045,0.0322,73.0,0.1575,0.565,0.075,0.13,0.016,0.018,0.33,0.35,0.009,0.003005,0.002042,0.001838,0.004002,0.004941,0.002536,0.002392,0.663475,0.02931,-0.06028,0.03499,-0.03288,0.001437,-0.011825,0.0053571428571428615,0.586,1.809,3.14,10
2182,0,0,1,0.401,0.06,0.5656,0.045,74.5,0.04,0.03625,0.05,0.042,0.02335,0.013,0.0318,0.015,0.0499,0.0322,0.0396,71.3,0.1251,0.5322,0.068,0.13,0.016,0.018,0.33,0.35,0.009,0.00588,0.003098,0.00705,0.007787,0.001062,0.00707,0.002118,0.630067,0.0114,-0.01959,0.01319,-0.00971,0.001265,-0.0032545,0.003964285714285714,1.274,4.407,3.98,10
2183,0,0,1,0.419,0.021,0.5656,0.045,72.00065,0.04,0.0317,0.045,0.0365,0.02335,0.013,0.0318,0.015,0.0454,0.0485,0.0284,68.00065,0.1191,0.5311,0.073,0.135,0.016,0.018,0.33,0.35,0.009,0.00344,0.00902,0.002041,0.001165,0.00161,0.005219,0.0009735,0.66704,-0.01513,0.02721,-0.01541,0.01497,0.002099,-0.0158,0.006428571428571426,1.08,1.355,3.18,10
2184,1,0,0,0.405,0.035,0.5656,0.085,74.0,0.04,0.0286,0.046,0.0365,0.02335,0.013,0.0328,0.015,0.0461,0.0817,0.023,69.0,0.0998,0.406,0.073,0.13,0.016,0.018,0.33,0.35,0.009,0.003893,0.008208,0.000816,0.00096147,0.001386,0.00137,0.002732,0.652983,-0.005829,0.009786,-0.006096,0.005218,0.0007694,-0.005008,0.0023571428571428537,0.9421,1.004,5.74,10
2185,0,0,1,0.355,0.06,0.5656,0.045,71.0,0.04,0.0286,0.045,0.0365,0.02335,0.013,0.03,0.015,0.0463,0.0204,0.0257,74.5,0.1604,0.5804,0.068,0.12,0.016,0.018,0.33,0.35,0.009,0.001696,0.00283,0.008378,0.008378,0.003661,0.001487,0.002577,0.644533,0.02023,-0.03733,0.02334,-0.02201,0.001144,-0.0081635,0.004321428571428568,0.8745,2.322,3.91,10
2186,1,0,0,0.37,-0.001,0.5656,0.05,71.0,0.04,0.0286,0.06,0.0365,0.02,0.014,0.0272,0.015,0.0511,0.044,0.0264,72.0,0.11,0.26,0.068,0.135,0.0,0.0,0.33,0.35,0.009,0.002716,0.000896,0.001402,0.00066699,0.001374,0.007585,0.007674,0.614475,-0.002455,0.004091,-0.002523,0.001995,0.001099,-0.0015105000000000001,0.005978571428571427,0.618,0.5335,4.89,10
2187,1,0,0,0.405,0.063,0.5656,0.045,74.0,0.04,0.0286,0.033,0.0365,0.022,0.012,0.029,0.015,0.0416,0.0459,0.0304,72.5,0.1062,0.5459,0.068,0.13,0.016,0.018,0.33,0.35,0.009,0.004124,0.004711,0.000805,0.009193,0.001458,0.00051749,0.005936,0.626151,0.009976,-0.01676,0.01157,-0.008003,0.0005885,-0.002572,0.0016285714285714278,0.4315,1.298,6.96,10
2188,1,0,0,0.37,-0.001,0.5656,0.05,71.0,0.04,0.0286,0.06,0.0365,0.02,0.014,0.0272,0.015,0.0511,0.044,0.0264,72.0,0.11,0.26,0.068,0.135,0.0,0.0,0.33,0.35,0.009,0.001587,0.000531,0.009862,0.001256,0.00083489,0.00075585,0.002538,0.614475,-0.002704,0.004485,-0.002898,0.002168,0.00146,-0.0019914999999999998,0.004392857142857142,1.14,0.9098,4.37,10
2189,1,0,0,0.37,-0.001,0.5656,0.05,71.0,0.04,0.0286,0.06,0.0365,0.02,0.014,0.0272,0.015,0.0511,0.044,0.0264,72.0,0.11,0.26,0.068,0.135,0.0,0.0,0.33,0.35,0.009,0.000732,0.000743,0.002459,0.003597,0.002409,0.002045,0.006364,0.614475,-0.002192,0.003889,-0.002456,0.001826,0.0009306,-0.001686,0.0021714285714285715,1.457,1.458,4.71,10
2190,1,0,0,0.40394,0.068,0.5656,0.045,73.0,0.04,0.0286,0.045,0.0365,0.02335,0.013,0.0318,0.015,0.0471,0.0474,0.036,74.0,0.1252,0.55,0.068,0.13,0.016,0.018,0.33,0.357,0.009,0.000766,0.008981,0.005707,0.001069,0.002386,0.001276,0.002277,0.641923,0.01134,-0.02076,0.01357,-0.01043,0.0007434,-0.0036085,0.0019642857142857144,0.4877,1.413,7.61,10
2191,1,0,0,0.405,0.07,0.5656,0.315,74.0,0.04,0.0286,0.0318,0.0365,0.02335,0.013,0.0286,0.015,0.0421,0.1609,0.026,70.5,0.109,0.6129,0.068,0.13,0.016,0.018,0.33,0.35,0.009,0.001565,0.006678,0.005162,0.001425,0.001051,0.001051,0.006917,0.591986,0.006061,-0.009975,0.007336,-0.004025,0.0005678,-0.0012845,0.001635714285714286,0.652,1.718,8.03,10
2193,1,0,0,0.385,0.05,0.5656,0.19,76.0,0.04,0.0286,0.035,0.0365,0.021,0.0125,0.0285,0.015,0.039,0.1061,0.025,75.5,0.0959,0.5961,0.068,0.13,0.016,0.018,0.33,0.35,0.009,0.003029,0.00202,0.00256,0.00085092,0.00071081,0.00493,0.002161,0.617686,-0.004299,0.007035,-0.004679,0.003582,0.001236,-0.0030675,0.0038214285714285702,0.7249,0.6836,4.42,10
2194,1,0,0,0.405,0.07,0.5656,0.275,73.0,0.04,0.0286,0.0318,0.0365,0.02335,0.013,0.0381,0.015,0.0476,0.1599,0.0262,70.5,0.11,0.6119,0.068,0.13,0.016,0.018,0.33,0.35,0.009,0.001247,0.00222,0.0032,0.004626,0.00378,0.0009283,0.003135,0.612542,0.008888,-0.01454,0.01054,-0.006583,0.0007378,-0.0021089999999999998,0.0013857142857142868,0.4802,1.478,8.43,10
2195,0,0,1,0.385,0.04,0.5656,0.275,75.0,0.04,0.0286,0.045,0.0365,0.035,0.013,0.0318,0.015,0.0488,0.0304,0.0368,76.0,0.0985,0.6204,0.068,0.12,0.016,0.0,0.33,0.35,0.009,0.002212,0.001501,0.000589,0.003701,0.001041,0.008508,0.002849,0.61838,-0.01067,0.02247,-0.01178,0.008775,0.000897,-0.0062285,0.0028642857142857103,1.507,1.906,2.54,10
2196,0,0,1,0.405,0.07,0.5656,0.275,74.0,0.04,0.0286,0.04,0.0365,0.02335,0.013,0.0318,0.015,0.0443,0.0524,0.0318,73.0,0.0902,0.5374,0.068,0.13,0.016,0.018,0.33,0.35,0.009,0.000542,0.001112,0.000823,0.008532,0.00099801,0.001064,0.00054947,0.632091,0.07542,-0.1307,0.08963,-0.05748,0.004051,-0.018099999999999998,0.009571428571428552,0.3261,0.9868,1.43,10
2197,1,0,0,0.4,0.06,0.5656,0.026,74.0,0.04,0.0286,0.033,0.0365,0.0175,0.012,0.0275,0.015,0.0421,0.0144,0.0287,75.0,0.0985,0.5144,0.068,0.13,0.016,0.0,0.33,0.35,0.009,0.002657,0.000574,0.000787,0.002406,0.001138,0.00057035,0.004073,0.622509,0.01283,-0.02078,0.01519,-0.009414,0.001847,-0.003065,0.003271428571428572,0.3654,1.108,3.76,10
2198,0,0,1,0.44,0.068,0.5656,0.045,73.0,0.04,0.0286,0.045,0.0365,0.02335,0.013,0.0318,0.015,0.0464,0.0495,0.0288,71.0,0.1705,0.509,0.068,0.135,0.016,0.018,0.33,0.35,0.009,0.000636,0.000779,0.004519,0.00092559,0.00082097,0.005466,0.003153,0.66321,0.02087,-0.04533,0.02514,-0.02512,0.002933,-0.009168,0.006342857142857141,0.7079,1.244,3.14,10
2199,1,0,0,0.39,0.06,0.5656,0.11,74.0,0.04,0.0268,0.036,0.0365,0.026,0.0125,0.0318,0.015,0.025,0.0816,0.036,74.0,0.145,0.6116,0.068,0.12,0.016,0.018,0.33,0.35,0.009,0.001445,0.000847,0.001665,0.00424,0.005963,0.00057077,0.001093,0.618652,0.02047,-0.03849,0.02384,-0.02083,0.001218,-0.0074255,0.0030071428571428593,0.2673,0.7468,4.77,10
2200,1,0,0,0.395,0.057,0.5656,0.155,76.0,0.04,0.0286,0.033,0.0365,0.02,0.012,0.029,0.015,0.0341,0.02,0.0273,75.0,0.0894,0.5,0.068,0.13,0.016,0.018,0.33,0.35,0.009,0.001471,0.003723,0.001405,0.002461,0.001883,0.006861,0.006821,0.575297,0.006397,-0.009699,0.007584,-0.003364,0.0006885,-0.00098,0.0017857142857142863,0.4587,1.501,5.65,10
2201,1,0,0,0.3989,0.05,0.5656,0.045,74.5,0.04,0.0286,0.032,0.0365,0.02075,0.0115,0.029,0.0265,0.04,0.043,0.028,74.0,0.1012,0.5,0.068,0.12,0.016,0.018,0.33,0.35,0.009,0.004136,0.001908,0.006294,0.003594,0.00072023,0.006851,0.004629,0.60545,-0.002537,0.004097,-0.002779,0.002004,0.000837,-0.0015775,0.002007142857142857,1.561,1.759,6.17,10
2202,1,0,0,0.36331,0.032,0.5656,0.045,72.0,0.045,0.0277,0.04,0.0365,0.0205,0.015,0.0318,0.015,0.05,0.1,0.035,74.0,0.2053,0.68,0.068,0.13,0.0,0.0,0.33,0.35,0.009,0.00071,0.001598,0.001845,0.00050848,0.001575,0.007513,0.00055594,0.61762,-0.007569,0.01698,-0.008458,0.01028,0.002275,-0.0137,0.008285714285714282,0.6169,0.4102,2.83,10
2203,0,0,1,0.388,0.054,0.5656,0.08,75.0,0.04,0.0286,0.045,0.0365,0.02335,0.013,0.032,0.015,0.046,0.06,0.0302,74.0,0.1501,0.54,0.068,0.13,0.016,0.018,0.33,0.35,0.009,0.003443,0.002252,0.001013,0.001952,0.00094751,0.001005,0.002124,0.631185,0.03342,-0.06036,0.0387,-0.03234,0.001705,-0.0116,0.0051428571428571435,0.5954,1.661,2.38,10
2204,1,0,0,0.405,0.07,0.5656,0.045,74.0,0.04,0.0286,0.045,0.0365,0.02335,0.013,0.0318,0.015,0.0493,0.0493,0.0288,73.0,0.145,0.5153,0.068,0.13,0.016,0.018,0.33,0.35,0.009,0.001787,0.006955,0.002542,0.00099255,0.00081588,0.00095901,0.00412,0.659978,0.01176,-0.02304,0.01414,-0.01249,0.0007078,-0.0045190000000000004,0.0019428571428571466,0.3932,1.031,6.54,10
2205,0,0,1,0.406,0.069,0.5656,0.092,73.0,0.04,0.0286,0.045,0.0365,0.02335,0.013,0.0318,0.015,0.0507,0.0489,0.0338,72.8,0.185,0.5389,0.068,0.13,0.0,0.0,0.33,0.35,0.009,0.001226,0.001809,0.004963,0.00084287,0.008526,0.001113,0.008831,0.625486,0.01341,-0.02777,0.01643,-0.01522,0.00178,-0.0055335,0.005121428571428569,1.046,1.619,4.63,10
2206,1,0,0,0.415,0.066,0.5656,0.045,72.5,0.04,0.0286,0.045,0.0365,0.02335,0.013,0.0318,0.015,0.0434,0.0536,0.0299,72.0,0.1669,0.57,0.068,0.13,0.016,0.018,0.33,0.35,0.009,0.007827,0.002083,0.000677,0.002929,0.008557,0.003496,0.003953,0.677052,0.01497,-0.03253,0.01785,-0.01857,0.0008076,-0.0068815000000000005,0.0024214285714285705,0.3471,0.9302,6.52,10
2207,1,0,0,0.44,0.073,0.5656,0.045,75.0,0.04,0.0286,0.045,0.0365,0.02335,0.013,0.0318,0.015,0.0498,0.0503,0.0336,70.0,0.1197,0.49,0.068,0.135,0.0,0.0,0.33,0.35,0.009,0.005833,0.000598,0.000521,0.00077488,0.001991,0.001004,0.001122,0.641388,0.0329,-0.06149,0.03993,-0.02901,0.002972,-0.009654,0.006085714285714287,0.2104,0.6347,2.9,10
2208,1,0,0,0.403,0.055,0.5656,0.06,73.5,0.04,0.0286,0.036,0.03515,0.0215,0.013,0.0318,0.015,0.0473,0.045,0.0351,73.9,0.1598,0.595,0.068,0.13,0.0,0.0,0.33,0.35,0.009,0.000704,0.003856,0.003226,0.001293,0.00078285,0.00099509,0.001617,0.641515,0.01811,-0.03532,0.0212,-0.01906,0.001252,-0.006873,0.003271428571428572,0.3082,0.8682,4.23,10
2209,1,0,0,0.42,0.03,0.5656,0.085,73.5,0.04,0.0286,0.046,0.0365,0.02335,0.013,0.0328,0.015,0.0467,0.0814,0.0229,69.5,0.0958,0.406,0.073,0.13,0.016,0.018,0.33,0.35,0.009,0.003105,0.000624,0.00061,0.006882,0.006851,0.001023,0.003165,0.643795,-0.005384,0.0091,-0.005705,0.004484,0.001283,-0.0038770000000000002,0.0030000000000000014,1.041,1.086,4.73,10
2210,1,0,0,0.43,0.07,0.5656,0.085,73.0,0.04,0.0286,0.045,0.0365,0.025,0.014,0.0318,0.015,0.0502,0.0482,0.0397,71.5,0.17,0.6282,0.068,0.13,0.0,0.0,0.33,0.35,0.009,0.001367,0.000688,0.007513,0.00055838,0.00056248,0.00072339,0.0008878,0.632899,0.01617,-0.0335,0.01967,-0.01755,0.002567,-0.0061519999999999995,0.0066571428571428545,0.365,0.7824,4.31,10
2211,1,0,0,0.45,0.07,0.5656,0.045,74.0,0.04,0.0286,0.045,0.0365,0.02335,0.013,0.0318,0.015,0.0462,0.0525,0.025,70.0,0.1,0.42,0.068,0.13,0.016,0.018,0.33,0.4,0.009,0.000964,0.005795,0.000607,0.005711,0.00065347,0.00254,0.001201,0.713682,0.03776,-0.07596,0.0443,-0.03987,0.001144,-0.01384,0.0030000000000000014,0.1928,0.5529,4.48,10
2212,1,0,0,0.44,0.05,0.5656,0.045,74.0,0.04,0.0286,0.045,0.0365,0.02335,0.013,0.0318,0.015,0.0474,0.0473,0.0533,71.0,0.13,0.52,0.068,0.13,0.0,0.0,0.33,0.35,0.009,0.000905,0.008799,0.001257,0.003202,0.001464,0.002803,0.00306,0.627856,-0.004751,0.009313,-0.005214,0.004642,0.0007571,-0.0039585,0.002035714285714283,1.101,1.172,5.75,10
2213,0,0,1,0.415,0.038,0.5656,0.045,73.5,0.04,0.0286,0.045,0.0365,0.02335,0.013,0.0318,0.015,0.0466,0.054,0.0365,72.0,0.1576,0.594,0.068,0.135,0.0,0.0,0.33,0.35,0.009,0.008627,0.000909,0.000939,0.00234,0.001923,0.002088,0.00058301,0.658032,-0.02291,0.04668,-0.02442,0.02695,0.004435,-0.032095,0.011214285714285727,1.047,0.8465,1.83,10
2214,0,0,1,0.40815,0.07,0.5656,0.105,74.0,0.04,0.03485,0.043,0.0365,0.02335,0.018,0.0318,0.015,0.0451,0.0479,0.0372,73.0,0.145,0.5639,0.068,0.13,0.0,0.0,0.33,0.353157,0.009,0.00236,0.002888,0.00545,0.003433,0.00068079,0.001013,0.001237,0.651019,0.01974,-0.03806,0.02337,-0.02069,0.002041,-0.0074595,0.005564285714285715,0.9495,2.764,3.24,10
2215,1,0,0,0.375,0.06,0.5656,0.045,74.0,0.04,0.0286,0.045,0.0365,0.02335,0.013,0.0318,0.015,0.051,0.049,0.0336,74.0,0.1674,0.515,0.068,0.13,0.0,0.0,0.33,0.35,0.009,0.000654,0.00195,0.006453,0.007076,0.002545,0.00088262,0.001401,0.60815,0.01102,-0.01965,0.01278,-0.01067,0.0008767,-0.0037835000000000004,0.0028214285714285707,0.4554,1.268,4.73,10
2216,1,0,0,0.41,0.07,0.5656,0.045,73.5,0.04,0.0286,0.035,0.0365,0.02335,0.013,0.0286,0.015,0.0414,0.0368,0.0429,73.5,0.1557,0.53,0.068,0.13,0.0,0.0,0.33,0.35,0.009,0.001603,0.000979,0.008433,0.002225,0.001308,0.003435,0.008608,0.64809,0.007553,-0.01563,0.009198,-0.00843,0.0009567,-0.0030464999999999997,0.0021785714285714295,0.568,1.478,7.69,10
2217,0,0,1,0.375,0.055,0.5656,0.075,71.99968,0.04,0.0286,0.045,0.0365,0.022,0.0195,0.0318,0.015,0.0508,0.03,0.0305,74.49968,0.1307,0.555,0.068,0.12,0.016,0.0,0.33,0.340106,0.009,0.004559,0.000553,0.000526,0.003758,0.00086283,0.001935,0.00133,0.678602,0.06368,-0.1165,0.07336,-0.06515,0.00366,-0.02378,0.008714285714285706,0.3763,1.023,2.06,10
2218,1,0,0,0.425,0.075,0.5656,0.045,73.0,0.04,0.0286,0.0318,0.0365,0.02335,0.013,0.0286,0.015,0.0415,0.0467,0.0327,72.5,0.1519,0.56,0.068,0.13,0.0,0.0,0.33,0.35,0.009,0.001745,0.008409,0.008118,0.001508,0.003326,0.006752,0.003527,0.661944,0.01105,-0.02354,0.01351,-0.01278,0.0008329,-0.004621,0.002142857142857142,0.4205,1.113,8.19,10
2219,1,0,0,0.425,0.07,0.5656,0.045,73.5,0.04,0.0286,0.0318,0.0365,0.02335,0.013,0.0286,0.015,0.0411,0.0365,0.0433,73.0,0.1547,0.56,0.068,0.13,0.0,0.0,0.33,0.35,0.009,0.003112,0.00081,0.002581,0.00052858,0.003602,0.0005737,0.002536,0.662844,0.01617,-0.03485,0.01977,-0.01889,0.002086,-0.006712,0.005599999999999999,0.342,0.5722,4.44,10
2220,1,0,0,0.388,0.058,0.5656,0.045,75.5,0.04,0.0286,0.045,0.0365,0.02335,0.013,0.0318,0.015,0.0483,0.0323,0.0352,73.5,0.0907,0.51,0.068,0.13,0.0,0.0,0.33,0.35,0.009,0.008576,0.002653,0.00062,0.00099001,0.001782,0.007344,0.00124,0.633487,0.02814,-0.0439,0.03283,-0.01992,0.001225,-0.0064945,0.0033071428571428557,0.2387,0.7373,3.49,10
2221,1,0,0,0.364,0.032,0.5656,0.045,75.5,0.04,0.0286,0.045,0.0365,0.02335,0.013,0.0318,0.015,0.0466,0.0326,0.0378,72.8,0.1265,0.48,0.068,0.13,0.0,0.0,0.33,0.35,0.009,0.00543,0.000633,0.001177,0.007491,0.001383,0.00068931,0.001032,0.587606,-0.006233,0.009368,-0.006638,0.004724,0.001489,-0.004175,0.003928571428571429,0.8672,0.9085,3.13,10
2222,1,0,0,0.375,0.04,0.5656,0.045,73.5,0.04,0.0286,0.045,0.0365,0.02335,0.013,0.0318,0.015,0.0464,0.0369,0.0396,71.0,0.0849,0.4569,0.068,0.13,0.0,0.0,0.33,0.35,0.009,0.006797,0.008589,0.006958,0.00071865,0.007291,0.001095,0.00092966,0.5782,-0.003993,0.005367,-0.004391,0.002164,0.0009103,-0.0010626,0.0036057142857142854,1.256,1.044,5.92,10
2223,1,0,0,0.408,0.07,0.5656,0.045,74.0,0.04,0.0286,0.045,0.0365,0.02335,0.013,0.0318,0.015,0.0474,0.0389,0.0308,72.5,0.1151,0.48,0.068,0.13,0.0,0.0,0.33,0.35,0.009,0.002366,0.001387,0.006276,0.001695,0.002342,0.003589,0.006331,0.636169,0.007721,-0.0136,0.009304,-0.006566,0.000938,-0.0022234999999999998,0.002149999999999997,0.6021,1.606,6.53,10
2224,1,0,0,0.43,0.07,0.5656,0.045,73.0,0.04,0.0286,0.045,0.0365,0.02335,0.013,0.0318,0.015,0.0502,0.0474,0.0475,72.0,0.1054,0.52,0.068,0.135,0.0,0.0,0.33,0.35,0.009,0.00081,0.00368,0.003712,0.005518,0.002523,0.002659,0.00072977,0.639071,0.02032,-0.03629,0.02405,-0.01658,0.00131,-0.0052829999999999995,0.0031285714285714285,0.328,1.024,4.36,10
2225,1,0,0,0.40367,0.067,0.5656,0.045,73.5,0.04,0.0286,0.045,0.0365,0.02335,0.013,0.0318,0.015,0.0468,0.0419,0.0427,73.5,0.1283,0.56,0.068,0.12,0.0,0.0,0.33,0.35,0.009,0.003887,0.000649,0.0033,0.00072498,0.004395,0.008766,0.00063,0.633162,0.02255,-0.04105,0.02708,-0.02034,0.002898,-0.006954,0.006871428571428572,0.2707,0.7927,3.75,10
2226,0,0,1,0.36,0.029,0.5656,0.045,74.5,0.04,0.0286,0.045,0.0365,0.02335,0.013,0.0318,0.015,0.0508,0.0479,0.0358,74.0,0.1628,0.5879,0.068,0.135,0.0,0.0,0.33,0.35,0.009,0.001415,0.002149,0.000502,0.001544,0.001912,0.009066,0.002445,0.643042,-0.009554,0.0183,-0.01011,0.01097,0.001639,-0.01427,0.005285714285714293,2.018,1.471,2.08,10
2227,0,0,1,0.405,0.07,0.5656,0.045,74.0,0.04,0.04235,0.046,0.0365,0.034,0.0185,0.0318,0.015,0.049,0.0486,0.0346,73.0,0.145,0.5146,0.068,0.13,0.0,0.0,0.33,0.35,0.009,0.003116,0.001168,0.004432,0.007739,0.003983,0.006651,0.002229,0.661645,0.01215,-0.02375,0.01427,-0.0131,0.001161,-0.004678,0.0036857142857142852,1.399,3.576,4.13,10
2228,0,0,1,0.415,0.068,0.5656,0.115,74.0,0.04,0.0286,0.045,0.0365,0.0285,0.015,0.0318,0.015,0.0432,0.0459,0.0285,73.0,0.1429,0.5859,0.068,0.13,0.0,0.0,0.33,0.35,0.009,0.003302,0.006772,0.001005,0.001499,0.002248,0.008684,0.002586,0.639064,0.0318,-0.06151,0.03791,-0.03189,0.001029,-0.011275,0.00307142857142857,0.5408,1.448,3.71,10
2229,1,0,0,0.365,0.032,0.5656,0.045,75.5,0.04,0.0286,0.045,0.0365,0.02335,0.013,0.0286,0.015,0.0447,0.0333,0.0421,72.7,0.1559,0.49,0.068,0.12,0.0,0.0,0.33,0.35,0.009,0.004496,0.000549,0.002284,0.005682,0.007275,0.00059116,0.003025,0.577309,-0.002667,0.004508,-0.002894,0.00241,0.001015,-0.0024029999999999998,0.002728571428571428,1.104,1.456,4.96,10
2230,1,0,0,0.424,0.04,0.5656,0.045,73.0,0.04,0.0286,0.045,0.0365,0.02335,0.013,0.03,0.015,0.0481,0.0503,0.0328,70.0,0.12,0.48,0.068,0.135,0.0,0.0,0.33,0.35,0.009,0.003936,0.000834,0.001227,0.001349,0.003547,0.003527,0.00079323,0.677045,-0.01121,0.02173,-0.01206,0.01206,0.002514,-0.012965,0.005928571428571422,0.6886,0.6103,3.19,10
2231,1,0,0,0.387,0.054,0.5656,0.045,76.0,0.04,0.0295,0.036,0.03475,0.0235,0.0135,0.03,0.015,0.0427,0.0197,0.029,75.0,0.097,0.5097,0.068,0.13,0.016,0.0,0.33,0.35,0.009,0.004891,0.000716,0.001087,0.00056454,0.001016,0.008857,0.009726,0.610697,0.009172,-0.01385,0.01064,-0.006068,0.001261,-0.0016945,0.006192857142857143,0.4725,0.4921,5.86,10
2232,1,0,0,0.37747,-0.012,0.5656,0.045,73.0,0.04,0.0286,0.045,0.0365,0.02335,0.013,0.0318,0.015,0.0439,0.0393,0.0231,69.5,0.11,0.3062,0.068,0.13,0.0,0.0,0.33,0.35,0.009,0.008545,0.001223,0.000539,0.008954,0.008811,0.001891,0.006276,0.595819,-0.002976,0.004274,-0.002961,0.002004,0.0006255,-0.0017000000000000001,0.001728571428571427,1.05,1.653,5.7,10
2233,0,0,1,0.39,0.058,0.5656,0.045,76.0,0.04,0.0286,0.045,0.0365,0.02335,0.013,0.0346,0.015,0.0502,0.04,0.044,73.5,0.12,0.57,0.068,0.13,0.016,0.018,0.33,0.35,0.009,0.008244,0.00069,0.000614,0.002681,0.001027,0.007685,0.001039,0.632236,0.0561,-0.09514,0.06529,-0.04655,0.003514,-0.01568,0.007428571428571422,0.3879,1.15,2.18,10
2234,1,0,0,0.405,0.068,0.5656,0.045,73.0,0.04,0.0286,0.045,0.0365,0.02335,0.013,0.0318,0.015,0.0481,0.0278,0.0335,73.0,0.1124,0.54,0.068,0.13,0.0,0.018,0.33,0.375,0.009,0.000845,0.005648,0.000879,0.00050183,0.001216,0.001864,0.004781,0.654059,0.0132,-0.02391,0.01582,-0.0118,0.0008008,-0.0039935,0.0031499999999999996,0.4046,0.6555,5.51,10
2235,1,0,0,0.45,0.06,0.5656,0.045,72.0,0.04,0.0286,0.034,0.0365,0.02335,0.016,0.0349,0.015,0.0491,0.0507,0.031,72.0,0.12,0.5,0.068,0.135,0.0,0.0,0.33,0.3,0.009,0.000796,0.002828,0.001499,0.001005,0.002257,0.00158,0.005062,0.740396,0.01797,-0.03921,0.02122,-0.02148,0.00121,-0.0078000000000000005,0.002371428571428576,0.3052,0.7948,5.83,10
2237,1,0,0,0.43,0.06,0.5656,0.045,72.5,0.04,0.0286,0.032,0.0365,0.02335,0.013,0.028,0.015,0.0294,0.0142,0.0237,72.5,0.1523,0.5742,0.068,0.13,0.016,0.018,0.33,0.35,0.009,0.008042,0.001123,0.002822,0.005065,0.001071,0.001469,0.00051862,0.641673,0.11,-0.4167,0.1535,-0.1403,0.00233,-0.040624999999999994,0.0087857142857143,0.04145,0.2149,3.68,10
2238,0,0,1,0.4,0.03,0.5656,0.06,71.5,0.04,0.0385,0.05,0.0455,0.031,0.0165,0.0318,0.015,0.035,0.06,0.0226,67.0,0.0851,0.3,0.073,0.13,0.0,0.0,0.33,0.3,0.009,0.00429,0.000763,0.000855,0.003728,0.003959,0.00277,0.00064539,0.625758,-0.01063,0.01633,-0.01115,0.007913,0.001934,-0.0075905,0.005721428571428568,1.801,1.337,1.98,10
2239,0,0,1,0.4,0.03,0.5656,0.06,71.5,0.04,0.0385,0.05,0.0455,0.031,0.0215,0.0318,0.015,0.035,0.06,0.0226,67.0,0.0851,0.3,0.073,0.135,0.0,0.0,0.33,0.3,0.009,0.008059,0.009934,0.000793,0.003637,0.001278,0.001914,0.00084844,0.625758,-0.009304,0.01406,-0.009675,0.006884,0.000684,-0.0059145,0.002235714285714285,0.9737,0.7242,4.36,10
2240,1,0,0,0.38,0.045,0.5656,0.24,76.0,0.04,0.03635,0.046,0.0365,0.0297,0.025,0.0318,0.015,0.049,0.11,0.041,76.0,0.1217,0.715,0.068,0.12,0.016,0.0,0.35,0.35,0.009,0.000964,0.003527,0.001351,0.007919,0.001104,0.002065,0.00056002,0.646361,-0.00679,0.01202,-0.007364,0.00647,0.0005943,-0.0072955,0.0017642857142857128,0.8682,0.7893,4.77,10
2241,0,0,1,0.4,0.03,0.5656,0.24,71.5,0.04,0.0385,0.05,0.0455,0.031,0.0215,0.0318,0.015,0.035,0.06,0.0226,67.0,0.0851,0.3,0.073,0.135,0.0,0.0,0.33,0.3,0.009,0.000653,0.000522,0.003205,0.006737,0.006737,0.004912,0.00068779,0.625758,-0.005091,0.01623,-0.006182,0.004458,0.001899,-0.003626,0.005871428571428569,1.352,2.509,2.26,10
2242,0,0,1,0.4,0.03,0.5656,0.06,71.5,0.04,0.0385,0.05,0.0455,0.031,0.0165,0.0318,0.015,0.035,0.06,0.0226,67.0,0.0851,0.3,0.073,0.13,0.0,0.0,0.33,0.3,0.009,0.000831,0.001985,0.000506,0.00060251,0.002714,0.00075364,0.00076698,0.625758,-0.01232,0.01936,-0.01296,0.009543,0.001426,-0.0092895,0.00425,0.9657,0.5573,1.71,10
2243,0,0,1,0.43417,0.07,0.5656,0.045,73.0,0.04,0.0286,0.055,0.03948,0.02335,0.013,0.0318,0.015,0.0537,0.05,0.0336,70.0,0.145,0.5,0.068,0.135,0.0,0.0,0.33,0.35,0.009,0.000775,0.002499,0.007164,0.00093511,0.0005209,0.001459,0.001344,0.694143,0.03092,-0.06613,0.03758,-0.03596,0.002778,-0.013024999999999998,0.006357142857142858,0.6515,1.726,2.86,10
2244,0,0,1,0.42613,0.07,0.5656,0.15,75.0,0.04,0.0286,0.06,0.0365,0.02335,0.013,0.045,0.015,0.0452,0.0483,0.0253,74.0,0.155,0.5203,0.068,0.13,0.0,0.0,0.33,0.35,0.009,0.00916,0.000606,0.00916,0.00066601,0.00088197,0.005872,0.004085,0.636648,0.01568,-0.03271,0.01922,-0.01674,0.002925,-0.0058705,0.0073928571428571385,0.7159,0.8417,3.44,10
2245,1,0,0,0.43,0.05,0.5656,0.055,73.0,0.04,0.0286,0.045,0.0365,0.02335,0.013,0.0318,0.015,0.0499,0.049,0.034,71.0,0.165,0.55,0.068,0.13,0.0,0.018,0.33,0.35,0.009,0.001169,0.002648,0.007243,0.004542,0.001453,0.00062954,0.001085,0.620542,-0.01837,0.1122,-0.0267,0.02955,0.001254,-0.01564,0.00471428571428572,0.05094,0.3909,4.73,10
2246,0,0,1,0.4,0.04066,0.5656,0.06,73.03232,0.04,0.0385,0.05,0.0455,0.031,0.0165,0.0318,0.015,0.035,0.06,0.0226,68.53232,0.0851,0.3,0.073,0.13,0.0,0.0,0.33,0.3,0.009,0.007248,0.000579,0.003428,0.00178,0.006011,0.001039,0.001843,0.63671,-0.00382,0.006567,-0.004233,0.003236,0.001523,-0.0029435,0.0042928571428571425,2.957,3.836,3.13,10
2247,0,0,1,0.32206,0.025,0.5656,0.055,76.0,0.045,0.05055,0.045,0.0145,0.02335,0.039,0.045,0.015,0.0375,0.0467,0.0694,74.0,0.11,0.35,0.068,0.13,0.0,0.0,0.33,0.35,0.009,0.003514,0.001535,0.002897,0.004237,0.00084041,0.002905,0.00222,0.566508,-0.002736,0.003427,-0.002809,0.001472,0.001151,-0.0011404,0.0034085714285714283,2.811,4.003,3.3,10
2248,1,0,0,0.38499,0.02604,0.5656,0.06,72.14561,0.04,0.0302,0.045,0.045,0.0275,0.019,0.0318,0.015,0.0449,0.0443,0.0306,71.14561,0.0983,0.307,0.068,0.135,0.0,0.0,0.33,0.31099,0.009,0.001264,0.008922,0.004798,0.00223,0.00067583,0.006028,0.00091616,0.618364,-0.003545,0.005308,-0.00367,0.002611,0.0004573,-0.0022624999999999998,0.001421428571428571,1.095,1.308,6.03,10
2249,1,0,0,0.52,0.14999,0.5656,0.055,68.49941,0.04,0.0286,0.045,0.0365,0.02335,0.013,0.0318,0.015,0.038,0.0517,0.012,71.49941,0.08,0.5067,0.068,0.135,0.0,0.0,0.33,0.35,0.009,0.003358,0.002448,0.000825,0.004855,0.008514,0.009027,0.006816,0.881097,0.02096,-0.06419,0.02971,-0.03746,0.001431,-0.013930000000000001,0.002714285714285715,0.3032,0.8066,8.08,10
2250,1,0,0,0.43,0.06,0.5656,0.045,74.5,0.0381,0.0286,0.036,0.03653,0.0215,0.013,0.0286,0.015,0.0398,0.03,0.026,72.5,0.1301,0.551,0.068,0.13,0.0,0.0,0.33,0.35,0.009,0.005474,0.000636,0.005474,0.002357,0.003121,0.001659,0.009053,0.659753,0.008542,-0.01676,0.01013,-0.008705,0.001304,-0.0030675,0.002364285714285715,0.5731,1.543,7.85,10
2251,1,0,0,0.37,0.0,0.5656,0.12,74.5,0.04,0.0302,0.045,0.045,0.0275,0.019,0.0318,0.015,0.0414,0.1208,0.0303,70.0,0.12,0.3508,0.068,0.135,0.0,0.0,0.33,0.31099,0.009,0.002081,0.000675,0.000793,0.001423,0.00053402,0.004044,0.003126,0.620404,-0.002332,0.003716,-0.002342,0.001999,0.000665,-0.002385,0.0019999999999999987,1.81,1.728,3.97,10
2252,1,0,0,0.9,0.065,0.5656,0.12,60.0,0.04,0.0254,0.0317,0.0365,0.0175,0.0125,0.0286,0.015,0.0291,0.05,0.03,62.5,0.15,0.525,0.068,0.13,0.016,0.018,0.33,0.3,0.009,0.000606,0.00857,0.007211,0.006634,0.0008132,0.007211,0.005047,0.577261,0.0034,-0.3703,0.02779,-0.01866,0.001634,-0.0030915,0.002950000000000001,0.1293,1.223,10.6,10
2253,1,0,0,0.35647,0.0055,0.5656,0.03,78.5,0.04,0.0286,0.04,0.0365,0.016,0.014,0.03,0.015,0.0348,0.0266,0.0164,75.0,0.09,0.2246,0.068,0.135,0.0,0.0,0.33,0.35,0.009,0.002352,0.000874,0.002053,0.005242,0.00057161,0.00062404,0.001601,0.634018,-0.004396,0.00668,-0.004582,0.003524,0.001735,-0.004013,0.004285714285714284,0.8834,0.9876,2.76,10
2254,1,0,0,0.424,0.04,0.5656,0.055,73.0,0.04,0.0286,0.046,0.0365,0.02335,0.0145,0.0286,0.015,0.0644,0.0461,0.032,70.0,0.12,0.46,0.068,0.142,0.0,0.0,0.33,0.35,0.009,0.007222,0.000521,0.001061,0.008311,0.00055757,0.002032,0.002937,0.736425,-0.006263,0.01315,-0.006885,0.007497,0.0017,-0.0091395,0.0037214285714285756,0.1315,0.08997,4.61,10
2255,1,0,0,0.28641,-0.007,0.5656,0.025,76.0,0.04,0.0286,0.038,0.025,0.012,0.012,0.025,0.015,0.029,0.0199,0.0164,76.0,0.075,0.1699,0.068,0.135,0.0,0.0,0.33,0.35,0.008,0.009581,0.000803,0.001441,0.00056269,0.002739,0.002163,0.006854,0.537432,-0.004481,0.006246,-0.003656,0.001828,0.002301,0.0011622499999999999,0.023153571428571426,0.1518,0.1854,2.61,10
2256,1,0,0,0.3,0.008,0.5656,0.025,75.5,0.04,0.0286,0.037,0.0365,0.017,0.015,0.0252,0.015,0.0294,0.0166,0.0201,76.0,0.08,0.2466,0.068,0.135,0.0,0.0,0.33,0.35,0.009,0.001155,0.000585,0.000934,0.008646,0.001248,0.00155,0.00748,0.582023,-0.001827,0.002743,-0.002157,0.001217,0.0008535,-0.00104385,0.0018592857142857133,1.263,1.384,4.29,10
2257,1,0,0,0.375,0.045,0.5656,0.165,74.0,0.04,0.0286,0.034,0.0365,0.02335,0.013,0.0286,0.015,0.0329,0.121,0.0248,74.0,0.1331,0.621,0.068,0.13,0.0,0.0,0.33,0.35,0.009,0.001576,0.008627,0.002781,0.009336,0.00066894,0.005246,0.008378,0.579806,-0.001827,0.003187,-0.00203,0.001582,0.0003816,-0.001485,0.0012999999999999989,1.665,1.571,7.83,10
2258,1,0,0,0.40058,0.037,0.5656,0.08,71.5,0.04,0.0286,0.045,0.0365,0.02,0.0165,0.0324,0.015,0.0468,0.0498,0.0338,67.5,0.1154,0.4698,0.068,0.13,0.0,0.0,0.33,0.35,0.009,0.000996,0.002004,0.000681,0.004032,0.00236,0.003163,0.008857,0.65746,-0.003167,0.006081,-0.003461,0.003211,0.0008515,-0.0032700000000000003,0.001985714285714286,1.613,1.419,5.98,10
2261,1,0,0,0.36,0.018,0.5656,0.045,87.0,0.04,0.0286,0.045,0.0365,0.02335,0.013,0.0318,0.015,0.04,0.044,0.0198,81.0,0.0783,0.3063,0.068,0.135,0.0,0.0,0.33,0.35,0.009,0.004677,0.00071,0.005566,0.007827,0.002202,0.004023,0.001347,0.679715,-0.004448,0.007004,-0.004574,0.003842,0.001259,-0.0044475,0.003692857142857143,0.8662,0.9935,4.32,10
2263,0,0,1,0.388,0.07,0.5656,0.15,76.0,0.04,0.02695,0.045,0.0365,0.02335,0.013,0.0318,0.015,0.049,0.0149,0.0245,75.0,0.1081,0.5549,0.068,0.13,0.0,0.0,0.33,0.35,0.009,0.003246,0.003251,0.001688,0.001567,0.002056,0.002474,0.008027,0.639172,0.01736,-0.03152,0.02126,-0.01448,0.001333,-0.00494,0.0034714285714285732,0.8517,2.582,3.71,10
2264,0,0,1,0.39,0.058,0.5656,0.045,67.5,0.04,0.0286,0.045,0.0365,0.02335,0.013,0.0346,0.015,0.0502,0.04,0.044,74.0,0.1185,0.57,0.068,0.13,0.016,0.018,0.33,0.35,0.009,0.004512,0.001009,0.002134,0.005976,0.002343,0.00057538,0.004512,0.621595,0.01848,-0.0307,0.0215,-0.01462,0.001631,-0.0047834999999999996,0.00355,0.8256,2.457,3.53,10
2265,0,0,1,0.385,0.0,0.5656,0.065,71.0,0.04,0.0352,0.05,0.045,0.0375,0.0275,0.0318,0.005,0.0588,0.0595,0.0342,71.0,0.1162,0.31,0.068,0.135,0.0,0.0,0.33,0.3,0.009,0.003509,0.003509,0.000714,0.003195,0.004869,0.00092424,0.009712,0.621903,-0.002741,0.004257,-0.002695,0.002055,0.0003027,-0.001954,0.0010571428571428563,4.397,4.833,6.04,10
2266,0,0,1,0.41,0.07,0.5656,0.065,74.0,0.04,0.0286,0.04,0.0365,0.0212,0.0171,0.0349,0.015,0.051,0.0436,0.0375,72.0,0.1149,0.5186,0.068,0.13,0.0,0.0,0.33,0.35,0.009,0.002758,0.005657,0.001102,0.007328,0.00421,0.009494,0.00053052,0.639301,0.07136,-0.1243,0.08349,-0.06109,0.00285,-0.020185,0.006499999999999982,0.3268,0.9881,2.6,10
2267,1,0,0,0.388,0.058,0.5656,0.045,75.5,0.04,0.0286,0.045,0.0365,0.02335,0.013,0.0318,0.015,0.047,0.0322,0.0344,73.5,0.09,0.51,0.068,0.13,0.0,0.0,0.33,0.35,0.009,0.007691,0.001758,0.001101,0.00053363,0.00375,0.006167,0.00635,0.631104,0.009873,-0.01558,0.01165,-0.006942,0.001022,-0.002104,0.004314285714285715,0.4685,0.4583,5.66,10
2269,0,0,1,0.4,0.03,0.5656,0.06,71.5,0.04,0.0385,0.05,0.0455,0.031,0.0165,0.0318,0.015,0.035,0.06,0.0226,67.0,0.0851,0.3,0.073,0.13,0.0,0.0,0.33,0.3,0.009,0.002564,0.002963,0.005825,0.009964,0.004148,0.00071289,0.00081558,0.625758,-0.00417,0.00638,-0.004452,0.002939,0.000881,-0.002627,0.002971428571428569,3.827,2.234,3.7,10
2270,0,0,1,0.375,0.054,0.5656,0.16,75.0,0.04,0.0375,0.05,0.0365,0.03,0.0135,0.036,0.015,0.075,0.125,0.035,73.5,0.165,0.56,0.068,0.13,0.0,0.0,0.33,0.35,0.009,0.003172,0.001803,0.000756,0.002872,0.001427,0.00094751,0.00117,0.638264,0.03784,-0.06559,0.04334,-0.03518,0.001311,-0.013774999999999999,0.003928571428571429,0.5608,1.577,2.26,10
2271,1,0,0,0.38499,0.02604,0.5656,0.06,72.14561,0.04,0.0302,0.045,0.045,0.0275,0.019,0.0318,0.015,0.0449,0.0443,0.0306,71.14561,0.0983,0.307,0.068,0.135,0.0,0.0,0.33,0.31099,0.009,0.002807,0.006703,0.00067,0.002035,0.007601,0.002545,0.001781,0.618364,-0.003931,0.006021,-0.004064,0.002979,0.0004065,-0.0025075,0.0012357142857142855,1.254,1.468,5.95,10
2272,0,0,1,0.4,0.009,0.5656,0.06,72.0,0.04,0.0385,0.05,0.0455,0.031,0.0165,0.0318,0.015,0.045,0.06,0.03,69.0,0.12,0.305,0.073,0.13,0.0,0.0,0.33,0.3,0.009,0.005223,0.002249,0.003592,0.00080315,0.001547,0.004869,0.0005209,0.661111,-0.005935,0.01006,-0.006047,0.005476,0.001264,-0.007176999999999999,0.004071428571428572,2.536,1.351,3.0,10
2273,0,0,1,0.405,0.07,0.5656,0.045,74.0,0.04,0.0286,0.045,0.0365,0.02335,0.013,0.0318,0.015,0.0604,0.0485,0.0362,73.0,0.145,0.5145,0.068,0.13,0.0,0.0,0.33,0.35,0.009,0.000794,0.001799,0.006077,0.00062862,0.001815,0.004767,0.00115,0.659455,0.03279,-0.06376,0.03986,-0.03351,0.003233,-0.011855000000000001,0.008928571428571423,0.7276,1.689,2.42,10
2274,0,0,1,0.415,0.0715,0.5656,0.25,74.0,0.09,0.05125,0.05,0.0365,0.03,0.0165,0.0318,0.015,0.05,0.05,0.04,72.5,0.17,0.6,0.068,0.13,0.0,0.018,0.33,0.35,0.009,0.002342,0.002869,0.001183,0.005159,0.005707,0.001077,0.002429,0.639557,0.01463,-0.03185,0.01888,-0.01543,0.00116,-0.0069724999999999995,0.0031071428571428604,0.8122,2.935,3.81,10
2275,1,0,0,0.405,0.07,0.5656,0.045,74.0,0.04,0.0286,0.045,0.0365,0.02335,0.013,0.0318,0.015,0.0499,0.049,0.034,73.0,0.145,0.515,0.068,0.13,0.0,0.0,0.33,0.35,0.009,0.008932,0.009373,0.001698,0.008302,0.008229,0.00267,0.001983,0.653639,0.01631,-0.03153,0.01918,-0.01715,0.0007023,-0.006033,0.002228571428571427,0.324,0.9092,7.02,10
2276,0,0,1,0.3,0.008,0.5656,0.025,75.5,0.04,0.0286,0.037,0.0365,0.017,0.015,0.0252,0.015,0.0294,0.0166,0.0201,76.0,0.08,0.2466,0.068,0.135,0.0,0.0,0.33,0.35,0.009,0.000834,0.004309,0.00847,0.001532,0.006033,0.009804,0.001186,0.582023,-0.005666,0.006978,-0.005952,0.003382,0.002036,-0.0029625,0.007550000000000001,2.194,2.731,2.21,10
2277,0,0,1,0.385,0.0,0.5656,0.065,71.0,0.04,0.0352,0.05,0.045,0.0375,0.0275,0.0318,0.005,0.0588,0.0595,0.0342,71.0,0.1162,0.31,0.068,0.135,0.0,0.0,0.33,0.3,0.009,0.002645,0.000621,0.003943,0.005198,0.006214,0.001672,0.009737,0.621903,-0.002207,0.003462,-0.002215,0.001671,0.0005956,-0.0014555000000000002,0.0015499999999999995,3.643,4.665,5.68,10
2278,0,0,1,0.405,0.07,0.5656,0.045,74.0,0.04,0.0286,0.045,0.0365,0.02335,0.013,0.0318,0.015,0.0604,0.0485,0.0362,73.0,0.145,0.5145,0.068,0.13,0.0,0.0,0.33,0.35,0.009,0.004973,0.008262,0.000971,0.00055431,0.005406,0.005902,0.00075695,0.659455,0.07383,-0.142,0.0891,-0.07494,0.002421,-0.02665,0.00757142857142856,0.3555,0.8439,3.04,10
2279,1,0,0,0.405,0.07,0.5656,0.045,74.0,0.04,0.0286,0.045,0.0365,0.02335,0.013,0.0318,0.015,0.0499,0.049,0.034,73.0,0.145,0.515,0.068,0.13,0.0,0.0,0.33,0.35,0.009,0.001048,0.003498,0.005786,0.002689,0.002506,0.00052858,0.004941,0.653639,0.00902,-0.01764,0.01084,-0.009389,0.0006942,-0.003351,0.001900000000000001,0.5043,1.373,6.82,10
2280,0,0,1,0.405,0.07,0.5656,0.045,74.0,0.04,0.0286,0.045,0.0365,0.02335,0.013,0.0318,0.015,0.0499,0.049,0.034,75.5,0.145,0.549,0.068,0.13,0.0,0.0,0.33,0.35,0.009,0.001157,0.008696,0.004609,0.006538,0.003283,0.004858,0.001646,0.667716,0.02962,-0.05922,0.035,-0.03268,0.001482,-0.011695,0.004642857142857139,0.5877,1.683,3.73,10
2281,0,0,1,0.39,0.058,0.5656,0.15,76.0,0.04,0.0286,0.045,0.06,0.0275,0.0165,0.0318,0.015,0.0568,0.022,0.0285,75.0,0.121,0.562,0.068,0.12,0.0,0.0,0.33,0.35,0.009,0.000991,0.002257,0.001991,0.00054228,0.004284,0.001991,0.002683,0.635932,0.007955,-0.01525,0.009696,-0.006626,0.0008354,-0.0022695,0.0016928571428571413,1.293,3.073,3.13,10
2282,0,0,1,0.415,0.073,0.5656,0.045,73.5,0.04,0.0285,0.037,0.0365,0.02335,0.013,0.0316,0.015,0.0415,0.0354,0.0322,73.0,0.145,0.5854,0.068,0.13,0.0,0.0,0.33,0.35,0.007,0.005611,0.002452,0.004626,0.0032,0.003423,0.0005916,0.003545,0.644349,0.02076,-0.04143,0.02507,-0.02187,0.00165,-0.007735499999999999,0.004435714285714279,0.7646,2.185,3.68,10
2283,0,0,1,0.415,0.073,0.5656,0.045,73.5,0.04,0.0285,0.037,0.0365,0.02335,0.013,0.0316,0.015,0.0415,0.0363,0.0306,73.0,0.18,0.5863,0.068,0.13,0.0,0.0,0.33,0.35,0.007,0.003101,0.000705,0.001888,0.00072234,0.005197,0.0005592,0.003879,0.644349,0.02341,-0.05184,0.02903,-0.02908,0.003216,-0.010665000000000001,0.007785714285714278,0.668,1.495,2.88,10
2284,1,0,0,0.4,0.055,0.5656,0.045,74.0,0.0381,0.0254,0.0317,0.034,0.01735,0.0105,0.0286,0.015,0.035,0.02,0.025,74.0,0.1178,0.54,0.068,0.12,0.016,0.0,0.33,0.35,0.0106,0.000917,0.002825,0.00791,0.003472,0.001229,0.008757,0.00050718,0.611077,0.02335,-0.03818,0.02669,-0.01881,0.002627,-0.006362,0.006085714285714281,0.2836,0.857,3.75,10
2285,0,0,1,0.405,0.07,0.5656,0.1,74.0,0.04,0.0286,0.045,0.0365,0.02335,0.013,0.0318,0.015,0.049,0.0487,0.0378,73.0,0.145,0.5487,0.068,0.13,0.0,0.0,0.33,0.35,0.009,0.007925,0.000934,0.001116,0.00083795,0.00068478,0.0007176,0.00086536,0.647886,0.06141,-0.1183,0.07395,-0.06282,0.004451,-0.02247,0.010571428571428586,0.401,1.13,1.66,10
2286,0,0,1,0.405,0.07,0.5656,0.1,74.0,0.04,0.0286,0.045,0.0365,0.02335,0.013,0.0318,0.015,0.049,0.0487,0.0378,73.0,0.145,0.5487,0.068,0.13,0.0,0.0,0.33,0.35,0.009,0.001138,0.002551,0.002642,0.003864,0.00078687,0.0053,0.003956,0.647886,0.02107,-0.0411,0.02528,-0.0216,0.001478,-0.007649,0.004228571428571432,0.6949,2.207,2.88,10
2287,0,0,1,0.405,0.07,0.5656,0.1,74.0,0.04,0.0286,0.045,0.0365,0.02335,0.013,0.0318,0.015,0.049,0.0487,0.0378,73.0,0.145,0.5487,0.068,0.13,0.0,0.0,0.33,0.35,0.009,0.006727,0.005661,0.00816,0.0008578,0.003135,0.005006,0.001229,0.647886,0.02908,-0.05584,0.035,-0.02976,0.002099,-0.010700000000000001,0.005714285714285716,0.6912,1.589,3.84,10
2288,1,0,0,0.39445,0.056,0.5656,0.14,77.0,0.04,0.0286,0.032,0.0365,0.016,0.0135,0.0317,0.015,0.0282,0.0244,0.0207,71.5,0.1511,0.56,0.068,0.13,0.015,0.0,0.33,0.35,0.009,0.000904,0.002131,0.002292,0.002532,0.006907,0.004862,0.001457,0.641753,0.01784,-0.03485,0.02089,-0.01947,0.002032,-0.0072345,0.004592857142857145,0.2559,0.8234,3.78,10
2289,1,0,0,0.405,0.07,0.5656,0.045,74.0,0.04,0.0286,0.045,0.0365,0.02335,0.013,0.0318,0.015,0.0499,0.0486,0.034,73.0,0.145,0.5146,0.068,0.13,0.0,0.0,0.33,0.35,0.009,0.000724,0.004516,0.005062,0.004937,0.002056,0.001193,0.00058772,0.653639,0.01964,-0.03782,0.02314,-0.0205,0.001132,-0.0072995,0.003078571428571428,0.3186,0.9035,4.88,10
2290,0,0,1,0.405,0.07,0.5656,0.045,74.0,0.04,0.0286,0.045,0.0365,0.02335,0.013,0.0318,0.015,0.0499,0.049,0.034,73.0,0.145,0.515,0.068,0.13,0.0,0.0,0.33,0.35,0.009,0.001589,0.001177,0.000782,0.002903,0.00056166,0.007415,0.006792,0.653639,0.02062,-0.0405,0.0249,-0.02146,0.001768,-0.0076405,0.004321428571428575,0.7758,2.162,2.87,10
2291,1,0,0,0.405,0.07,0.5656,0.045,73.0,0.04,0.03065,0.045,0.0365,0.02335,0.013,0.0318,0.015,0.0491,0.0483,0.0314,71.5,0.145,0.5143,0.068,0.13,0.0,0.0,0.33,0.35,0.009,0.001326,0.000625,0.000646,0.00076084,0.00062541,0.003036,0.001793,0.644654,0.02179,-0.04194,0.02646,-0.02208,0.002165,-0.007854,0.0048142857142857145,0.2792,0.6995,2.53,10
2292,0,0,1,0.405,0.07,0.5656,0.045,74.0,0.04,0.0286,0.045,0.0365,0.021,0.0115,0.0318,0.015,0.0583,0.0481,0.0358,73.0,0.132,0.5261,0.068,0.13,0.0,0.0,0.33,0.35,0.009,0.006378,0.00948,0.000628,0.0009358,0.009564,0.005114,0.001712,0.662093,0.05165,-0.0977,0.0624,-0.05035,0.002554,-0.017669999999999998,0.006428571428571439,0.4466,1.278,3.19,10
2293,1,0,0,0.405,0.045,0.5656,0.12,80.0,0.04,0.0286,0.045,0.0365,0.04,0.018,0.0318,0.015,0.038,0.3323,0.0813,76.0,0.119,0.5478,0.068,0.12,0.0,0.0,0.33,0.35,0.009,0.003393,0.000595,0.001969,0.00052167,0.001153,0.0006573,0.001862,0.643738,-0.006081,0.01356,-0.006655,0.006332,0.0008615,-0.0056525,0.00285,0.84,0.7491,5.5,10
2294,0,0,1,0.39,0.0,0.5656,0.045,70.0,0.04,0.0286,0.045,0.0365,0.02335,0.013,0.0318,0.015,0.046,0.0531,0.0281,69.5,0.11,0.2871,0.068,0.13,0.0,0.0,0.33,0.35,0.009,0.006308,0.001187,0.005711,0.00060738,0.001037,0.00060561,0.005795,0.580189,-0.004132,0.006471,-0.004463,0.002834,0.001767,-0.0015665,0.009692857142857144,1.864,1.075,3.13,10
2295,1,0,0,0.4,0.05,0.5656,0.065,73.5,0.04,0.0286,0.036,0.0365,0.023,0.013,0.0318,0.015,0.039,0.045,0.035,74.0,0.1993,0.63,0.068,0.13,0.0,0.0,0.33,0.35,0.009,0.001193,0.005101,0.000635,0.00076279,0.001756,0.00232,0.005298,0.650555,-0.002649,0.006902,-0.003102,0.004218,0.0008381,-0.0061125,0.0020785714285714253,1.51,0.8161,5.84,10
2296,0,0,1,0.39,0.058,0.5656,0.045,76.0,0.04,0.0286,0.045,0.0365,0.02335,0.013,0.0346,0.015,0.0502,0.04,0.044,73.5,0.12,0.57,0.068,0.12,0.016,0.018,0.33,0.35,0.009,0.000643,0.000674,0.004085,0.00053324,0.001328,0.00121,0.007248,0.632236,0.01453,-0.02509,0.01715,-0.01201,0.002193,-0.0037675,0.008564285714285717,1.069,1.025,3.64,10
2297,0,0,1,0.39,0.058,0.5656,0.045,76.0,0.04,0.0286,0.045,0.0365,0.02335,0.013,0.0346,0.015,0.0502,0.04,0.044,73.5,0.12,0.57,0.068,0.12,0.016,0.018,0.33,0.35,0.009,0.007983,0.00051,0.001018,0.00134,0.003933,0.00156,0.004798,0.632236,0.02149,-0.03669,0.02524,-0.01773,0.002422,-0.005993999999999999,0.005,0.7902,2.289,3.3,10
2298,0,0,1,0.38,0.058,0.5656,0.045,72.5,0.04,0.0286,0.045,0.0365,0.02335,0.0165,0.035,0.015,0.0502,0.04,0.044,74.0,0.097,0.57,0.068,0.13,0.016,0.018,0.33,0.35,0.009,0.003331,0.00501,0.000654,0.0024,0.00058686,0.002114,0.001936,0.607485,0.03224,-0.0476,0.03747,-0.0203,0.001362,-0.0063145,0.003421428571428573,0.5382,1.728,3.11,10
2300,0,0,1,0.405,0.07,0.5656,0.045,74.0,0.04,0.0286,0.045,0.0365,0.02335,0.013,0.0318,0.015,0.0499,0.0486,0.034,73.0,0.145,0.5146,0.068,0.13,0.0,0.0,0.33,0.35,0.009,0.001614,0.000585,0.00058,0.001614,0.00090683,0.003524,0.00618,0.653639,0.02247,-0.0444,0.02736,-0.02346,0.002536,-0.008392,0.005285714285714293,0.7466,1.893,2.57,10
2301,0,0,1,0.405,0.07,0.5656,0.045,74.0,0.04,0.0286,0.045,0.0365,0.02335,0.013,0.0318,0.015,0.0499,0.0486,0.034,73.0,0.145,0.5146,0.068,0.13,0.0,0.0,0.33,0.35,0.009,0.006368,0.00569,0.00175,0.001245,0.001377,0.00436,0.002415,0.653639,0.03148,-0.06132,0.03793,-0.03278,0.001718,-0.011745,0.004642857142857152,0.5951,1.665,3.16,10
2302,0,0,1,0.39,0.045,0.5656,0.045,74.0,0.04,0.0286,0.045,0.0365,0.02335,0.013,0.036,0.015,0.047,0.0371,0.0433,74.5,0.1502,0.6336,0.068,0.13,0.0,0.0,0.33,0.35,0.009,0.004437,0.000924,0.002648,0.009833,0.003146,0.002504,0.006892,0.657683,-0.004846,0.01035,-0.005518,0.005818,0.001549,-0.0070535,0.0038785714285714287,2.385,2.337,4.07,10
2303,0,0,1,0.454,-0.07,0.5656,0.38,61.5,0.04,0.03405,0.045,0.04073,0.033,0.0235,0.0318,0.015,0.0441,0.1489,0.0315,65.0,0.11,0.4489,0.068,0.13,0.0,0.0,0.33,0.35,0.009,0.000664,0.001024,0.001693,0.0008055,0.006028,0.00087426,0.009855,0.566852,-0.00557,0.01367,-0.003691,0.002494,0.0009266,-0.0009919,0.003987142857142857,0.9143,2.31,4.04,10
2304,0,0,1,0.405,0.07,0.5656,0.045,74.0,0.04,0.0286,0.045,0.0365,0.02335,0.013,0.0318,0.015,0.0499,0.0486,0.034,73.0,0.145,0.5146,0.068,0.13,0.0,0.0,0.33,0.35,0.009,0.001019,0.009905,0.004739,0.00060516,0.009536,0.00050257,0.002726,0.653639,0.02413,-0.04763,0.02941,-0.02535,0.001816,-0.009021,0.005800000000000001,0.7553,1.534,4.22,10
2305,1,0,0,0.425,0.03,0.5656,0.05,73.0,0.04,0.0286,0.045,0.0365,0.02335,0.013,0.0318,0.015,0.0427,0.0396,0.0283,72.0,0.1121,0.465,0.068,0.135,0.0,0.0,0.33,0.35,0.009,0.006387,0.000512,0.003096,0.0007077,0.00062313,0.001617,0.007896,0.665519,-0.00274,0.005804,-0.003156,0.003071,0.001502,-0.003014,0.004628571428571426,0.332,0.5229,6.39,10
2306,1,0,0,0.425,0.03,0.5656,0.05,73.0,0.04,0.0286,0.045,0.0365,0.02335,0.013,0.0318,0.015,0.0427,0.0396,0.0283,72.0,0.1121,0.465,0.068,0.135,0.0,0.0,0.33,0.35,0.009,0.001945,0.001202,0.004354,0.001162,0.006239,0.00077261,0.005054,0.665519,-0.003178,0.006331,-0.003509,0.003394,0.001206,-0.0035035,0.002564285714285714,1.258,1.186,6.15,10
2307,0,0,1,0.405,0.07,0.5656,0.234,78.0,0.034,0.03305,0.021,0.0365,0.0285,0.0165,0.0318,0.015,0.0482,0.015,0.0141,70.0,0.08009,0.485,0.068,0.13,0.0,0.0,0.33,0.35,0.009,0.004444,0.00551,0.000541,0.006167,0.001939,0.00083002,0.001589,0.62855,0.04035,-0.06922,0.04823,-0.02772,0.00111,-0.008406,0.0030428571428571375,0.4293,1.457,3.04,10
2308,1,0,0,0.39,0.06,0.5656,0.04,75.0,0.04,0.0286,0.045,0.0365,0.02335,0.013,0.0318,0.015,0.042,0.015,0.0285,75.0,0.1108,0.585,0.068,0.13,0.016,0.0,0.33,0.35,0.009,0.004373,0.001379,0.000522,0.002393,0.002976,0.004509,0.003425,0.647686,0.01587,-0.02769,0.01862,-0.01398,0.001,-0.0048375,0.0025785714285714296,0.3297,0.9465,4.66,10
2309,0,0,1,0.405,0.07,0.5656,0.19,78.0,0.034,0.03055,0.021,0.0365,0.0285,0.0165,0.0318,0.015,0.0482,0.0099,0.0141,70.0,0.08009,0.4799,0.068,0.13,0.0,0.0,0.33,0.35,0.009,0.004023,0.000586,0.001818,0.004629,0.001325,0.003647,0.003302,0.62855,0.02199,-0.03777,0.02648,-0.01495,0.002126,-0.0051515,0.004778571428571431,0.6369,2.351,2.47,10
2310,0,0,1,0.39,0.07,0.5656,0.234,78.0,0.034,0.03305,0.045,0.0365,0.0285,0.0165,0.0318,0.015,0.0411,0.0112,0.0227,76.5,0.111,0.5092,0.068,0.13,0.0,0.0,0.33,0.35,0.009,0.000539,0.00402,0.001146,0.001146,0.00054987,0.003704,0.001901,0.640193,0.03002,-0.05815,0.0366,-0.0271,0.001127,-0.009482500000000001,0.0036071428571428587,0.3828,1.443,2.34,10
2311,1,0,0,0.425,0.07,0.0,0.045,74.5,0.04,0.0286,0.045,0.0365,0.02335,0.013,0.0318,0.015,0.0505,0.0484,0.0355,72.5,0.09,0.5,0.068,0.13,0.0,0.0,0.33,0.35,0.009,0.001298,0.001238,0.002944,0.001718,0.001843,0.00087171,0.001283,0.662545,-0.008359,-0.08464,-0.001128,-0.05042,0.001249,-0.01912,0.004857142857142857,0.1279,0.2788,4.12,10
2312,1,0,0,0.44,0.065,0.627,0.055,73.25,0.041,0.03175,0.05,0.0365,0.027,0.014,0.03,0.015,0.0556,0.0558,0.0225,70.5,0.1051,0.49,0.073,0.135,0.0,0.0,0.33,0.35,0.008,0.006577,0.000832,0.006285,0.00055028,0.008421,0.001534,0.001525,0.698876,0.01383,-0.02147,0.01614,-0.009792,0.002045,-0.0030559999999999997,0.006328571428571428,0.5283,0.7262,6.03,10
2314,1,0,0,0.405,0.07,0.0,0.05,74.0,0.04,0.0286,0.0254,0.0365,0.02335,0.013,0.0254,0.015,0.0356,0.03,0.0314,73.0,0.125,0.545,0.068,0.13,0.0,0.0,0.33,0.35,0.009,0.002189,0.001566,0.000514,0.003038,0.001152,0.001985,0.008036,0.645482,-0.005394,-0.03649,-0.002212,-0.02218,0.000564,-0.0086005,0.002364285714285712,0.3287,0.8408,5.81,10
2315,1,0,0,0.425,0.075,0.0,0.045,73.0,0.073,0.0286,0.036,0.03285,0.02335,0.013,0.0318,0.015,0.0442,0.0473,0.0324,71.5,0.175,0.5773,0.073,0.13,0.0,0.0,0.33,0.35,0.009,0.00486,0.009822,0.001475,0.001771,0.0011,0.0009991,0.00089464,0.661172,-0.02433,-0.13,-0.01152,-0.08129,0.001321,-0.03211,0.0050000000000000435,0.1394,0.3556,5.83,10
2316,1,0,0,0.405,0.07,0.0,0.045,74.0,0.04,0.0365,0.045,0.049,0.02335,0.013,0.0318,0.015,0.0471,0.0447,0.0445,73.0,0.175,0.6447,0.068,0.13,0.0,0.0,0.33,0.3,0.009,0.00992,0.001702,0.006693,0.006548,0.001908,0.00064634,0.004866,0.652107,-0.002448,-0.01324,-0.001332,-0.008164,0.0003272,-0.0031585,0.0011785714285714268,0.6828,1.706,11.02,10
2317,0,0,1,0.405,0.07,0.0,0.045,74.0,0.04,0.0286,0.045,0.0365,0.02335,0.013,0.0318,0.015,0.0501,0.0486,0.0348,73.0,0.145,0.5146,0.068,0.13,0.0,0.0,0.33,0.35,0.009,0.000791,0.007966,0.00969,0.003074,0.00055108,0.006322,0.002192,0.645641,-0.01268,-0.0834,-0.005875,-0.05192,0.0009527,-0.020185,0.005071428571428563,0.3379,0.7564,4.75,10
2318,0,0,1,0.41,0.06,0.0,0.045,74.0,0.04,0.0286,0.045,0.0365,0.02335,0.013,0.0318,0.015,0.0521,0.0534,0.0452,74.5,0.17,0.6304,0.068,0.13,0.0,0.0,0.33,0.35,0.009,0.007312,0.000525,0.005923,0.00077772,0.00054747,0.005117,0.009295,0.657622,-0.01013,-0.05726,-0.005151,-0.03549,0.002383,-0.013935,0.004642857142857139,0.7824,1.419,5.23,10
2319,1,0,0,0.388,0.055,0.0,0.062,75.0,0.04,0.0286,0.037,0.0365,0.02335,0.013,0.03,0.015,0.0444,0.04,0.0324,76.0,0.1408,0.57,0.068,0.12,0.016,0.0,0.33,0.35,0.009,0.007668,0.003516,0.004094,0.001365,0.00759,0.00057496,0.00413,0.637154,-0.005486,-0.03678,-0.002725,-0.02324,0.0006663,-0.009177500000000002,0.0022928571428571434,0.2102,0.4596,8.15,10
2320,1,0,0,0.39,0.055,0.0,0.062,75.0,0.04,0.0286,0.037,0.0365,0.02335,0.013,0.03,0.015,0.0444,0.04,0.0324,76.0,0.1607,0.59,0.068,0.12,0.016,0.0,0.33,0.35,0.009,0.000884,0.003216,0.004148,0.003772,0.002628,0.001422,0.001172,0.643695,-0.01,-0.06178,-0.006017,-0.03958,0.0005896,-0.015635,0.0034999999999999936,0.137,0.3012,5.74,10
2321,1,0,0,0.39,0.055,0.0,0.062,74.0,0.04,0.0286,0.037,0.0365,0.02335,0.013,0.03,0.015,0.0444,0.04,0.0324,76.0,0.1877,0.62,0.068,0.12,0.016,0.0,0.33,0.35,0.009,0.007404,0.000777,0.001587,0.00068428,0.009705,0.002059,0.00061318,0.64301,-0.02459,-0.1218,-0.01536,-0.08,0.002221,-0.03223,0.007714285714285697,0.06305,0.1244,4.82,10
2322,1,0,0,0.425,0.062,0.571,0.045,73.7,0.04,0.0286,0.045,0.0365,0.02335,0.013,0.0318,0.015,0.0475,0.0477,0.0366,72.2,0.1603,0.56,0.068,0.13,0.0,0.0,0.33,0.35,0.009,0.007612,0.001385,0.001228,0.00092627,0.006104,0.001295,0.003283,0.657859,0.01549,-0.03173,0.0185,-0.01698,0.001387,-0.0060945,0.002964285714285717,0.3286,0.8157,5.38,10
2323,1,0,0,0.43,0.07,0.0,0.045,73.5,0.04,0.0287,0.036,0.0365,0.02335,0.013,0.0286,0.015,0.0453,0.0125,0.0477,72.0,0.1224,0.5225,0.068,0.13,0.0,0.0,0.33,0.3,0.009,0.00151,0.001962,0.008495,0.001202,0.00176,0.0019,0.006529,0.642837,-0.004418,-0.03227,-0.001551,-0.01923,0.0008739,-0.0073725,0.002278571428571427,0.3212,0.7097,8.79,10
2324,1,0,0,0.42737,0.05,0.0,0.045,70.5,0.04,0.0286,0.045,0.0365,0.02335,0.013,0.0318,0.015,0.025,0.05,0.0335,65.0,0.1504,0.45,0.1,0.19,0.0,0.0,0.33,0.35,0.009,0.000763,0.004457,0.000555,0.002963,0.003558,0.002865,0.006095,0.712866,0.001691,0.009756,0.001134,0.006108,0.0004897,-0.011295,0.0034999999999999936,1.353,0.5007,6.62,10
2325,1,0,0,0.345,0.07,0.0,0.045,76.0,0.04,0.0286,0.045,0.0365,0.02335,0.013,0.0318,0.015,0.0517,0.0474,0.0366,76.0,0.135,0.5874,0.068,0.13,0.0,0.0,0.33,0.35,0.009,0.001457,0.003704,0.006708,0.007902,0.004467,0.003334,0.00064022,0.671539,-0.01133,-0.07881,-0.005382,-0.05277,0.0005575,-0.02112,0.003428571428571437,0.1223,0.2682,7.01,10
2327,1,0,0,0.425,0.075,0.0,0.045,73.0,0.04,0.0286,0.038,0.0365,0.02335,0.013,0.0318,0.015,0.0448,0.0368,0.0479,72.0,0.155,0.5968,0.068,0.13,0.0,0.0,0.33,0.35,0.009,0.003864,0.003731,0.00242,0.003498,0.003498,0.001754,0.001325,0.661681,-0.01283,-0.07814,-0.006458,-0.04823,0.0006773,-0.01861,0.0034285714285714123,0.1218,0.2774,5.87,10
2328,0,0,1,0.405,0.069,0.0,0.05,72.5,0.04,0.0318,0.045,0.0365,0.0285,0.013,0.035,0.015,0.0551,0.04,0.034,73.5,0.16,0.53,0.068,0.13,0.0,0.0,0.33,0.35,0.009,0.003896,0.001571,0.007296,0.00076139,0.007966,0.00054308,0.001284,0.644142,-0.01607,-0.09534,-0.007935,-0.0609,0.001817,-0.025395,0.005785714285714298,0.3073,0.5848,4.62,10
2329,1,0,0,0.38,-0.03,0.0,0.05,74.0,0.04,0.0286,0.045,0.0365,0.02335,0.015,0.0318,0.015,0.0391,0.0447,0.0444,73.0,0.185,0.5107,0.068,0.135,0.0,0.0,0.33,0.35,0.009,0.000675,0.005498,0.002931,0.001183,0.007674,0.001975,0.007764,0.500161,0.0006161,0.003789,0.0006901,0.002125,0.0004154,-0.0030495,0.0015071428571428558,1.804,0.7466,7.8,10
2330,1,0,0,0.36,-0.015,0.558,0.02,71.0,0.04,0.0286,0.045,0.0365,0.02335,0.019,0.0318,0.015,0.0449,0.0173,0.0298,69.0,0.11,0.2873,0.068,0.13,0.0,0.0,0.33,0.35,0.009,0.000684,0.003297,0.00979,0.003845,0.00089693,0.00059203,0.001383,0.60754,-0.003631,0.005059,-0.0035,0.002606,0.000654,-0.0025995000000000002,0.0021785714285714295,1.118,1.327,4.85,10
2331,1,0,0,0.38,-0.01,0.0,0.045,71.0,0.04,0.0286,0.045,0.0365,0.02735,0.019,0.0318,0.015,0.0441,0.0436,0.0233,69.0,0.11,0.3186,0.068,0.135,0.0,0.0,0.33,0.35,0.009,0.003128,0.002795,0.000972,0.001702,0.004398,0.00077374,0.00344,0.599329,0.0005477,0.00866,0.000721,0.005415,0.000395,-0.009058,0.00197142857142856,1.268,0.3671,5.35,10
2332,0,0,1,0.405,0.068,0.5503,0.09,72.5,0.04,0.03305,0.045,0.0365,0.0285,0.0135,0.035,0.015,0.04,0.011,0.0348,73.5,0.155,0.531,0.068,0.13,0.0,0.0,0.33,0.35,0.009,0.006495,0.00319,0.000586,0.003071,0.009093,0.001133,0.001106,0.624396,0.04478,-0.09123,0.05324,-0.04956,0.001325,-0.017865,0.0042142857142857156,0.3779,1.106,3.08,10
2333,1,0,0,0.44,0.065,0.0,0.045,73.5,0.04,0.0286,0.05,0.0365,0.02335,0.013,0.0318,0.015,0.0546,0.0531,0.0312,71.0,0.11,0.46,0.068,0.13,0.0,0.0,0.33,0.35,0.009,0.001766,0.000921,0.001712,0.001152,0.00095098,0.00948,0.001501,0.764558,-0.01253,-0.1265,-0.00327,-0.08014,0.001902,-0.031509999999999996,0.005714285714285729,0.1011,0.2224,3.63,10
2334,0,0,1,0.4,0.0655,0.0,0.045,75.0,0.04,0.0286,0.045,0.0365,0.02335,0.013,0.0318,0.015,0.045,0.0336,0.0515,71.0,0.1454,0.5036,0.068,0.13,0.0,0.0,0.33,0.35,0.009,0.001228,0.000742,0.0007,0.008715,0.005719,0.002269,0.0033,0.637343,-0.01482,-0.09651,-0.007567,-0.05924,0.001348,-0.02253,0.006999999999999987,0.4846,1.23,2.54,10
2335,1,0,0,0.4,0.035,0.0,0.045,73.0,0.0381,0.0254,0.0317,0.034,0.01735,0.0105,0.0286,0.015,0.045,0.02,0.035,73.0,0.1879,0.6,0.068,0.12,0.016,0.0,0.33,0.35,0.0106,0.009261,0.00185,0.005382,0.00181,0.004234,0.00634,0.00166,0.634186,0.002694,0.0144,0.002311,0.009429,0.001502,-0.0172,0.005714285714285729,0.6806,0.2282,5.4,10
2336,0,0,1,0.425,0.053,0.504,0.045,74.5,0.04,0.0286,0.045,0.0365,0.02335,0.013,0.0318,0.015,0.0489,0.0489,0.0349,71.8,0.1008,0.4589,0.068,0.13,0.0,0.0,0.33,0.35,0.009,0.000713,0.003347,0.004755,0.001402,0.007494,0.002932,0.00085373,0.624476,-0.01102,0.02437,-0.01241,0.0127,0.002529,-0.012145,0.006785714285714281,1.533,1.818,2.66,10
2337,1,0,0,0.415,0.06973,0.0,0.045,74.46288,0.04,0.027,0.036,0.0365,0.02335,0.013,0.0286,0.015,0.0437,0.0129,0.047,71.46288,0.1193,0.5029,0.068,0.13,0.0,0.0,0.33,0.3,0.009,0.00475,0.000576,0.000669,0.002992,0.001576,0.002374,0.00283,0.631208,-0.008177,-0.06122,-0.002859,-0.03624,0.001006,-0.01375,0.0040000000000000105,0.2331,0.6057,3.78,10
2338,1,0,0,0.415,0.05248,0.0,0.11,75.04048,0.04,0.0286,0.036,0.0365,0.02335,0.013,0.0286,0.015,0.0343,0.1086,0.0164,70.04048,0.07,0.33,0.073,0.13,0.016,0.018,0.33,0.35,0.009,0.001207,0.000521,0.002808,0.001022,0.009581,0.003495,0.00090517,0.651717,0.001955,0.0218,0.001078,0.01365,0.001676,-0.021605,0.007928571428571427,0.6332,0.2459,3.62,10
2339,1,0,0,0.49,0.185,0.6816,0.11,72.80738,0.04,0.0286,0.045,0.0365,0.02335,0.013,0.0318,0.015,0.038,0.1,0.02,68.0,0.09,0.4,0.073,0.13,0.0,0.0,0.33,0.35,0.015,0.001285,0.009891,0.001349,0.001227,0.003822,0.009247,0.007624,0.880094,0.02045,-0.04523,0.02894,-0.02595,0.001385,-0.009670999999999999,0.0024428571428571446,0.2499,0.6125,9.49,10
2340,1,0,0,0.41,0.075,0.0,0.045,73.5,0.04,0.0286,0.0286,0.0365,0.02335,0.013,0.0286,0.015,0.0381,0.0257,0.0392,73.5,0.155,0.5957,0.068,0.13,0.0,0.0,0.33,0.35,0.009,0.00056,0.0019,0.003734,0.001241,0.007107,0.001341,0.002129,0.647811,-0.01037,-0.05664,-0.005182,-0.03563,0.001121,-0.014025,0.0036428571428571426,0.1154,0.2558,5.49,10
2341,1,0,0,0.41,0.072,0.0,0.1,73.5,0.04,0.0286,0.0317,0.0365,0.02285,0.013,0.0286,0.015,0.0371,0.0257,0.0356,73.5,0.155,0.5957,0.068,0.13,0.0,0.0,0.33,0.35,0.009,0.001894,0.006131,0.003707,0.0038,0.009207,0.002071,0.003568,0.644717,-0.006824,-0.03883,-0.003624,-0.02423,0.0004373,-0.0094895,0.0023785714285714282,0.2848,0.6526,7.94,10
2342,1,0,0,0.46,0.01,0.6673,0.04,72.0,0.0381,0.0254,0.0317,0.034,0.0221,0.0105,0.0286,0.015,0.04,0.18,0.14,73.0,0.268,0.48,0.068,0.12,0.0,0.0,0.33,0.35,0.0106,0.004161,0.005698,0.009993,0.0006105,0.00050404,0.00106,0.009848,0.618665,-0.003118,0.008259,-0.003375,0.003466,0.001077,-0.003234,0.0036000000000000003,0.6739,0.6623,8.94,10
2343,1,0,0,0.435,0.06,0.633,0.063,73.0,0.059,0.0286,0.046,0.0365,0.02335,0.013,0.0286,0.015,0.0542,0.0531,0.0246,68.0,0.1098,0.43,0.068,0.135,0.0,0.0,0.33,0.35,0.008,0.001125,0.003685,0.001054,0.002754,0.006596,0.002035,0.001407,0.697528,0.02982,-0.04437,0.0346,-0.02002,0.00139,-0.006575,0.0030857142857142862,0.275,0.8435,4.31,10
2344,1,0,0,0.49419,0.08,0.0,0.05,70.0,0.04,0.0286,0.045,0.0365,0.02335,0.013,0.0318,0.015,0.0494,0.04,0.0331,71.5,0.2001,0.54,0.068,0.13,0.0,0.0,0.33,0.35,0.009,0.002272,0.000556,0.006867,0.001081,0.00093102,0.00154,0.00086789,0.665087,-0.01501,-0.07308,-0.00881,-0.04556,0.002543,-0.01778,0.007000000000000011,0.08516,0.1681,5.56,10
2345,1,0,0,0.39,0.055,0.0,0.062,75.0,0.04,0.0286,0.037,0.0365,0.02335,0.013,0.03,0.015,0.0444,0.04,0.0324,76.0,0.1607,0.59,0.068,0.12,0.016,0.0,0.33,0.35,0.009,0.002689,0.00562,0.003319,0.003223,0.005786,0.00085905,0.001165,0.643695,-0.01063,-0.06557,-0.006378,-0.04205,0.0005606,-0.016615,0.00307142857142857,0.1178,0.2641,6.72,10
2346,1,0,0,0.39,0.055,0.0,0.062,75.0,0.04,0.0286,0.037,0.0365,0.02335,0.013,0.03,0.015,0.0444,0.04,0.0324,76.0,0.1607,0.59,0.068,0.12,0.016,0.0,0.33,0.35,0.009,0.00166,0.001697,0.00062,0.005351,0.00097635,0.00077715,0.009564,0.643695,-0.004929,-0.03025,-0.002835,-0.01889,0.0003992,-0.0073715,0.00215,0.3877,0.9664,6.63,10
2347,1,0,0,0.39,0.055,0.0,0.062,75.0,0.04,0.0286,0.037,0.0365,0.02335,0.013,0.03,0.015,0.0444,0.04,0.0324,76.0,0.1607,0.59,0.068,0.12,0.016,0.0,0.33,0.35,0.009,0.000819,0.000534,0.00614,0.007393,0.005398,0.001571,0.00055757,0.643695,-0.01251,-0.07772,-0.007887,-0.0502,0.001356,-0.019729999999999998,0.006714285714285713,0.1178,0.2384,5.79,10
2348,1,0,0,0.46958,0.08,0.0,0.05,70.0,0.04,0.0286,0.045,0.0365,0.02335,0.013,0.0349,0.015,0.0494,0.04,0.0331,71.5,0.2,0.54,0.068,0.13,0.0,0.0,0.33,0.35,0.009,0.000992,0.00413,0.000592,0.002199,0.00070357,0.00056002,0.001541,0.657913,-0.01672,-0.08168,-0.01005,-0.0507,0.0009031,-0.019735000000000003,0.00378571428571428,0.07265,0.1637,4.12,10
2349,1,0,0,0.715,0.06,0.0,0.03,74.0,0.038,0.03125,0.0364,0.0365,0.016,0.013,0.0318,0.015,0.0431,0.0533,0.0272,72.0,0.1851,0.5059,0.1,0.175,0.016,0.018,0.432,0.35,0.009,0.009641,0.005231,0.001113,0.001777,0.00816,0.004091,0.00062908,0.742813,-0.02934,-0.2115,-0.01874,-0.1165,0.003341,-0.04197,0.013571428571428562,0.04709,0.1083,7.56,10
2350,0,0,1,0.41,0.069,0.0,0.045,74.0,0.04,0.0286,0.045,0.0365,0.02335,0.013,0.0318,0.015,0.0487,0.0472,0.038,72.0,0.1102,0.5272,0.068,0.13,0.0,0.0,0.33,0.35,0.009,0.002933,0.009606,0.00085,0.00082881,0.006285,0.001172,0.00125,0.635695,-0.02626,-0.2088,-0.00749,-0.126,0.00193,-0.048295000000000005,0.007214285714285742,0.2077,0.4724,3.19,10
2351,0,0,1,0.41,0.071,0.0,0.1,73.5,0.04,0.0286,0.045,0.0365,0.02335,0.013,0.0318,0.015,0.0494,0.099,0.034,73.5,0.1696,0.584,0.068,0.13,0.0,0.0,0.33,0.35,0.009,0.00906,0.000706,0.007328,0.001102,0.003183,0.008359,0.006203,0.650221,-0.01101,-0.05882,-0.005565,-0.03704,0.002113,-0.014635,0.004928571428571425,0.5727,1.315,5.01,10
2352,0,0,1,0.405,0.07,0.0,0.065,73.5,0.04,0.0286,0.045,0.0365,0.02385,0.013,0.0318,0.015,0.0481,0.0473,0.0368,73.5,0.1698,0.58,0.068,0.13,0.0,0.0,0.33,0.35,0.009,0.00093,0.004784,0.004061,0.002371,0.00099728,0.002728,0.004674,0.652917,-0.0117,-0.06505,-0.006289,-0.04107,0.0009547,-0.016190000000000003,0.004142857142857147,0.3687,0.8163,4.21,10
2353,1,0,0,0.425,0.075,0.0,0.05,68.0,0.04,0.0286,0.04,0.0365,0.02335,0.016,0.0349,0.015,0.045,0.05,0.0405,70.0,0.19,0.505,0.068,0.135,0.0,0.0,0.33,0.3,0.009,0.002348,0.001603,0.003264,0.00060428,0.00081082,0.006248,0.00095516,0.725274,-0.01966,-0.09981,-0.01131,-0.06749,0.001781,-0.027575,0.005499999999999999,0.1142,0.2067,4.68,10
2354,0,0,1,0.82725,0.07,0.0,0.05,34.0,0.04,0.0286,0.045,0.0365,0.02335,0.013,0.0318,0.015,0.0272,0.0496,0.0397,44.0,0.1,0.5996,0.068,0.13,0.0,0.0,0.33,0.35,0.009,0.005304,0.002189,0.00407,0.006068,0.002261,0.005799,0.008286,1.052358,-0.0167,-0.2683,-0.004507,-0.1501,0.003723,-0.054495,0.00778571428571429,0.2086,0.5578,7.47,10
2355,1,0,0,0.46,0.01,0.0,0.04,73.0,0.0381,0.0254,0.0317,0.034,0.01735,0.0105,0.0286,0.015,0.04,0.18,0.04,73.0,0.16,0.48,0.068,0.12,0.0,0.0,0.33,0.35,0.0106,0.002815,0.000603,0.007713,0.00079555,0.003778,0.001373,0.00051072,0.640994,0.004567,0.03406,0.00404,0.01957,0.004697,-0.02861,0.013857142857142837,0.3755,0.1348,4.97,10
2356,1,0,0,0.42,0.075,0.0,0.035,73.0,0.04,0.0286,0.032,0.0365,0.02335,0.013,0.0286,0.015,0.0361,0.0156,0.0297,73.5,0.1893,0.6156,0.068,0.13,0.016,0.018,0.33,0.35,0.009,0.002302,0.002777,0.006448,0.00062085,0.006757,0.008341,0.007685,0.664346,-0.006675,-0.03011,-0.003817,-0.01937,0.0009879,-0.0078025,0.002035714285714289,0.2905,0.6572,10.27,10
2359,0,0,1,0.405,0.07,0.0,0.045,74.0,0.04,0.0286,0.045,0.0365,0.02335,0.013,0.0318,0.015,0.0499,0.0468,0.0384,73.0,0.145,0.5968,0.068,0.13,0.0,0.0,0.33,0.35,0.009,0.003965,0.003669,0.001622,0.006596,0.004788,0.00465,0.00071081,0.653639,-0.03278,-0.2207,-0.01644,-0.1384,0.001381,-0.053405,0.007642857142857153,0.1465,0.3367,3.03,10
2360,1,0,0,0.4,0.02,0.0,0.045,71.99999647998123,0.04,0.0286,0.055,0.0365,0.02635,0.018,0.0318,0.015,0.051,0.03,0.0336,67.0,0.105,0.466,0.068,0.13,0.0,0.0,0.33,0.35,0.009,0.000665,0.004094,0.003435,0.001019,0.001842,0.002208,0.00105,0.61158,0.001336,0.01663,0.001163,0.01029,0.0007034,-0.01562,0.0030000000000000014,0.5863,0.2358,5.13,11
2361,1,0,0,0.43,0.065,0.5656,0.055,72.99997971982306,0.042,0.0272,0.0317,0.0365,0.02195,0.01275,0.0286,0.015,0.0386,0.0406,0.0452,72.0,0.1498,0.6006,0.068,0.135,0.016,0.0,0.33,0.3,0.009,0.001308,0.008059,0.000591,0.006732,0.00862,0.002508,0.002271,0.651755,0.02057,-0.04304,0.02432,-0.0227,0.0008726,-0.007901499999999999,0.0027071428571428507,0.2618,0.7414,5.92,11
2364,1,0,0,0.42,0.05,0.5097,0.07,71.00001324013941,0.04,0.0286,0.045,0.0365,0.02335,0.0145,0.0318,0.015,0.0537,0.0526,0.0307,65.0,0.1095,0.445,0.068,0.135,0.016,0.0,0.33,0.35,0.009,0.00914,0.001331,0.004995,0.001481,0.005665,0.001519,0.00072234,0.624154,-0.005767,0.01196,-0.006365,0.006346,0.001768,-0.0062605000000000004,0.004492857142857144,0.6859,0.8689,4.93,11
2366,0,0,1,0.405,0.07,0.5656,0.07,74.0000202554444,0.042,0.035,0.045,0.04275,0.022,0.0165,0.0318,0.015,0.0565,0.0462,0.0404,73.5,0.1418,0.5712,0.068,0.13,0.0,0.0,0.33,0.35,0.009,0.007618,0.002884,0.001413,0.009133,0.00122,0.005028,0.00093238,0.660533,0.03232,-0.06202,0.038,-0.03333,0.002004,-0.011615,0.005642857142857135,0.6123,1.74,2.94,11
2367,0,0,1,0.405,0.07,0.5656,0.07,74.0000202554444,0.042,0.035,0.045,0.04275,0.022,0.0165,0.0318,0.015,0.0565,0.0462,0.0404,73.5,0.1418,0.5712,0.068,0.13,0.0,0.0,0.33,0.35,0.009,0.002106,0.004237,0.00144,0.001907,0.001116,0.001496,0.004188,0.660533,0.0151,-0.02949,0.01833,-0.01536,0.00134,-0.0054470000000000005,0.003071428571428576,1.028,2.672,3.48,11
2368,0,0,1,0.405,0.07,0.5656,0.07,74.0000202554444,0.042,0.035,0.045,0.04275,0.022,0.0165,0.0318,0.015,0.0565,0.0486,0.0364,73.5,0.1573,0.4886,0.068,0.13,0.0,0.0,0.33,0.35,0.009,0.001681,0.006476,0.005778,0.008256,0.009473,0.008627,0.001113,0.660667,0.01723,-0.03372,0.02023,-0.01887,0.001562,-0.006796,0.004657142857142855,1.051,2.903,4.36,11
2369,1,0,0,0.43,0.05,0.5656,0.045,70.53202131307656,0.04,0.0286,0.045,0.0365,0.02335,0.013,0.0318,0.015,0.0473,0.0496,0.0322,71.53202,0.12,0.4096,0.068,0.13,0.0,0.0,0.33,0.35,0.009,0.002895,0.004781,0.000753,0.0006783,0.003317,0.005648,0.00095936,0.621187,-0.01032,0.01845,-0.01134,0.009385,0.001346,-0.008088499999999998,0.0036071428571428587,0.6236,0.6766,4.07,11
2370,1,0,0,0.425,0.068,0.5656,0.045,71.99999647998123,0.04,0.0286,0.045,0.0365,0.02335,0.013,0.0318,0.015,0.0548,0.0519,0.0282,75.0,0.1138,0.394,0.068,0.12,0.0,0.0,0.33,0.35,0.009,0.002246,0.00545,0.001415,0.001415,0.003334,0.001123,0.005984,0.631152,0.009813,-0.01689,0.01171,-0.007751,0.0007461,-0.0025459999999999997,0.0018428571428571426,0.4828,1.322,6.46,11
2371,1,0,0,0.44,0.045,0.0,0.06,73.49999998763374,0.04,0.0302,0.04,0.0365,0.02335,0.017,0.0349,0.015,0.04,0.0505,0.035,71.0,0.14,0.5,0.068,0.13,0.0,0.0,0.33,0.3,0.009,0.003228,0.002213,0.002081,0.00054827,0.00054348,0.001136,0.00073674,0.665753,0.003507,0.0247,0.002696,0.0158,0.001641,-0.026375,0.0053571428571428615,0.6839,0.2261,4.44,11
2372,1,0,0,0.40041,0.04,0.0,0.06,72.99997971982306,0.04,0.0286,0.045,0.0365,0.02835,0.018,0.0318,0.015,0.0284,0.0487,0.0352,70.5,0.106,0.3887,0.068,0.13,0.0,0.0,0.33,0.35,0.009,0.00152,0.001921,0.001556,0.003214,0.00163,0.004898,0.004158,0.609489,0.0009766,0.008093,0.000735,0.004985,0.0003396,-0.0077885,0.0019928571428571348,1.364,0.5371,5.15,11
2373,1,0,0,0.44,0.045,0.0,0.06,73.49999998763374,0.04,0.0302,0.04,0.0365,0.02335,0.017,0.0349,0.015,0.05,0.05,0.035,70.0,0.14,0.5,0.068,0.13,0.0,0.0,0.33,0.3,0.009,0.002477,0.00887,0.004344,0.00066407,0.001775,0.001635,0.002867,0.67346,0.001585,0.01147,0.001134,0.007237,0.000945,-0.01193,0.0025714285714285657,1.151,0.6225,8.34,11
2374,1,0,0,0.415,0.06501,0.0,0.05,73.00135481853137,0.04,0.0286,0.044,0.0365,0.02335,0.016,0.0349,0.015,0.045,0.05,0.0405,70.00135,0.1255,0.505,0.073,0.135,0.0,0.0,0.33,0.3,0.009,0.000537,0.000545,0.000652,0.004213,0.005006,0.005498,0.003443,0.80208,-0.01028,-0.09012,-0.004142,-0.05918,0.001223,-0.0237,0.00471428571428572,0.2218,0.4838,4.52,11
2375,1,0,0,0.415,0.06501,0.5656,0.055,73.0014121143109,0.04,0.0302,0.044,0.03585,0.02235,0.0144,0.0298,0.015,0.035,0.047,0.02,70.00139,0.11,0.48,0.073,0.135,0.0,0.0,0.33,0.35,0.009,0.004862,0.001652,0.007112,0.003693,0.004115,0.001262,0.001136,0.774012,0.02244,-0.04848,0.02611,-0.02933,0.001626,-0.011189999999999999,0.004571428571428571,0.2242,0.6032,6.39,11
2376,0,0,1,0.39,0.012737,0.5656,0.05,73.13697392863884,0.04,0.03525,0.065,0.04453,0.02335,0.013,0.0318,0.015,0.0638,0.0497,0.0433,70.137,0.125,0.33,0.068,0.135,0.0,0.0,0.33,0.35,0.009,0.001646,0.003175,0.005071,0.007876,0.00065323,0.00082367,0.00095411,0.586712,-0.004336,0.00634,-0.004537,0.002694,0.001317,-0.001936,0.0039,3.031,4.477,2.57,11
2377,1,0,0,0.415,0.065012,0.5656,0.045,73.00169859320845,0.04,0.0286,0.044,0.0365,0.02335,0.013,0.0298,0.015,0.036,0.04,0.026,70.00169,0.11,0.518,0.073,0.135,0.0,0.0,0.33,0.35,0.009,0.00218,0.009342,0.000544,0.005273,0.003783,0.007328,0.00083612,0.779232,0.05924,-0.1307,0.0688,-0.07871,0.001085,-0.029755,0.003499999999999981,0.1398,0.3685,5.15,11
2378,1,0,0,0.41,0.07,0.5656,0.045,75.99998673512805,0.04,0.0286,0.055,0.0365,0.02335,0.013,0.0318,0.015,0.0525,0.0515,0.033,72.0,0.1441,0.4715,0.068,0.13,0.0,0.0,0.33,0.35,0.007,0.006113,0.003078,0.00168,0.002497,0.002516,0.003235,0.00397,0.640934,0.01102,-0.02071,0.01319,-0.01072,0.0007692,-0.0037600000000000003,0.0020857142857142867,0.4272,1.198,5.75,11
2379,0,0,1,0.405,0.07,0.0,0.1,74.0000202554444,0.04,0.0286,0.045,0.0365,0.025,0.013,0.0318,0.015,0.049,0.0519,0.0405,73.0,0.145,0.5519,0.068,0.13,0.0,0.0,0.33,0.35,0.009,0.002598,0.008214,0.000604,0.003264,0.00083612,0.00271,0.003288,0.647886,-0.015,-0.09842,-0.006837,-0.06018,0.0007467,-0.023260000000000003,0.004285714285714284,0.3497,0.7817,3.48,11
2380,1,0,0,0.45,0.07,0.5656,0.045,74.0000202554444,0.04,0.0286,0.045,0.0365,0.02335,0.013,0.0318,0.015,0.0462,0.0525,0.025,70.0,0.1,0.42,0.068,0.13,0.016,0.018,0.33,0.4,0.009,0.000641,0.005993,0.001098,0.001364,0.00066019,0.002918,0.002506,0.713682,0.02358,-0.04769,0.02811,-0.02476,0.001016,-0.008693,0.0025571428571428494,0.2512,0.7179,5.11,11
2383,1,0,0,0.408,0.058,0.5656,0.045,72.99997971982306,0.04,0.0286,0.04,0.0365,0.02335,0.013,0.0286,0.015,0.0415,0.0308,0.0353,73.5,0.1446,0.56,0.068,0.13,0.0,0.0,0.33,0.35,0.009,0.000991,0.000991,0.004869,0.001739,0.003509,0.001408,0.003309,0.638857,0.0111,-0.02124,0.0131,-0.01112,0.001244,-0.0039505,0.00299285714285714,0.4694,1.229,5.04,11
2384,1,0,0,0.425,0.065,0.5656,0.045,73.49999998763374,0.04,0.0286,0.04,0.0365,0.02335,0.013,0.0286,0.015,0.0434,0.0226,0.0375,72.0,0.1377,0.56,0.068,0.13,0.0,0.0,0.33,0.35,0.009,0.000524,0.000685,0.00361,0.004309,0.001157,0.008811,0.00093717,0.657421,0.02103,-0.04158,0.0248,-0.02184,0.002218,-0.0076665,0.005421428571428566,0.3124,0.8855,3.2,11
2385,1,0,0,0.39,0.05,0.5656,0.245,75.00000349528622,0.04,0.03105,0.045,0.0365,0.02335,0.013,0.0318,0.015,0.036,0.1122,0.0275,75.0,0.1531,0.6452,0.068,0.13,0.0,0.0,0.33,0.35,0.009,0.002935,0.001036,0.000977,0.007529,0.001079,0.00662,0.006543,0.612544,-0.002209,0.005246,-0.002613,0.002598,0.0007199,-0.0028505,0.0019642857142857144,1.334,1.18,5.56,11
2386,0,0,1,0.405,0.07,0.5656,0.045,74.0000202554444,0.04,0.0286,0.045,0.0365,0.02335,0.013,0.0318,0.015,0.048,0.0482,0.0359,72.0,0.1453,0.52,0.068,0.13,0.0,0.0,0.33,0.35,0.009,0.009113,0.007458,0.002857,0.003745,0.00052205,0.00097635,0.005296,0.637202,0.0173,-0.03285,0.02069,-0.01711,0.001111,-0.005996,0.0032857142857142816,0.916,2.597,4.11,11
2388,1,0,0,0.408,0.00063,0.5656,0.045,68.04544177798829,0.04,0.0337,0.045,0.0485,0.0245,0.019,0.0318,0.015,0.0457,0.0402,0.0271,68.04542,0.093,0.3752,0.068,0.13,0.0,0.0,0.33,0.3,0.009,0.000877,0.002696,0.001275,0.00087683,0.001275,0.00060295,0.003921,0.619057,-0.001879,0.003107,-0.001964,0.001421,0.0005522,-0.0010425999999999999,0.0013628571428571418,1.421,1.959,5.12,11
2389,1,0,0,0.415,0.06,0.5656,0.055,71.99999647998123,0.04,0.0302,0.044,0.03585,0.02235,0.0144,0.0298,0.015,0.035,0.047,0.02,70.0,0.128,0.535,0.073,0.135,0.0,0.0,0.33,0.35,0.009,0.001031,0.006115,0.004618,0.008649,0.005626,0.003354,0.001524,0.763481,0.02126,-0.04695,0.02429,-0.02885,0.000957,-0.010955,0.0032142857142857194,0.2478,0.6743,6.92,11
2393,1,0,0,0.415,0.058,0.5656,0.045,71.99999647998123,0.04,0.0286,0.0318,0.0365,0.02335,0.013,0.0272,0.015,0.0378,0.0476,0.0309,71.5,0.13,0.5676,0.068,0.13,0.0,0.0,0.33,0.35,0.009,0.001397,0.002461,0.002865,0.00062679,0.00090749,0.002023,0.001573,0.643462,0.0189,-0.03581,0.02239,-0.01831,0.001456,-0.0063820000000000005,0.0040000000000000036,0.3406,0.8284,3.94,11
2394,0,0,1,0.393,0.055,0.5656,0.045,74.49998322747555,0.04,0.0286,0.035,0.0365,0.02335,0.013,0.0318,0.015,0.048,0.03,0.034,74.5,0.134,0.64,0.068,0.12,0.0,0.0,0.33,0.35,0.009,0.003547,0.006396,0.000847,0.007908,0.001115,0.001046,0.00080374,0.651291,0.06935,-0.1261,0.07881,-0.06763,0.001786,-0.023585000000000002,0.005500000000000023,0.3167,0.8994,2.73,11
2395,1,0,0,0.444,0.072,0.5656,0.045,72.99997971982306,0.04,0.0286,0.045,0.0365,0.02335,0.013,0.0318,0.015,0.0452,0.037,0.036,73.0,0.1954,0.637,0.068,0.135,0.0,0.0,0.33,0.3,0.009,0.003696,0.001165,0.003511,0.00094543,0.00059638,0.001016,0.007211,0.671813,0.009161,-0.02272,0.01141,-0.01289,0.001268,-0.0047845000000000006,0.002492857142857139,0.421,0.9678,7.02,11
2396,0,0,1,0.405,0.07,0.5656,0.06,72.99997971982306,0.04,0.0286,0.046,0.04155,0.02335,0.013,0.0318,0.015,0.0593,0.0378,0.0483,72.5,0.191,0.6078,0.068,0.13,0.0,0.0,0.33,0.35,0.009,0.000891,0.000671,0.000602,0.008476,0.007302,0.008305,0.0007197,0.650823,0.0572,-0.1239,0.06809,-0.07002,0.003562,-0.025230000000000002,0.010285714285714287,0.3484,0.9489,2.07,11
2400,1,0,0,0.41,0.07,0.5656,0.045,72.99997971982306,0.04,0.0286,0.045,0.0365,0.02335,0.013,0.0318,0.015,0.0499,0.0467,0.0383,73.0,0.145,0.5967,0.068,0.13,0.0,0.0,0.33,0.35,0.009,0.001017,0.004064,0.000668,0.005235,0.006396,0.005032,0.005003,0.653639,0.01215,-0.0243,0.01457,-0.01274,0.0006308,-0.0044545,0.0019071428571428562,0.3799,1.072,6.26,11
2401,1,0,0,0.389,0.062,0.5656,0.095,74.49998322747555,0.04,0.0286,0.045,0.0365,0.02335,0.013,0.0318,0.015,0.0448,0.0321,0.0369,72.2,0.1368,0.5071,0.068,0.13,0.0,0.0,0.33,0.35,0.009,0.001353,0.000876,0.003249,0.001877,0.003278,0.001541,0.006772,0.60316,0.006963,-0.01202,0.008335,-0.005733,0.0009117,-0.0019625,0.002164285714285715,0.57,1.647,5.53,11
2402,0,0,1,0.405,0.07,0.0,0.1,74.0000202554444,0.04,0.0286,0.045,0.0365,0.025,0.013,0.0318,0.015,0.049,0.0504,0.0422,73.0,0.145,0.5804,0.068,0.13,0.0,0.0,0.33,0.35,0.009,0.001263,0.000925,0.006068,0.00407,0.002244,0.001067,0.003501,0.647886,-0.01129,-0.07402,-0.005167,-0.04576,0.001208,-0.017755,0.0057857142857142725,0.6053,1.432,3.89,11
2403,1,0,0,0.37,0.03,0.5656,0.05,72.99997971982306,0.04,0.0286,0.045,0.0365,0.02335,0.013,0.0318,0.015,0.0478,0.0469,0.0376,74.0,0.16,0.52,0.068,0.135,0.0,0.0,0.33,0.3,0.009,0.006276,0.004705,0.004529,0.003415,0.00058429,0.009522,0.003712,0.662455,-0.005663,-0.03712,-0.002605,-0.02297,0.0004331,-0.008924000000000001,0.002242857142857143,0.2602,0.5711,7.89,11
2404,1,0,0,0.395,0.05,0.0,0.05,74.0000202554444,0.04,0.0286,0.045,0.0365,0.02335,0.013,0.0318,0.015,0.0478,0.0469,0.0376,74.0,0.16,0.52,0.068,0.135,0.0,0.0,0.33,0.3,0.009,0.001286,0.00103,0.001067,0.002243,0.00092154,0.001796,0.002165,0.663875,0.002278,0.01359,0.001701,0.008912,0.0009166,-0.016285,0.004071428571428578,0.797,0.285,3.45,11
2406,0,0,1,0.4,0.07,0.5656,0.045,74.0000202554444,0.04,0.0286,0.045,0.0365,0.02335,0.013,0.0318,0.015,0.0536,0.0273,0.0299,73.0,0.1,0.5473,0.068,0.13,0.0,0.0,0.33,0.35,0.009,0.001064,0.004331,0.006917,0.001547,0.001168,0.002097,0.009487,0.668739,0.01607,-0.0286,0.01934,-0.01407,0.001353,-0.004828,0.0032857142857142876,0.9667,3.097,4.81,11
2408,1,0,0,0.404,0.07,0.5656,0.075,74.0000202554444,0.04,0.0286,0.0395,0.0365,0.02335,0.013,0.0318,0.015,0.0429,0.073,0.0356,73.0,0.145,0.563,0.068,0.13,0.0,0.0,0.33,0.35,0.009,0.000533,0.00282,0.009007,0.002083,0.008545,0.00063975,0.003051,0.700951,0.0132,-0.02856,0.01592,-0.01635,0.0009158,-0.0060925,0.0024642857142857127,0.3748,0.9756,7.34,11
2409,1,0,0,0.38,0.048,0.5592,0.045,74.0000202554444,0.04,0.0286,0.033,0.0365,0.02335,0.013,0.028,0.015,0.0391,0.0205,0.0297,73.0,0.1145,0.4905,0.068,0.13,0.016,0.0,0.33,0.35,0.009,0.005659,0.000658,0.002024,0.00061072,0.002245,0.002293,0.001144,0.57463,-0.005322,0.008303,-0.005837,0.004105,0.00205,-0.0030245,0.007521428571428571,0.9237,0.6129,3.19,11
2410,0,0,1,0.405,0.07,0.5656,0.045,74.0000202554444,0.04,0.0286,0.045,0.0365,0.02335,0.013,0.0318,0.015,0.0499,0.049,0.034,73.0,0.145,0.515,0.068,0.13,0.0,0.0,0.33,0.35,0.009,0.001347,0.00175,0.000885,0.006932,0.001302,0.00149,0.00070049,0.653639,0.06734,-0.1297,0.07915,-0.07059,0.002926,-0.024954999999999998,0.008357142857142863,0.3271,0.9201,1.66,11
2411,0,0,1,0.415,0.067,0.5656,0.06,73.49999998763374,0.04,0.0286,0.045,0.0365,0.0265,0.017,0.0318,0.015,0.0733,0.0634,0.0566,73.5,0.145,0.5634,0.068,0.13,0.0,0.0,0.33,0.35,0.009,0.002586,0.001829,0.000964,0.00080727,0.001239,0.002457,0.003016,0.667122,0.03565,-0.0699,0.04294,-0.03495,0.00201,-0.01205,0.004857142857142857,0.6026,1.756,2.64,11
2412,1,0,0,0.355,0.035,0.5656,0.045,74.0000202554444,0.04,0.0286,0.045,0.0365,0.02335,0.013,0.0318,0.015,0.0486,0.0491,0.0334,74.0,0.1797,0.5091,0.068,0.12,0.0,0.0,0.33,0.35,0.009,0.001571,0.000562,0.003328,0.001156,0.007807,0.002654,0.00491,0.615028,-0.001893,0.004016,-0.00221,0.00238,0.001099,-0.0032265,0.002807142857142855,1.514,1.032,5.82,11
2413,1,0,0,0.355,0.03,0.5656,0.045,74.0000202554444,0.04,0.0286,0.035,0.0349,0.02335,0.013,0.0318,0.015,0.0432,0.0482,0.0346,74.0,0.1684,0.5382,0.068,0.12,0.0,0.0,0.33,0.35,0.009,0.001695,0.000579,0.001252,0.00094163,0.001491,0.00080934,0.009511,0.607877,-0.002162,0.004416,-0.002482,0.002556,0.001088,-0.003159,0.0033999999999999985,1.5,0.8426,5.39,11
2414,1,0,0,0.355,0.03,0.5656,0.045,74.0000202554444,0.04,0.0286,0.035,0.0349,0.02335,0.013,0.0318,0.015,0.0432,0.0482,0.0346,74.0,0.1684,0.5382,0.068,0.12,0.0,0.0,0.33,0.35,0.009,0.000585,0.000835,0.001046,0.004011,0.001443,0.0008472,0.007086,0.607877,-0.002412,0.004676,-0.002624,0.002679,0.0007494,-0.003351,0.00222857142857143,1.717,1.229,4.67,11
2415,1,0,0,0.355,0.03,0.5656,0.045,74.0000202554444,0.04,0.0286,0.035,0.0349,0.02335,0.013,0.0318,0.015,0.0432,0.0482,0.0346,74.0,0.1684,0.5382,0.068,0.12,0.0,0.0,0.33,0.35,0.009,0.001522,0.002525,0.007696,0.004262,0.002569,0.001572,0.00096147,0.607877,-0.003584,0.006345,-0.003772,0.003724,0.0008466,-0.0048354999999999995,0.0028642857142857103,1.23,1.126,4.95,11
2416,1,0,0,0.34,0.03,0.5656,0.045,74.0000202554444,0.04,0.0286,0.035,0.0349,0.02335,0.013,0.0318,0.015,0.0432,0.0482,0.0346,74.0,0.1532,0.5182,0.068,0.12,0.0,0.0,0.33,0.35,0.009,0.007328,0.001939,0.002929,0.00067731,0.001314,0.00093034,0.004437,0.615347,-0.002561,0.004696,-0.002835,0.002778,0.000824,-0.003452,0.0033714285714285695,1.392,0.7979,5.29,11
2417,1,0,0,0.355,0.035,0.5656,0.045,72.99997971982306,0.04,0.0286,0.035,0.0349,0.02335,0.013,0.0318,0.015,0.0432,0.0482,0.0346,73.0,0.1556,0.5282,0.068,0.12,0.0,0.0,0.33,0.35,0.009,0.00081,0.001693,0.004687,0.00051034,0.00063,0.00068378,0.004194,0.649436,-0.002557,0.005504,-0.002988,0.003298,0.001048,-0.004453,0.00428571428571429,1.344,0.7601,5.05,11
2418,1,0,0,0.355,0.03,0.5656,0.045,74.0000202554444,0.04,0.0286,0.035,0.0349,0.02335,0.013,0.0318,0.015,0.0432,0.0482,0.0346,74.0,0.1701,0.5382,0.068,0.12,0.0,0.0,0.33,0.35,0.009,0.003418,0.000507,0.000634,0.009627,0.001286,0.00075973,0.001092,0.621788,-0.00713,0.01306,-0.007596,0.007831,0.001573,-0.010755,0.004928571428571425,0.7975,0.5515,3.03,11
2419,1,0,0,0.4305,0.07,0.5513,0.025,74.0000202554444,0.04,0.0286,0.032,0.0365,0.0165,0.012,0.028,0.015,0.0306,0.0126,0.0231,73.5,0.1262,0.5576,0.068,0.13,0.0,0.0,0.33,0.35,0.009,0.000544,0.002642,0.001178,0.00203,0.001893,0.0008441,0.0005737,0.654407,0.03978,-0.08304,0.04784,-0.04449,0.003368,-0.015905,0.007785714285714278,0.1721,0.485,2.38,11
2420,1,0,0,0.43,0.055,0.5735,0.06,73.49999998763374,0.04,0.0302,0.038,0.0365,0.0206,0.017,0.0318,0.015,0.0496,0.0509,0.0352,71.0,0.15,0.51,0.068,0.13,0.0,0.0,0.33,0.3,0.009,0.001086,0.00275,0.000786,0.00065299,0.001564,0.00102,0.002383,0.680485,0.02231,-0.04456,0.02609,-0.02408,0.001732,-0.008664999999999999,0.0038142857142857245,0.2746,0.662,3.79,11
2421,1,0,0,0.423,-0.0022,0.5426,0.066,71.34997586140533,0.04,0.0286,0.042,0.0365,0.02335,0.013,0.0298,0.015,0.0425,0.0587,0.0225,66.99989,0.11,0.405,0.073,0.135,0.016,0.0,0.33,0.35,0.009,0.003563,0.001403,0.000531,0.001598,0.00075254,0.00079323,0.00061678,0.658939,-0.01644,0.02915,-0.01601,0.01629,0.001931,-0.017835,0.005642857142857135,0.4942,0.4334,2.79,11
2423,1,0,0,0.35992,0.03,0.0,0.12,74.0000202554444,0.04,0.0286,0.0464,0.0365,0.024,0.013,0.0318,0.015,0.0481,0.057,0.0299,74.0,0.1,0.477,0.068,0.135,0.0,0.0,0.33,0.35,0.009,0.000939,0.001811,0.001988,0.001004,0.001666,0.003055,0.0007912,0.606892,0.001912,0.01969,0.001456,0.0127,0.001002,-0.02181,0.004857142857142857,0.6174,0.1986,3.19,11
2424,1,0,0,0.41,0.06,0.5656,0.05,74.0000202554444,0.04,0.0286,0.033,0.0365,0.0175,0.013,0.029,0.015,0.0332,0.0444,0.0266,73.0,0.1686,0.6194,0.068,0.13,0.0,0.0,0.33,0.35,0.009,0.006505,0.005855,0.006064,0.001105,0.006099,0.002256,0.00066019,0.657151,0.02065,-0.04422,0.02458,-0.02538,0.002503,-0.009476,0.005957142857142867,0.04258,0.03379,6.1,11
2425,1,0,0,0.444,0.065,0.641,0.045,73.49999998763374,0.04,0.0286,0.045,0.0365,0.02335,0.013,0.0318,0.015,0.052,0.0531,0.0288,71.0,0.1163,0.444,0.068,0.135,0.0,0.0,0.33,0.35,0.009,0.00259,0.001441,0.001063,0.001284,0.00748,0.009073,0.001994,0.685274,0.02282,-0.03385,0.02643,-0.01504,0.001799,-0.004821499999999999,0.0036214285714285684,0.3168,0.9959,4.12,11
2426,1,0,0,0.425,0.0595,0.5605,0.05,72.99997971982306,0.04,0.0286,0.054,0.0365,0.02335,0.014,0.0318,0.015,0.03,0.0432,0.0235,70.0,0.1081,0.43,0.068,0.135,0.016,0.018,0.33,0.35,0.009,0.008902,0.003288,0.004894,0.009329,0.002281,0.001837,0.00295,0.665445,0.01134,-0.02127,0.01296,-0.01142,0.0007208,-0.003968,0.0021571428571428583,0.4569,1.24,6.88,11
2427,0,0,1,0.455,0.058,0.5656,0.045,74.0000202554444,0.04,0.0286,0.045,0.0365,0.02335,0.013,0.0318,0.015,0.0601,0.0554,0.0271,73.0,0.1181,0.53,0.068,0.13,0.0,0.0,0.33,0.35,0.009,0.002884,0.000844,0.001607,0.001972,0.00072075,0.003753,0.004026,0.724504,0.03576,-0.07416,0.04191,-0.03875,0.003212,-0.013625,0.006214285714285709,0.6041,1.647,2.73,11
2429,0,0,1,0.455,0.058,0.5656,0.07,74.0000202554444,0.04,0.0362,0.045,0.04275,0.03,0.015,0.0318,0.015,0.07,0.0495,0.035,73.0,0.14,0.53,0.073,0.135,0.0,0.018,0.33,0.35,0.009,0.006683,0.001842,0.002023,0.003016,0.0005011,0.001587,0.003146,0.757291,0.02374,-0.05245,0.02757,-0.02915,0.001206,-0.011515,0.0036428571428571426,0.9149,2.502,3.95,11
2430,1,0,0,0.431,0.068,0.5656,0.045,72.99997971982306,0.04,0.0286,0.045,0.0365,0.02335,0.013,0.0318,0.015,0.0478,0.08,0.03,71.5,0.11,0.588,0.068,0.135,0.0,0.0,0.33,0.35,0.009,0.000621,0.003761,0.001658,0.002912,0.001355,0.001301,0.009126,0.730246,0.01297,-0.02768,0.01554,-0.01485,0.0007528,-0.0053115,0.0018642857142857137,0.4537,1.213,7.63,11
2431,1,0,0,0.405,0.07,0.5656,0.045,74.0000202554444,0.04,0.0286,0.045,0.0365,0.02335,0.013,0.0318,0.015,0.0489,0.0491,0.0339,73.0,0.145,0.5151,0.068,0.13,0.0,0.0,0.33,0.35,0.009,0.001601,0.000588,0.002486,0.00054867,0.009166,0.006491,0.00069844,0.663186,0.02713,-0.05414,0.03293,-0.02946,0.003165,-0.01061,0.007857142857142858,0.2639,0.6047,3.74,11
2432,1,0,0,0.445,0.076005,0.5656,0.05,67.47758330723413,0.04,0.0375,0.045,0.0395,0.02335,0.013,0.0318,0.015,0.0533,0.0552,0.0263,72.47756,0.1429,0.5202,0.073,0.135,0.0,0.0,0.33,0.35,0.009,0.00077,0.002995,0.000518,0.00090385,0.00108,0.00568,0.00258,0.712909,0.01806,-0.04057,0.02225,-0.02239,0.001255,-0.008191,0.0027999999999999995,0.2958,0.7462,4.19,11
2433,1,0,0,0.405,0.07,0.0,0.05,74.0000202554444,0.04,0.0286,0.0254,0.0365,0.02335,0.013,0.0254,0.015,0.0356,0.03,0.0314,73.0,0.125,0.545,0.068,0.13,0.0,0.0,0.33,0.35,0.009,0.009905,0.000767,0.000532,0.000519,0.00128,0.005757,0.002903,0.645482,-0.01028,-0.06591,-0.00396,-0.04052,0.001864,-0.01592,0.003999999999999985,0.1961,0.4249,3.53,11
2434,0,0,1,0.408,0.011537,0.5656,0.045,69.57741633060908,0.04,0.0337,0.045,0.0485,0.0245,0.019,0.0318,0.015,0.0457,0.0402,0.0271,69.5774,0.093,0.3752,0.068,0.13,0.0,0.0,0.33,0.3,0.009,0.003626,0.001663,0.008658,0.002886,0.00080256,0.005438,0.008734,0.629818,-0.001931,0.00326,-0.002049,0.001546,0.0007399,-0.0012404999999999998,0.0015499999999999995,4.071,4.975,5.78,11
2436,0,0,1,0.405,0.07,0.0,0.1,74.0000202554444,0.04,0.0286,0.045,0.0365,0.025,0.013,0.0318,0.015,0.049,0.0504,0.0422,73.0,0.145,0.5804,0.068,0.13,0.0,0.0,0.33,0.35,0.009,0.003297,0.002779,0.007148,0.002376,0.003341,0.00094959,0.006285,0.647886,-0.008924,-0.05783,-0.004018,-0.03578,0.0009239,-0.01396,0.0038571428571428485,0.4696,1.014,5.41,11
2437,0,0,1,0.405,0.068,0.5656,0.07,74.49981134013701,0.04,0.0286,0.046,0.0365,0.026,0.014,0.0349,0.015,0.0509,0.0462,0.0371,73.0,0.15,0.5762,0.068,0.13,0.0,0.0,0.33,0.35,0.009,0.003814,0.001173,0.000754,0.001362,0.005036,0.001075,0.00086031,0.657978,0.07123,-0.1409,0.085,-0.07614,0.003062,-0.027395,0.007928571428571427,0.3427,0.9573,2.17,11
2438,0,0,1,0.408,0.07,0.5656,0.075,73.19999928610324,0.055,0.05463,0.048,0.05385,0.0227,0.0135,0.0395,0.015,0.0736,0.0311,0.0507,73.2,0.182,0.556,0.068,0.135,0.0166,0.0,0.358,0.35,0.009,0.000619,0.00822,0.001438,0.005889,0.003688,0.006698,0.001348,0.670926,0.01055,-0.02258,0.01296,-0.01224,0.00107,-0.004446500000000001,0.002807142857142858,1.206,3.609,3.79,11
2439,1,0,0,0.425,0.065,0.528,0.07,74.49998322747555,0.04,0.0286,0.04,0.0365,0.02335,0.013,0.0318,0.015,0.0464,0.0628,0.0517,72.0,0.116,0.5128,0.068,0.13,0.0,0.0,0.33,0.35,0.009,0.001147,0.002352,0.00174,0.0009022,0.009439,0.002251,0.001162,0.640827,0.02477,-0.05264,0.03005,-0.02624,0.001517,-0.009007500000000002,0.003778571428571428,0.2648,0.7786,4.0,11
2441,1,0,0,0.37,0.025,0.5656,0.045,72.99997971982306,0.0377,0.0286,0.0365,0.0365,0.02,0.018,0.03,0.015,0.0457,0.0394,0.0266,74.0,0.1424,0.455,0.073,0.135,0.0,0.0,0.33,0.35,0.01,0.00094,0.002117,0.000546,0.00768,0.00081797,0.004705,0.00273,0.610328,-0.004132,0.006931,-0.004372,0.003804,0.0008565,-0.0042485,0.00285,1.183,0.9765,3.45,11
2442,1,0,0,0.37,0.025,0.5656,0.045,72.99997971982306,0.0377,0.0286,0.0365,0.0365,0.02,0.018,0.03,0.015,0.0453,0.0394,0.0266,74.0,0.1838,0.52,0.073,0.135,0.0,0.0,0.33,0.35,0.01,0.009322,0.000512,0.003329,0.002514,0.001811,0.003329,0.00641,0.656284,-0.001917,0.004244,-0.002133,0.002655,0.001233,-0.004189,0.002714285714285715,1.433,1.156,7.25,11
2443,1,0,0,0.37,0.025,0.5656,0.045,72.99997971982306,0.0377,0.0286,0.0365,0.0365,0.02,0.018,0.03,0.015,0.0462,0.0394,0.0266,74.0,0.1551,0.495,0.073,0.135,0.0,0.0,0.33,0.35,0.01,0.003408,0.004109,0.001108,0.00057538,0.003103,0.001108,0.002826,0.643381,-0.004024,0.007656,-0.004316,0.004621,0.001169,-0.006097,0.0038428571428571444,1.165,0.7989,5.02,11
2444,0,0,1,0.38,0.07,0.5656,0.045,74.0000202554444,0.04,0.03225,0.05,0.0365,0.02335,0.013,0.0318,0.015,0.0436,0.0287,0.03,74.0,0.15,0.5087,0.068,0.13,0.0,0.0,0.33,0.35,0.009,0.001064,0.000945,0.000841,0.001956,0.008608,0.00083367,0.00098784,0.645102,0.04889,-0.09224,0.05837,-0.05186,0.003286,-0.019105,0.009071428571428572,0.4527,1.229,1.99,11
2445,1,0,0,0.42,0.07,0.5674,0.05,74.49998322747555,0.04,0.0286,0.0365,0.0365,0.02335,0.013,0.0318,0.015,0.0435,0.035,0.03825,71.0,0.12,0.414,0.068,0.135,0.016,0.0,0.33,0.35,0.009,0.000581,0.001837,0.002702,0.00072977,0.003739,0.00060605,0.00073513,0.7007,0.03098,-0.0624,0.03716,-0.03414,0.001968,-0.012410000000000001,0.004857142857142845,0.228,0.5951,3.46,11
2446,1,0,0,0.4,0.04,0.5656,0.05,72.99997971982306,0.04,0.0286,0.048,0.0365,0.0325,0.025,0.0375,0.015,0.049,0.0441,0.0356,74.5,0.1992,0.62,0.068,0.13,0.025,0.0,0.33,0.35,0.025,0.000554,0.009452,0.008709,0.002583,0.001399,0.00413,0.006042,0.644832,-0.001876,0.004218,-0.001996,0.002517,0.0002485,-0.0034855,0.0008642857142857144,1.232,1.105,11.42,11
2447,1,0,0,0.42,0.07,0.5674,0.05,74.49998322747555,0.04,0.0286,0.0365,0.0365,0.02335,0.013,0.0318,0.015,0.0435,0.035,0.03825,71.0,0.12,0.414,0.068,0.135,0.016,0.0,0.33,0.35,0.009,0.004887,0.001712,0.000538,0.00094405,0.001727,0.00053912,0.00467,0.7007,0.01716,-0.03488,0.02065,-0.0189,0.001225,-0.00685,0.0026428571428571404,0.3203,0.7867,5.13,11
2448,1,0,0,0.42,0.07,0.5674,0.05,74.49998322747555,0.04,0.0286,0.0365,0.0365,0.02335,0.013,0.0318,0.015,0.0435,0.035,0.03825,71.0,0.12,0.414,0.068,0.135,0.016,0.0,0.33,0.35,0.009,0.000549,0.004306,0.005193,0.005193,0.003571,0.00096288,0.002036,0.693704,0.01559,-0.0311,0.01844,-0.01687,0.0008761,-0.006017,0.002485714285714287,0.2752,0.8165,5.93,11
2449,1,0,0,0.43,0.067,0.5656,0.05,73.49999998763374,0.04,0.0286,0.0349,0.0365,0.0195,0.011,0.0268,0.015,0.0339,0.02,0.0278,72.0,0.0887,0.54,0.068,0.13,0.011,0.011,0.33,0.35,0.008,0.008922,0.003076,0.001506,0.00071655,0.008974,0.001429,0.002256,0.655553,-0.07937,-1.073,0.09684,-0.03062,0.002033,-0.0085585,0.00425,0.008745,0.1341,3.9,11
2450,1,0,0,0.405,0.07,0.5656,0.045,74.0000202554444,0.04,0.0286,0.045,0.0365,0.02335,0.013,0.0318,0.015,0.0499,0.049,0.034,73.0,0.145,0.515,0.068,0.13,0.0,0.0,0.33,0.35,0.009,0.009073,0.007211,0.001807,0.001763,0.001872,0.00131,0.001365,0.653639,0.02109,-0.04084,0.02523,-0.02191,0.0009294,-0.0078435,0.002621428571428566,0.2766,0.773,5.34,11
2451,1,0,0,0.453,0.023,0.52,0.045,71.39999507692023,0.04,0.0286,0.038,0.035,0.02335,0.013,0.0318,0.015,0.0396,0.2624,0.0212,72.0,0.1236,0.463,0.068,0.135,0.0,0.018,0.33,0.35,0.009,0.001793,0.001862,0.001103,0.004164,0.00058815,0.004506,0.001366,0.633501,-0.008176,0.02049,-0.008579,0.009565,0.001251,-0.0095035,0.003807142857142848,0.7238,0.6783,3.65,11
2453,1,0,0,0.405,0.07,0.5656,0.045,74.0000202554444,0.04,0.0286,0.036,0.0365,0.02335,0.013,0.0286,0.015,0.042,0.0208,0.0355,73.0,0.1603,0.5908,0.068,0.13,0.0,0.0,0.33,0.35,0.009,0.003476,0.002186,0.000797,0.002504,0.006176,0.00080139,0.002955,0.662433,0.0171,-0.03603,0.02059,-0.02016,0.000941,-0.0074065,0.002735714285714283,0.3197,0.8661,5.02,11
2454,1,0,0,0.405,0.07,0.5577,0.135,74.0000202554444,0.04,0.0286,0.045,0.0365,0.02335,0.015,0.0318,0.015,0.0516,0.1227,0.0368,73.0,0.135,0.6427,0.068,0.13,0.0,0.0,0.33,0.35,0.009,0.002415,0.002468,0.001908,0.00368,0.003003,0.00053441,0.006577,0.657686,0.01009,-0.02011,0.01216,-0.01052,0.0006887,-0.003696,0.0018571428571428556,0.4694,1.324,6.88,11
2455,1,0,0,0.405,0.07,0.5577,0.189,74.0000202554444,0.04,0.0286,0.045,0.0365,0.02335,0.013,0.0318,0.015,0.0516,0.1227,0.0368,73.0,0.135,0.6427,0.068,0.13,0.0,0.0,0.33,0.35,0.009,0.000517,0.00081,0.005084,0.001996,0.00081678,0.00114,0.002208,0.657686,0.01376,-0.02744,0.01671,-0.01437,0.001534,-0.005122,0.003514285714285716,0.4329,1.205,4.35,11
2456,1,0,0,0.41,0.06,0.5577,0.02,74.0000202554444,0.04,0.0286,0.05,0.04075,0.027,0.013,0.035,0.015,0.04,0.028,0.023,73.0,0.1175,0.568,0.068,0.13,0.0,0.0,0.33,0.35,0.009,0.002238,0.000596,0.00123,0.002828,0.001005,0.005782,0.001078,0.659572,0.02238,-0.04247,0.02621,-0.02231,0.001505,-0.008678,0.003714285714285711,0.2735,0.7777,3.09,11
2457,1,0,0,0.37,0.05,0.5656,0.045,74.0000202554444,0.04,0.0286,0.0318,0.0365,0.01735,0.0105,0.0286,0.015,0.035,0.0439,0.0261,73.0,0.0842,0.4939,0.068,0.13,0.011,0.0,0.33,0.35,0.009,0.009826,0.008148,0.001659,0.002413,0.00068178,0.004539,0.002876,0.564536,-0.003454,0.004796,-0.003913,0.001939,0.001088,-0.0010054,0.0026371428571428574,0.9902,1.574,3.74,11
2459,1,0,0,0.3429,-0.03,0.5656,0.029,69.99997270451806,0.04,0.0286,0.045,0.0365,0.01985,0.015,0.0318,0.015,0.0341,0.0246,0.0237,75.5,0.0788,0.2246,0.068,0.135,0.0,0.0,0.33,0.35,0.0112,0.001033,0.006117,0.000536,0.001649,0.005837,0.001134,0.008101,0.511229,-0.002491,0.003468,-0.002809,0.001407,0.000684,-0.0007136499999999999,0.0019207142857142854,1.153,1.777,5.84,11
2460,1,0,0,0.445,0.06,0.5656,0.275,74.0000202554444,0.04,0.0286,0.045,0.0365,0.02335,0.013,0.0318,0.015,0.0464,0.2158,0.0326,70.0,0.0998,0.6458,0.073,0.13,0.0,0.0,0.33,0.35,0.009,0.000745,0.00112,0.002925,0.00053676,0.002625,0.009452,0.008658,0.750152,0.01403,-0.03034,0.01677,-0.01619,0.001714,-0.005719999999999999,0.00445714285714286,0.4547,0.507,7.34,11
2462,1,0,0,0.45,0.075,0.5656,0.045,72.99997971982306,0.04,0.0286,0.045,0.0365,0.02335,0.013,0.0318,0.015,0.05,0.0489,0.0444,71.5,0.1492,0.53,0.068,0.13,0.0,0.0,0.33,0.3,0.009,0.004331,0.005736,0.004331,0.006299,0.008341,0.00062085,0.008639,0.676,0.008784,-0.01923,0.01061,-0.01013,0.0006133,-0.00353,0.0016428571428571408,0.4788,1.443,10.38,11
2463,1,0,0,0.405,0.07,0.5656,0.045,74.0000202554444,0.04,0.0286,0.045,0.0365,0.02335,0.013,0.0318,0.015,0.0499,0.049,0.034,73.0,0.145,0.515,0.068,0.13,0.0,0.0,0.33,0.35,0.009,0.001193,0.000814,0.008166,0.006782,0.005281,0.00052974,0.009705,0.653639,0.007257,-0.01432,0.008718,-0.007638,0.0008831,-0.0026875,0.0019500000000000014,0.6385,1.773,8.52,11
2464,0,0,1,0.439,0.07,0.61,0.045,71.99999647998123,0.04,0.0286,0.045,0.037,0.02335,0.013,0.0318,0.015,0.04,0.0521,0.03,74.0,0.11,0.419,0.068,0.135,0.0,0.0,0.33,0.35,0.009,0.001241,0.000781,0.002691,0.00074161,0.006782,0.00088004,0.00569,0.715921,0.02538,-0.04668,0.03049,-0.02392,0.003337,-0.008269,0.007771428571428567,0.7151,1.323,3.32,11
2465,0,0,1,0.4,0.078,0.5656,0.15,77.01314800425789,0.04,0.035,0.044,0.045,0.02335,0.0215,0.035,0.015,0.0498,0.03,0.0435,74.0,0.1286,0.605,0.068,0.12,0.016,0.0,0.33,0.35,0.009,0.004923,0.000855,0.003616,0.003568,0.002981,0.00099801,0.002148,0.69694,0.01743,-0.03617,0.0213,-0.01977,0.002019,-0.0072045,0.004278571428571432,1.018,2.855,3.77,11
2466,0,0,1,0.4,0.009,0.5656,0.06,71.99999647998123,0.04,0.0385,0.05,0.0455,0.031,0.0165,0.0318,0.015,0.045,0.06,0.03,69.0,0.12,0.305,0.073,0.13,0.0,0.0,0.33,0.3,0.009,0.008311,0.003553,0.005998,0.001219,0.001125,0.0034,0.00091148,0.661111,-0.004116,0.006982,-0.004185,0.003831,0.0008881,-0.0045685,0.003164285714285713,3.069,2.099,4.09,11
2468,1,0,0,0.445,0.052,0.626,0.045,72.99997971982306,0.04,0.0286,0.044,0.0365,0.02335,0.013,0.0318,0.015,0.044,0.0432,0.0238,71.0,0.0999,0.418,0.068,0.135,0.0,0.0,0.33,0.35,0.009,0.001141,0.001141,0.002197,0.009826,0.001583,0.00063556,0.006678,0.686869,-0.003678,0.006143,-0.004164,0.002908,0.001066,-0.0024205,0.002035714285714286,1.127,1.546,5.86,11
2469,0,0,1,0.38,0.013,0.5656,0.06,71.00001324013941,0.04,0.043,0.05,0.0475,0.031,0.0165,0.0318,0.015,0.045,0.06,0.03,68.0,0.12,0.3,0.073,0.135,0.0,0.0,0.33,0.3,0.009,0.000648,0.004386,0.00082,0.004023,0.005657,0.008083,0.00093307,0.643553,-0.006653,0.01085,-0.006742,0.005852,0.0006719,-0.006711,0.0025999999999999977,2.317,1.335,2.82,11
2470,1,0,0,0.405,0.07,0.5656,0.045,69.99997270451806,0.04,0.0286,0.045,0.0365,0.02335,0.013,0.0318,0.015,0.0461,0.0493,0.028,70.0,0.127,0.457,0.068,0.13,0.0,0.0,0.33,0.35,0.009,0.002632,0.005928,0.000723,0.002742,0.001306,0.00065875,0.00634,0.622201,0.009488,-0.01652,0.01134,-0.008067,0.0005937,-0.0027395,0.001635714285714286,0.4823,1.414,6.34,11
2471,1,0,0,0.427,0.07,0.5656,0.045,69.99997270451806,0.04,0.0286,0.0381,0.0365,0.0254,0.0254,0.0381,0.015,0.048,0.0522,0.0359,70.0,0.127,0.457,0.068,0.13,0.0,0.0,0.33,0.35,0.009,0.006591,0.000604,0.001119,0.007995,0.002402,0.001711,0.001163,0.61432,0.02174,-0.03775,0.02542,-0.0179,0.001582,-0.0057599999999999995,0.0032428571428571454,0.2599,0.7982,5.22,11
2473,0,0,1,0.4,0.068,0.5656,0.04,73.49999998763374,0.04,0.0286,0.045,0.0365,0.02335,0.012,0.0318,0.015,0.0414,0.0134,0.0297,74.1,0.148,0.5,0.068,0.13,0.0,0.0,0.33,0.35,0.0112,0.001561,0.003202,0.009508,0.00070873,0.004753,0.004106,0.001223,0.639816,0.02747,-0.05224,0.0329,-0.02861,0.002392,-0.010412999999999999,0.0071,0.6552,1.565,3.29,11
2474,0,0,1,0.3905,0.007,0.5656,0.06,72.50001674779189,0.04,0.0385,0.05,0.0455,0.031,0.0165,0.0318,0.015,0.045,0.06,0.03,68.5,0.11,0.315,0.073,0.13,0.0,0.0,0.33,0.3,0.009,0.002459,0.004805,0.004763,0.00154,0.005125,0.00068478,0.002106,0.635457,-0.003336,0.005317,-0.003388,0.002781,0.0006243,-0.0027975,0.00215,3.768,3.872,4.31,11
2475,0,0,1,0.405,0.07,0.5656,0.19,78.00001051059121,0.034,0.03055,0.021,0.0365,0.0285,0.0165,0.0318,0.015,0.0482,0.0099,0.0141,70.0,0.08009,0.4799,0.068,0.13,0.0,0.0,0.33,0.35,0.009,0.003976,0.003351,0.000627,0.002865,0.00061949,0.001145,0.002465,0.62855,0.03278,-0.05554,0.03939,-0.02213,0.00121,-0.006818,0.003271428571428572,0.3305,1.47,2.71,11
2476,0,0,1,0.3905,0.007,0.5656,0.06,72.50001674779189,0.04,0.0385,0.05,0.0455,0.031,0.0165,0.0318,0.015,0.045,0.06,0.03,68.5,0.11,0.315,0.073,0.13,0.0,0.0,0.33,0.3,0.009,0.006841,0.000533,0.002617,0.003723,0.006131,0.0036,0.001263,0.635457,-0.005015,0.007991,-0.005095,0.004121,0.001557,-0.0041355,0.004849999999999999,2.533,3.279,2.94,11
2477,0,0,1,0.408,0.011537,0.5656,0.045,69.57741633060908,0.04,0.0337,0.045,0.0485,0.0245,0.019,0.0318,0.015,0.0457,0.0402,0.0271,69.5774,0.093,0.3752,0.068,0.13,0.0,0.0,0.33,0.3,0.009,0.006011,0.003121,0.008741,0.001476,0.002357,0.00086157,0.006836,0.629818,-0.002108,0.003553,-0.002253,0.001711,0.0007768,-0.0013775,0.0016642857142857152,2.065,3.699,5.87,11
2479,0,0,1,0.397,0.067,0.5672,0.045,74.0000202554444,0.04,0.0286,0.045,0.0365,0.02835,0.01525,0.0318,0.015,0.0499,0.168,0.04,73.0,0.13,0.643,0.068,0.13,0.0,0.0,0.33,0.35,0.009,0.004379,0.003913,0.002545,0.003828,0.002002,0.00067041,0.00078515,0.644785,0.04633,-0.08721,0.055,-0.04348,0.001355,-0.014804999999999999,0.003928571428571429,0.4844,1.431,3.39,11
2480,0,0,1,0.405,-0.067,0.5656,0.045,75.00000349528622,0.04,0.0286,0.045,0.0365,0.02335,0.013,0.0318,0.015,0.0268,0.0491,0.0242,71.0,0.2502,0.4791,0.068,0.13,0.0,0.0,0.33,0.35,0.009,0.0036,0.002929,0.000581,0.00876,0.00064539,0.002738,0.006942,0.605511,-0.002838,0.005831,-0.002519,0.003715,0.0007246,-0.0069955,0.0033928571428571406,2.931,2.7,3.57,11
2481,0,0,1,0.395,0.066,0.5656,0.225,75.50002376309689,0.04,0.06175,0.045,0.0365,0.02835,0.013,0.0318,0.015,0.0194,0.1786,0.074,73.0,0.1353,0.6446,0.068,0.13,0.016,0.0,0.33,0.35,0.009,0.003704,0.005595,0.000707,0.001751,0.001686,0.002888,0.004103,0.642553,0.01417,-0.02897,0.01702,-0.01554,0.0008526,-0.0055955,0.0026785714285714308,0.5501,1.564,4.11,11
2483,1,0,0,0.389,0.057,0.5656,0.045,75.00000349528622,0.04,0.0286,0.045,0.039,0.02335,0.013,0.0318,0.015,0.0536,0.049,0.0286,75.0,0.145,0.52,0.068,0.12,0.0,0.0,0.33,0.35,0.009,0.001235,0.003112,0.001,0.001242,0.005686,0.00071655,0.007019,0.648996,0.008561,-0.01585,0.01009,-0.00842,0.0006707,-0.0030275,0.0016214285714285727,0.4992,1.19,6.65,11
2484,1,0,0,0.389,0.057,0.5656,0.045,75.00000349528622,0.04,0.0286,0.045,0.039,0.02335,0.013,0.0318,0.015,0.0536,0.049,0.0286,75.0,0.145,0.5,0.068,0.12,0.0,0.0,0.33,0.35,0.009,0.004883,0.007529,0.005363,0.00074651,0.005855,0.001388,0.002217,0.648996,0.01152,-0.0211,0.01358,-0.01136,0.0008069,-0.004096,0.002257142857142859,0.4208,1.152,7.3,11
2485,0,0,1,0.4,0.078,0.5656,0.15,77.01314800425789,0.04,0.035,0.044,0.045,0.02335,0.0215,0.036,0.015,0.0498,0.03,0.0435,74.0,0.1286,0.605,0.068,0.12,0.016,0.0,0.33,0.35,0.009,0.008036,0.000905,0.006239,0.009302,0.00063509,0.003918,0.001063,0.69694,0.01918,-0.03939,0.02295,-0.02203,0.002372,-0.0079345,0.005435714285714282,0.916,2.708,4.23,11
2486,0,0,1,0.3905,0.007,0.5656,0.06,72.50001674779189,0.04,0.0385,0.05,0.0455,0.031,0.0165,0.0318,0.015,0.045,0.06,0.03,68.5,0.11,0.315,0.073,0.13,0.0,0.0,0.33,0.3,0.009,0.005277,0.001879,0.001398,0.001187,0.001487,0.002965,0.00065538,0.635457,-0.008702,0.0134,-0.008692,0.007066,0.001245,-0.007948,0.004071428571428578,2.185,1.453,2.35,11
2487,1,0,0,0.38,0.015,0.5656,0.035,71.99999647998123,0.04,0.0302,0.045,0.045,0.0275,0.019,0.0318,0.015,0.0449,0.0357,0.0298,69.0,0.11,0.3,0.068,0.135,0.0,0.0,0.33,0.3,0.009,0.006986,0.008436,0.002275,0.001671,0.007068,0.004117,0.009183,0.615231,-0.001241,0.00195,-0.00129,0.0009987,0.0002596,-0.00091915,0.0007192857142857143,1.774,2.663,11.07,11
2488,0,0,1,0.381,-0.012,0.5656,0.06,67.00002298499258,0.04,0.0302,0.045,0.045,0.0325,0.024,0.0318,0.015,0.0446,0.0443,0.0353,69.0,0.115,0.312,0.068,0.135,0.0,0.0,0.33,0.31099,0.009,0.003898,0.006524,0.001298,0.001268,0.009712,0.0008126,0.002197,0.584001,-0.005725,0.007642,-0.005501,0.003706,0.0004841,-0.0028865,0.0016071428571428565,2.322,2.687,4.42,11
2490,1,0,0,0.39989,0.067,0.5656,0.038,75.50002376309689,0.04,0.0286,0.045,0.0365,0.02335,0.013,0.0318,0.015,0.0676,0.0455,0.0443,76.5,0.1161,0.6155,0.068,0.12,0.0,0.0,0.33,0.35,0.009,0.001607,0.000516,0.001806,0.003076,0.00077318,0.002768,0.007227,0.667922,0.01062,-0.01928,0.01276,-0.009383,0.00123,-0.003168,0.0023142857142857145,0.4507,1.305,5.55,11
2492,0,0,1,0.42,0.07,0.5672,0.045,72.99997971982306,0.04,0.0286,0.045,0.038,0.032,0.025,0.032,0.016,0.0446,0.0466,0.0336,73.0,0.1355,0.5966,0.068,0.13,0.0,0.0,0.33,0.35,0.009,0.0032,0.002033,0.00059,0.001255,0.006002,0.00464,0.004275,0.673681,0.02712,-0.05528,0.03253,-0.02933,0.001083,-0.011565,0.00307142857142857,0.6596,1.698,4.11,11
2496,1,0,0,0.4695,0.035,0.5656,0.007,66.50000271718191,0.0348,0.0286,0.0318,0.0365,0.0201,0.0141,0.0286,0.0111,0.0309,0.0165,0.0308,65.5,0.1239,0.525,0.068,0.135,0.018,0.022,0.33,0.356,0.005,0.004756,0.000969,0.001547,0.006917,0.005223,0.009377,0.002121,0.58776,-0.009588,0.1098,-0.01723,0.01362,0.001639,-0.0055445,0.004564285714285719,0.1544,0.8259,4.58,11
2498,1,0,0,0.445,0.075,0.5656,0.065,72.99997971982306,0.0348,0.0286,0.0318,0.0365,0.02,0.0131,0.0286,0.015,0.0391,0.0406,0.0361,72.0,0.1159,0.5606,0.068,0.13,0.016,0.018,0.33,0.354,0.009,0.000888,0.003758,0.001531,0.00050663,0.00081618,0.002957,0.005308,0.654227,-0.1504,-1.317,0.08663,-0.01871,0.001453,-0.005275,0.002499999999999997,0.005147,0.1212,4.89,11
2499,1,0,0,0.44,0.075,0.5656,0.065,71.99999647998123,0.0348,0.0286,0.0318,0.0365,0.02,0.0131,0.0286,0.015,0.0376,0.0202,0.0296,70.0,0.0955,0.5202,0.068,0.13,0.018,0.018,0.33,0.355,0.009,0.003532,0.002891,0.008889,0.00090882,0.001663,0.009342,0.002151,0.622259,-0.02061,-0.4495,0.05673,-0.02459,0.001625,-0.0063685,0.004164285714285715,0.01229,0.2167,5.55,11
2500,1,0,0,0.439,0.054,0.617,0.045,74.0000202554444,0.04,0.0286,0.055,0.0365,0.02335,0.013,0.0318,0.015,0.0427,0.0482,0.0349,71.0,0.11,0.439,0.073,0.135,0.0,0.0,0.33,0.35,0.009,0.001901,0.004919,0.001586,0.007742,0.003608,0.00435,0.003285,0.675823,0.01441,-0.02271,0.01622,-0.01065,0.0008094,-0.0034145,0.00215,0.4123,1.266,5.98,11
2502,0,0,1,0.39,0.058,0.5656,0.05,75.99998673512805,0.04,0.0286,0.04,0.0365,0.02335,0.013,0.0349,0.015,0.05,0.047,0.038,73.5,0.1128,0.577,0.068,0.12,0.016,0.0,0.33,0.3,0.009,0.002468,0.009411,0.001468,0.002369,0.003994,0.00083734,0.001802,0.639171,0.03706,-0.06236,0.04308,-0.03043,0.001505,-0.0102795,0.004149999999999999,0.5737,1.696,3.27,11
2503,1,0,0,0.465,0.05,0.5736,0.04,71.99999647998123,0.04,0.0286,0.04,0.0365,0.018,0.013,0.0286,0.007,0.0491,0.0331,0.0283,72.5,0.1531,0.53,0.068,0.135,0.0,0.0,0.33,0.35,0.009,0.000834,0.002103,0.007355,0.002801,0.001235,0.001734,0.006581,0.666165,-0.002417,0.006047,-0.002958,0.003204,0.001368,-0.0038135,0.0026642857142857145,1.419,1.521,7.07,11
2504,1,0,0,0.405,0.07,0.5656,0.045,74.0000202554444,0.04,0.0286,0.045,0.0365,0.02335,0.013,0.0318,0.015,0.0499,0.049,0.034,73.0,0.145,0.515,0.068,0.13,0.0,0.0,0.33,0.35,0.009,0.000902,0.000972,0.004623,0.005632,0.00072339,0.001247,0.00906,0.653639,0.007632,-0.01506,0.009191,-0.008004,0.0008381,-0.002826,0.0019571428571428565,0.5267,1.615,6.9,11
2505,0,0,1,0.406,0.072,0.525,0.045,74.0000202554444,0.04,0.0286,0.045,0.0365,0.02335,0.014,0.0318,0.015,0.0574,0.0281,0.0316,72.0,0.1039,0.4981,0.068,0.13,0.0,0.0,0.33,0.35,0.009,0.005707,0.009876,0.009648,0.001109,0.001212,0.001559,0.001301,0.647272,0.02871,-0.05675,0.03499,-0.02865,0.001922,-0.0099305,0.0052785714285714285,0.7579,2.101,4.15,11
2506,0,0,1,0.405,0.07,0.5656,0.045,72.99997971982306,0.04,0.034,0.05,0.049,0.0325,0.013,0.04,0.015,0.0502,0.045,0.0337,73.5,0.145,0.511,0.068,0.13,0.0,0.0,0.33,0.35,0.009,0.008124,0.000626,0.001654,0.005117,0.008172,0.00061543,0.003602,0.64121,0.01008,-0.01946,0.0121,-0.01009,0.0009711,-0.0035285000000000004,0.0022642857142857143,1.222,3.444,3.88,11
2507,1,0,0,0.3429,-0.03,0.5656,0.029,69.99997270451806,0.04,0.0286,0.045,0.0365,0.01985,0.015,0.0318,0.015,0.0341,0.0246,0.0237,75.5,0.0788,0.2246,0.068,0.135,0.0,0.0,0.33,0.35,0.0112,0.001777,0.002977,0.000822,0.003035,0.003303,0.002608,0.00060097,0.511229,0.03749,-0.07045,0.04449,-0.03729,0.001855,-0.013185,0.004785714285714288,0.1743,0.4963,3.27,11
2508,0,0,1,0.375,0.054,0.5656,0.16,75.00000349528622,0.04,0.0375,0.05,0.0365,0.03,0.0135,0.036,0.015,0.075,0.125,0.035,73.5,0.165,0.56,0.068,0.13,0.0,0.0,0.33,0.35,0.009,0.003873,0.006586,0.004873,0.003047,0.008595,0.002981,0.0006034,0.638264,0.01817,-0.03109,0.02068,-0.01687,0.0008912,-0.006084,0.002699999999999999,0.945,2.664,4.74,11
2509,0,0,1,0.405,0.07,0.5656,0.066,78.00001051059121,0.088,0.0371,0.045,0.0365,0.02335,0.013,0.0318,0.015,0.0523,0.0509,0.0366,77.0,0.145,0.5169,0.068,0.12,0.0,0.0,0.33,0.3,0.009,0.00104,0.001398,0.000858,0.00816,0.004127,0.001509,0.006216,0.677453,0.01969,-0.04022,0.02488,-0.02082,0.001632,-0.0074425,0.004049999999999998,0.806,2.194,3.59,11
2510,1,0,0,0.39,0.035,0.5185,0.12,71.00001324013941,0.04,0.0286,0.036,0.0365,0.02335,0.013,0.0318,0.015,0.0454,0.0522,0.0363,72.0,0.135,0.5322,0.068,0.13,0.0,0.0,0.33,0.35,0.009,0.00541,0.000872,0.006081,0.0005209,0.00073998,0.00085155,0.00082217,0.62928,-0.004656,0.0105,-0.005201,0.006016,0.002164,-0.007383000000000001,0.00664285714285715,0.8355,0.7813,4.36,11
2511,0,0,1,0.38,0.05,0.5656,0.27,74.0000202554444,0.04,0.0277,0.045,0.0365,0.02335,0.021,0.0318,0.015,0.0366,0.125,0.0322,73.0,0.13,0.705,0.068,0.12,0.0,0.0,0.33,0.35,0.009,0.001797,0.004047,0.001395,0.00208,0.00284,0.00087618,0.004753,0.612179,-0.005843,0.01184,-0.006541,0.005958,0.001174,-0.0058969999999999995,0.0034142857142857148,1.958,2.518,3.45,11
2512,0,0,1,0.3905,0.007,0.5656,0.06,72.50001674779189,0.04,0.0385,0.05,0.0455,0.031,0.0165,0.0318,0.015,0.018,0.06,0.03,71.5,0.11,0.49,0.073,0.13,0.0,0.0,0.33,0.3,0.009,0.000598,0.004341,0.001241,0.003734,0.001582,0.001133,0.004035,0.644175,-0.003347,0.006087,-0.003361,0.003304,0.0004765,-0.0037305000000000003,0.0018071428571428583,4.371,3.508,3.76,11
2513,1,0,0,0.383,0.06,0.5656,0.195,74.49998322747555,0.04,0.0297,0.043,0.0365,0.0315,0.014,0.04,0.015,0.065,0.165,0.035,73.0,0.145,0.645,0.068,0.13,0.0,0.0,0.33,0.35,0.009,0.007382,0.002726,0.000907,0.007736,0.00089431,0.00072023,0.005174,0.626799,0.009733,-0.01685,0.01127,-0.008452,0.000342,-0.0031625,0.0011214285714285714,0.4436,1.29,7.04,11
2514,0,0,1,0.405,0.07,0.533,0.045,75.09998463053655,0.04,0.0286,0.045,0.0365,0.02335,0.013,0.0318,0.015,0.0474,0.0489,0.0297,73.0,0.1107,0.4989,0.068,0.13,0.0,0.0,0.33,0.35,0.009,0.001703,0.000645,0.006317,0.002042,0.005458,0.001124,0.00417,0.643507,0.01848,-0.03713,0.02263,-0.01895,0.002532,-0.0066085,0.005478571428571431,0.9436,2.63,3.28,11
2515,0,0,1,0.38,0.05,0.5656,0.27,74.0000202554444,0.04,0.0277,0.045,0.0365,0.02335,0.021,0.0318,0.015,0.0366,0.125,0.0322,73.0,0.13,0.705,0.068,0.12,0.0,0.018,0.33,0.35,0.009,0.001385,0.001133,0.001648,0.001096,0.002005,0.003663,0.00058003,0.612179,-0.01748,0.0315,-0.01904,0.01704,0.003491,-0.017655,0.009499999999999984,1.231,1.2,1.77,11
2516,0,0,1,0.38,0.05,0.5656,0.27,74.0000202554444,0.04,0.0277,0.045,0.0365,0.02335,0.021,0.0318,0.015,0.0366,0.125,0.0322,73.0,0.13,0.705,0.068,0.12,0.0,0.018,0.33,0.35,0.009,0.001021,0.00206,0.002109,0.001231,0.002793,0.003613,0.005132,0.612179,-0.005348,0.01095,-0.005974,0.005489,0.001393,-0.0054824999999999995,0.0040785714285714245,1.806,2.558,3.11,11
2517,1,0,0,0.405,0.037,0.5656,0.045,74.0000202554444,0.04,0.0286,0.045,0.0365,0.02335,0.013,0.0318,0.015,0.0354,0.0447,0.0293,73.0,0.1,0.6197,0.068,0.13,0.0,0.0,0.33,0.3,0.009,0.003336,0.001028,0.003188,0.003839,0.007148,0.006396,0.008421,0.613328,-0.002536,0.004428,-0.002794,0.00215,0.0008162,-0.001729,0.001814285714285715,1.289,1.385,7.16,11
2519,0,0,1,0.401,0.06,0.5656,0.045,74.0000202554444,0.04,0.03625,0.05,0.042,0.02335,0.013,0.0318,0.015,0.0497,0.02,0.0336,71.3,0.128,0.53,0.068,0.13,0.016,0.018,0.33,0.35,0.009,0.000909,0.005095,0.003473,0.00090948,0.009985,0.0015,0.00069284,0.631867,0.02088,-0.03599,0.02455,-0.01795,0.001938,-0.006219,0.005514285714285715,0.9321,1.972,3.34,11
2520,0,0,1,0.4,0.03,0.5656,0.045,71.49997621217057,0.04,0.0385,0.045,0.0455,0.031,0.019,0.0318,0.015,0.035,0.06,0.0226,67.0,0.1,0.3,0.073,0.13,0.0,0.0,0.33,0.3,0.009,0.004579,0.00122,0.003709,0.00103,0.006856,0.001257,0.002752,0.647981,-0.00328,0.005786,-0.00354,0.003069,0.001059,-0.003605,0.0034999999999999996,3.094,2.471,3.81,11
2521,0,0,1,0.405,0.072,0.519,0.045,74.49998322747555,0.04,0.0286,0.045,0.0365,0.02335,0.0125,0.0318,0.015,0.0414,0.0429,0.0273,72.0,0.0975,0.5229,0.068,0.13,0.0,0.0,0.33,0.35,0.009,0.001196,0.001739,0.005872,0.003049,0.00094612,0.00247,0.001298,0.639031,0.0285,-0.05812,0.03466,-0.02985,0.002416,-0.0103735,0.006664285714285725,0.7178,2.07,2.43,11
2522,0,0,1,0.405,0.07,0.5656,0.075,75.00000349528622,0.04,0.0286,0.045,0.0365,0.02335,0.013,0.0318,0.015,0.0554,0.0474,0.0389,74.0,0.1006,0.5134,0.068,0.12,0.0,0.0,0.33,0.35,0.009,0.003544,0.005667,0.001528,0.00097528,0.00055128,0.00067905,0.003203,0.666241,0.03042,-0.05405,0.03653,-0.02618,0.001743,-0.008881,0.004371428571428582,0.6815,2.013,3.09,11
2523,1,0,0,0.45,0.07,0.5656,0.085,74.0000202554444,0.04,0.0286,0.045,0.0365,0.01935,0.011,0.0318,0.015,0.0493,0.0733,0.0356,73.0,0.1294,0.5733,0.068,0.13,0.0,0.0,0.33,0.35,0.009,0.002579,0.006529,0.001695,0.006276,0.002271,0.008274,0.001265,0.687863,0.02623,-0.05484,0.03103,-0.02876,0.001571,-0.009958,0.0038857142857142805,0.2513,0.7194,4.9,11
2525,1,0,0,0.41,0.07,0.5656,0.045,75.00000349528622,0.04,0.0286,0.045,0.0365,0.02335,0.013,0.0318,0.015,0.0479,0.0467,0.0397,72.0,0.095,0.555,0.068,0.13,0.0,0.0,0.33,0.35,0.009,0.007393,0.00172,0.004424,0.004851,0.006821,0.004609,0.001125,0.663461,0.01843,-0.03273,0.02183,-0.01594,0.001387,-0.0053055,0.003407142857142857,0.3741,1.126,5.22,11
2526,1,0,0,0.44,0.07,0.5656,0.045,74.0000202554444,0.04,0.0286,0.045,0.0365,0.02335,0.013,0.0318,0.015,0.0473,0.047,0.0395,70.0,0.1457,0.577,0.068,0.13,0.0,0.0,0.33,0.35,0.009,0.001566,0.001327,0.000572,0.001239,0.002348,0.001826,0.00073728,0.644906,0.04246,-0.08586,0.05116,-0.04326,0.002286,-0.014905,0.0053571428571428615,0.1674,0.4887,2.73,11
2527,1,0,0,0.405,0.055,0.5656,0.045,72.99997971982306,0.04,0.0286,0.04,0.0365,0.02335,0.013,0.0318,0.015,0.0466,0.0478,0.0397,73.0,0.1879,0.626,0.068,0.12,0.0,0.018,0.33,0.375,0.009,0.003568,0.003302,0.002621,0.001209,0.005446,0.002386,0.002795,0.64718,0.01393,-0.02986,0.01641,-0.01685,0.0008329,-0.0062325,0.0024214285714285705,0.3326,0.8891,6.24,11
2528,1,0,0,0.412,0.078,0.5656,0.045,72.99997971982306,0.04,0.0286,0.045,0.0365,0.02335,0.015,0.0272,0.015,0.0412,0.0376,0.0482,73.0,0.1493,0.59,0.068,0.13,0.0,0.0,0.33,0.35,0.009,0.002706,0.002564,0.007977,0.001962,0.001154,0.005129,0.005159,0.661051,0.009128,-0.01948,0.01128,-0.01051,0.0008262,-0.0037875,0.002164285714285713,0.5417,1.367,7.61,11
2529,1,0,0,0.425,0.027,0.586,0.06,72.99997971982306,0.04,0.0286,0.046,0.0365,0.02335,0.013,0.0286,0.015,0.0522,0.0568,0.0263,68.5,0.1132,0.43,0.068,0.135,0.0,0.0,0.33,0.35,0.009,0.005855,0.003887,0.00304,0.002785,0.007798,0.003167,0.002851,0.676417,-0.004773,0.008077,-0.004976,0.004303,0.00087,-0.0042025,0.0022785714285714336,1.201,1.263,6.44,11
2530,1,0,0,0.405,0.07,0.5656,0.045,74.0000202554444,0.04,0.0286,0.036,0.0365,0.02335,0.013,0.0286,0.015,0.042,0.0214,0.0342,73.0,0.1694,0.5714,0.068,0.13,0.0,0.0,0.33,0.35,0.009,0.00118,0.008402,0.006253,0.005308,0.006649,0.0006631,0.002931,0.662565,0.01102,-0.0235,0.01312,-0.01353,0.0006291,-0.0050005,0.002121428571428568,0.4601,1.235,7.93,11
2531,1,0,0,0.379,0.035,0.5656,0.045,71.49997621217057,0.04,0.0286,0.0418,0.03725,0.02335,0.013,0.0318,0.015,0.0462,0.0428,0.0251,67.0,0.1234,0.3538,0.068,0.135,0.016,0.0,0.33,0.35,0.009,0.003496,0.003637,0.009356,0.00051296,0.00072128,0.00218,0.00053207,0.633327,-0.004685,0.007758,-0.005044,0.004277,0.00117,-0.0047425,0.005192857142857144,0.8256,0.9444,5.14,11
2532,0,0,1,0.403,0.07,0.5656,0.06,75.66698366459802,0.04,0.0293,0.045,0.0365,0.02335,0.013,0.0318,0.015,0.0564,0.0427,0.0444,76.0,0.145,0.63,0.068,0.12,0.0,0.0,0.33,0.35,0.009,0.003126,0.000709,0.008703,0.002149,0.00051409,0.001952,0.001637,0.662119,0.02688,-0.05308,0.03239,-0.02814,0.003433,-0.0100125,0.007821428571428575,0.7987,2.235,3.05,11
2533,1,0,0,0.435,0.07,0.5656,0.04835,71.08171702172505,0.04031,0.0286,0.03412,0.0365,0.01995,0.011925,0.02912,0.02,0.03677,0.04032,0.03121,73.0,0.1314,0.564,0.06823,0.1329,0.0,0.0,0.33,0.35,0.00572,0.009655,0.000974,0.00446,0.00058215,0.005906,0.00764,0.00054268,0.667398,0.02654,-0.05517,0.0324,-0.02916,0.004185,-0.010308999999999999,0.00972857142857143,0.2715,0.4513,3.9,11
2534,1,0,0,0.435,0.07,0.5656,0.05,72.99997971982306,0.04,0.027,0.032,0.0365,0.02335,0.013,0.0286,0.015,0.0414,0.03,0.033,73.0,0.1642,0.61,0.068,0.12,0.0,0.0,0.33,0.3,0.009,0.000634,0.000612,0.00497,0.001228,0.002256,0.004097,0.001915,0.661305,0.0171,-0.03766,0.0208,-0.02059,0.002224,-0.0074915,0.004649999999999997,0.3237,0.8751,4.12,11
2535,1,0,0,0.405,0.07,0.5656,0.045,74.0000202554444,0.04,0.0286,0.036,0.0365,0.02335,0.013,0.0286,0.015,0.042,0.0214,0.0342,73.0,0.1694,0.5714,0.068,0.13,0.0,0.0,0.33,0.35,0.009,0.001019,0.002474,0.002354,0.00084041,0.003859,0.008652,0.005949,0.662565,0.01046,-0.02269,0.01278,-0.01291,0.0009778,-0.004819,0.0023428571428571374,0.4325,0.9815,6.12,11
2536,1,0,0,0.405,0.07,0.5656,0.045,72.99997971982306,0.04,0.0286,0.045,0.0365,0.02335,0.0118,0.0318,0.015,0.0498,0.0488,0.034,73.0,0.1398,0.5148,0.068,0.13,0.016,0.0,0.35,0.35,0.009,0.004809,0.001159,0.001322,0.002891,0.001254,0.008396,0.003856,0.633806,0.01188,-0.02204,0.01428,-0.01122,0.001021,-0.003889,0.0025,0.4135,1.192,4.7,11
2537,1,0,0,0.405,0.07,0.5656,0.045,72.99997971982306,0.04,0.0286,0.045,0.0365,0.02335,0.0118,0.0318,0.015,0.0508,0.0494,0.0329,73.0,0.1375,0.4894,0.068,0.13,0.016,0.0,0.33,0.35,0.009,0.000673,0.000507,0.001686,0.00067682,0.003792,0.003576,0.002431,0.644727,0.01586,-0.03003,0.01929,-0.01547,0.002094,-0.00537,0.005385714285714288,0.3586,0.7124,3.54,11
2538,1,0,0,0.405,0.07,0.5656,0.045,74.49998322747555,0.04,0.0286,0.045,0.0365,0.02335,0.013,0.0318,0.015,0.0508,0.0586,0.0229,74.5,0.145,0.26,0.068,0.13,0.0,0.0,0.33,0.35,0.009,0.00727,0.004395,0.008766,0.003112,0.00066407,0.001421,0.00437,0.662618,0.008298,-0.01499,0.009705,-0.00872,0.000638,-0.0032835,0.0019071428571428562,0.3714,0.9866,7.51,11
2540,1,0,0,0.42651,0.087,0.6841,0.045,75.00000349528622,0.04,0.0286,0.045,0.0365,0.02335,0.013,0.0318,0.015,0.0565,0.0468,0.0679,75.0,0.2415,0.6958,0.068,0.13,0.0,0.0,0.33,0.35,0.009,0.008489,0.004408,0.001729,0.001082,0.005073,0.003031,0.003329,0.716047,0.01741,-0.03464,0.02131,-0.01968,0.001065,-0.0073115,0.0023785714285714282,0.3072,0.7935,7.31,11
2541,0,0,1,0.426,0.054,0.5656,0.055,72.50001674779189,0.04,0.0292,0.06,0.0365,0.022,0.017,0.04,0.015,0.0684,0.0555,0.0278,69.5,0.1042,0.4405,0.068,0.135,0.0,0.0,0.33,0.35,0.008,0.00816,0.000797,0.000711,0.004653,0.001113,0.001819,0.001153,0.675104,0.06324,-0.1092,0.0722,-0.05218,0.00412,-0.017169999999999998,0.007999999999999995,0.4064,1.23,2.15,11
2542,0,0,1,0.41142,0.065,0.5656,0.09,71.40148476718757,0.046,0.0286,0.046,0.0365,0.03,0.0125,0.0318,0.015,0.0619,0.0525,0.0368,73.0,0.14,0.62,0.084,0.13,0.0,0.0,0.33,0.35,0.009,0.000773,0.002415,0.000545,0.003621,0.006742,0.00062313,0.003756,0.646562,0.02866,-0.05384,0.03415,-0.02642,0.001063,-0.009014,0.004085714285714283,0.5987,1.741,3.16,11
2543,0,0,1,0.41516,0.065,0.5656,0.07,71.40177124608513,0.046,0.0286,0.046,0.0365,0.03,0.0125,0.0318,0.015,0.0651,0.0355,0.0368,73.0,0.15,0.6129,0.084,0.13,0.0,0.0,0.33,0.35,0.009,0.00825,0.002874,0.006673,0.003087,0.002404,0.004341,0.009905,0.648261,0.01482,-0.02824,0.01767,-0.01415,0.0008483,-0.0049075,0.003078571428571428,1.08,3.077,5.55,11
2544,0,0,1,0.40146,0.047,0.5656,0.08,74.0000202554444,0.046,0.0286,0.06,0.0475,0.0285,0.0165,0.0318,0.015,0.0677,0.0459,0.0383,74.0,0.1478,0.59,0.08,0.13,0.0,0.0,0.33,0.35,0.009,0.006782,0.00197,0.001437,0.001086,0.002632,0.00777,0.001591,0.650086,-0.006812,0.01325,-0.007391,0.007361,0.001329,-0.0075075,0.004021428571428572,2.579,1.919,3.19,11
2545,0,0,1,0.405,0.07,0.5656,0.045,74.0000202554444,0.04,0.0286,0.045,0.0365,0.02335,0.013,0.0318,0.015,0.0499,0.049,0.034,73.0,0.145,0.515,0.068,0.13,0.0,0.0,0.33,0.35,0.009,0.004085,0.005162,0.000586,0.001003,0.00067385,0.005043,0.003348,0.653639,0.03141,-0.0615,0.03799,-0.03273,0.0017,-0.01174,0.004428571428571434,0.5796,1.617,2.96,11
2546,0,0,1,0.405,0.07,0.5656,0.045,72.99997971982306,0.04,0.0286,0.045,0.0365,0.02335,0.0118,0.0318,0.015,0.0498,0.0488,0.034,73.0,0.1398,0.5148,0.068,0.13,0.016,0.0,0.35,0.35,0.009,0.006006,0.000787,0.001058,0.0008865,0.002878,0.00050037,0.008446,0.633806,0.01778,-0.03335,0.02163,-0.01684,0.002292,-0.0057859999999999995,0.006085714285714281,0.9073,1.692,3.5,11
2547,0,0,1,0.39,0.058,0.5656,0.045,74.49998322747555,0.04,0.0286,0.045,0.0365,0.02335,0.013,0.0318,0.015,0.0488,0.0471,0.0373,74.5,0.1502,0.5871,0.068,0.12,0.0,0.0,0.33,0.35,0.009,0.000586,0.002744,0.002558,0.006678,0.00121,0.0005209,0.005474,0.666359,0.02002,-0.03975,0.02331,-0.022,0.001161,-0.007917,0.0037428571428571437,0.8671,2.367,3.36,11
2549,0,0,1,0.426,0.054,0.5656,0.055,72.50001674779189,0.04,0.0292,0.06,0.0365,0.022,0.017,0.04,0.015,0.0684,0.0555,0.0278,69.5,0.1042,0.4405,0.068,0.135,0.0,0.0,0.33,0.35,0.008,0.000606,0.001168,0.001283,0.003944,0.00096853,0.005347,0.007867,0.675104,0.02101,-0.0372,0.02436,-0.01737,0.002,-0.005712999999999999,0.003971428571428572,0.722,2.596,3.14,11
2550,1,0,0,0.4,0.025,0.5656,0.045,72.99997971982306,0.04,0.0286,0.044,0.0365,0.02335,0.013,0.0318,0.015,0.044,0.0502,0.0334,68.0,0.1233,0.4702,0.073,0.135,0.0,0.0,0.33,0.35,0.009,0.007759,0.00056,0.005615,0.002205,0.003631,0.007286,0.003156,0.653321,-0.003288,0.006318,-0.003613,0.003444,0.001412,-0.0036945,0.00329285714285714,1.356,1.34,5.59,11
2551,0,0,1,0.34177,0.035,0.4452,0.17,76.50000700293872,0.04,0.0286,0.045,0.0365,0.02335,0.013,0.0318,0.015,0.0401,0.145,0.0227,75.0,0.0898,0.49,0.068,0.13,0.016,0.018,0.33,0.35,0.009,0.005254,0.001021,0.002665,0.002728,0.00221,0.001485,0.001095,0.574975,-0.007741,0.01656,-0.008333,0.009569,0.001941,-0.011335000000000001,0.006928571428571431,1.45,1.674,2.15,11
2552,1,0,0,0.385,0.03,0.5656,0.19,74.49998322747555,0.04,0.0286,0.045,0.0365,0.02335,0.013,0.0318,0.015,0.0477,0.135,0.035,75.0,0.1403,0.69,0.068,0.13,0.016,0.018,0.33,0.35,0.009,0.002097,0.009377,0.002302,0.003677,0.001659,0.002979,0.006998,0.624683,-0.002537,0.004671,-0.002659,0.002495,0.0004269,-0.0025789999999999997,0.001428571428571429,1.393,1.416,8.22,11
2553,1,0,0,0.375,0.07,0.5656,0.105,71.00001324013941,0.04,0.03025,0.0318,0.03625,0.01925,0.01115,0.0286,0.015,0.037,0.0249,0.032,74.0,0.08,0.5919,0.068,0.12,0.016,0.018,0.33,0.35,0.009,0.00054,0.002413,0.001039,0.001039,0.003348,0.006011,0.003158,0.640827,-0.02267,-0.3775,0.0493,-0.01862,0.001372,-0.0052805000000000005,0.0037071428571428533,0.0165,0.2518,3.39,11
2554,0,0,1,0.415,0.075,0.5656,0.06,75.00000349528622,0.04,0.0286,0.045,0.0365,0.016,0.0145,0.034,0.015,0.047,0.0543,0.0322,73.0,0.1201,0.5403,0.068,0.13,0.016,0.0,0.37,0.35,0.009,0.006605,0.003674,0.008335,0.002251,0.002933,0.001157,0.001653,0.660724,0.02708,-0.05154,0.03286,-0.02642,0.0039,-0.009191,0.007657142857142856,0.5701,1.899,3.61,11
2555,1,0,0,0.41,0.075,0.526,0.045,74.25000174145997,0.04,0.0286,0.045,0.0365,0.02335,0.013,0.0318,0.015,0.0491,0.0377,0.0326,71.5,0.1154,0.5227,0.068,0.13,0.016,0.018,0.33,0.35,0.009,0.007363,0.00071,0.001134,0.001761,0.002921,0.003684,0.004267,0.637051,0.002497,-0.1508,0.02741,-0.01989,0.001259,-0.0058025,0.003407142857142857,0.05108,0.5612,4.62,11
2556,0,0,1,0.45,0.075,0.5656,0.045,72.50001674779189,0.04,0.027,0.0286,0.03305,0.0215,0.021,0.0286,0.001,0.039,0.0302,0.0392,72.5,0.1067,0.5402,0.068,0.13,0.0,0.018,0.33,0.35,0.009,0.000555,0.002592,0.003939,0.003939,0.0005156,0.001156,0.002948,0.641419,0.05612,-0.2782,0.09451,-0.06574,0.002756,-0.017640000000000003,0.007999999999999995,0.1322,1.133,2.48,11
2557,0,0,1,0.34,-0.02,0.5656,0.014,74.0000202554444,0.04,0.0286,0.045,0.0365,0.02335,0.019,0.0318,0.015,0.0407,0.0198,0.0217,73.0,0.09,0.1198,0.068,0.13,0.016,0.018,0.33,0.35,0.009,0.003018,0.001229,0.000655,0.005292,0.001716,0.008831,0.001736,0.577255,-0.0103,0.01414,-0.009591,0.005039,0.001357,-0.0032565,0.004635714285714284,1.48,1.237,1.65,11
2558,0,0,1,0.405,0.07,0.5656,0.045,74.0000202554444,0.04,0.0286,0.05,0.0365,0.03,0.019,0.0318,0.015,0.0507,0.0462,0.0335,73.5,0.1542,0.6162,0.068,0.13,0.016,0.018,0.33,0.35,0.009,0.002205,0.001355,0.002089,0.007065,0.008095,0.00056496,0.00051749,0.653357,0.05605,-0.111,0.06581,-0.06109,0.002107,-0.023365,0.005642857142857135,0.3909,1.099,3.07,11
2560,1,0,0,0.55,0.1,0.5656,0.045,71.99999647998123,0.0515,0.0536,0.0413,0.0565,0.02335,0.013,0.0318,0.015,0.0436,0.0388,0.0488,64.0,0.1432,0.4848,0.068,0.135,0.016,0.018,0.33,0.35,0.009,0.000529,0.001429,0.002851,0.009571,0.004319,0.002066,0.003005,0.797326,0.004592,-0.0136,0.005943,-0.007347,0.0007908,-0.0026179999999999997,0.0013285714285714283,1.003,2.828,8.79,11
2561,1,0,0,0.376011,0.015,0.5201,0.03,72.00412177610617,0.04,0.0302,0.052,0.04125,0.025,0.019,0.0318,0.015,0.0483,0.0291,0.0316,69.00413,0.111,0.314,0.068,0.135,0.0,0.0,0.33,0.293003,0.009,0.009613,0.002181,0.000633,0.003126,0.0007476,0.006002,0.005036,0.624033,-0.002196,0.004112,-0.002247,0.002246,0.0004302,-0.0024735,0.0013642857142857157,1.796,1.621,6.13,11
2562,1,0,0,0.405,0.07,0.5656,0.045,74.0000202554444,0.04,0.0286,0.045,0.0365,0.02335,0.013,0.0318,0.015,0.0492,0.0492,0.0289,73.0,0.145,0.5152,0.068,0.13,0.016,0.018,0.33,0.35,0.009,0.000506,0.004424,0.004136,0.001779,0.0006105,0.0008622,0.00085717,0.658742,0.01963,-0.03826,0.02341,-0.02081,0.001074,-0.007516,0.0030142857142857176,0.3338,0.8893,4.58,11
2563,1,0,0,0.405,0.07,0.5656,0.045,74.0000202554444,0.04,0.0286,0.045,0.0365,0.02335,0.013,0.0318,0.015,0.0492,0.0492,0.0289,73.0,0.145,0.5152,0.068,0.13,0.016,0.018,0.33,0.35,0.009,0.00822,0.006135,0.006978,0.006856,0.002078,0.00092694,0.001332,0.658742,0.01419,-0.02745,0.01666,-0.01514,0.000794,-0.0054035,0.002364285714285718,0.3524,0.9646,7.16,11
2564,1,0,0,0.405,0.07,0.5656,0.045,74.0000202554444,0.04,0.0286,0.045,0.0365,0.02335,0.013,0.0318,0.015,0.0492,0.0492,0.0289,73.0,0.145,0.5152,0.068,0.13,0.016,0.018,0.33,0.35,0.009,0.002282,0.002477,0.00908,0.005269,0.001325,0.002042,0.00064871,0.658742,0.0173,-0.03339,0.02034,-0.01839,0.001273,-0.0066064999999999995,0.0033642857142857146,0.3134,0.8379,5.62,11
2565,1,0,0,0.405,0.07,0.5656,0.045,74.0000202554444,0.04,0.0286,0.045,0.0365,0.02335,0.013,0.0318,0.015,0.0492,0.0492,0.0289,73.0,0.145,0.5152,0.068,0.13,0.016,0.018,0.33,0.35,0.009,0.005183,0.00626,0.000727,0.002075,0.003284,0.00050385,0.002377,0.658742,0.01905,-0.03713,0.02276,-0.02015,0.0007424,-0.0072645,0.002235714285714285,0.2849,0.7481,5.89,11
2566,1,0,0,0.405,0.07,0.5656,0.045,74.0000202554444,0.04,0.0286,0.045,0.0365,0.02335,0.013,0.0318,0.015,0.0492,0.0492,0.0289,73.0,0.145,0.5152,0.068,0.13,0.016,0.018,0.33,0.35,0.009,0.007861,0.000939,0.004788,0.001274,0.00574,0.001594,0.007254,0.658742,0.008625,-0.01689,0.0104,-0.009123,0.001002,-0.0032955,0.0023071428571428566,0.4881,1.176,7.82,11
2567,1,0,0,0.405,0.07,0.5656,0.045,74.0000202554444,0.04,0.0286,0.045,0.0365,0.02335,0.013,0.0318,0.015,0.0492,0.0492,0.0289,73.0,0.145,0.5152,0.068,0.13,0.016,0.018,0.33,0.35,0.009,0.002261,0.000989,0.000925,0.007954,0.00273,0.003856,0.003833,0.658742,0.01342,-0.02622,0.01587,-0.01433,0.0009714,-0.0050705,0.00259285714285714,0.3602,0.9959,4.91,11
2568,1,0,0,0.405,0.07,0.5656,0.045,74.0000202554444,0.04,0.0286,0.045,0.0365,0.02335,0.013,0.0318,0.015,0.0492,0.0492,0.0289,73.0,0.145,0.5152,0.068,0.13,0.016,0.018,0.33,0.35,0.009,0.005528,0.002171,0.002618,0.00075391,0.001373,0.001163,0.00285,0.658742,0.01393,-0.02719,0.01676,-0.01474,0.001045,-0.0053215,0.002878571428571426,0.3624,0.8616,5.3,11
2569,1,0,0,0.405,0.07,0.5656,0.045,74.0000202554444,0.04,0.0286,0.045,0.0365,0.02335,0.013,0.0318,0.015,0.0492,0.0492,0.0289,73.0,0.145,0.5152,0.068,0.13,0.016,0.018,0.33,0.35,0.009,0.001524,0.005088,0.00089,0.001849,0.003645,0.003438,0.001607,0.658742,0.0235,-0.04576,0.02806,-0.02486,0.0008763,-0.0089635,0.002592857142857146,0.2522,0.6614,4.81,11
2570,1,0,0,0.405,0.07,0.5656,0.045,74.0000202554444,0.04,0.0286,0.045,0.0365,0.02335,0.013,0.0318,0.015,0.0492,0.0492,0.0289,73.0,0.145,0.5152,0.068,0.13,0.016,0.018,0.33,0.35,0.009,0.000589,0.001325,0.003235,0.00061318,0.005842,0.002946,0.001418,0.658742,0.01838,-0.036,0.02214,-0.0195,0.001603,-0.007017000000000001,0.004614285714285713,0.331,0.7487,4.27,11
2571,1,0,0,0.405,0.07,0.5656,0.045,74.0000202554444,0.04,0.0286,0.045,0.0365,0.02335,0.013,0.0318,0.015,0.0492,0.0492,0.0289,73.0,0.145,0.5152,0.068,0.13,0.016,0.018,0.33,0.35,0.009,0.000738,0.001514,0.004496,0.006703,0.00050257,0.001942,0.00057833,0.658742,0.0207,-0.04006,0.02428,-0.02209,0.001598,-0.007896,0.004142857142857147,0.3079,0.8395,3.89,11
2572,1,0,0,0.405,0.07,0.5656,0.045,74.0000202554444,0.04,0.0286,0.045,0.0365,0.02335,0.013,0.0318,0.015,0.0492,0.0492,0.0289,73.0,0.145,0.5152,0.068,0.13,0.016,0.018,0.33,0.35,0.009,0.001978,0.002072,0.001328,0.007334,0.001932,0.007867,0.001115,0.658742,0.0241,-0.04667,0.0283,-0.02573,0.00114,-0.00916,0.003314285714285708,0.2475,0.6896,3.95,11
2573,1,0,0,0.343,-0.0453,0.5656,0.04,71.00001324013941,0.04,0.0302,0.045,0.0355,0.02935,0.019,0.03,0.015,0.032,0.0315,0.0277,74.25,0.11,0.2215,0.068,0.11,0.0,0.0,0.33,0.3,0.0112,0.008608,0.000553,0.003626,0.001673,0.00052588,0.001228,0.00068029,0.514033,-0.003392,0.00304,-0.003008,0.0009478,0.0008838,-0.00058605,0.003330714285714285,1.026,1.497,3.58,11
2574,1,0,0,0.405,0.07,0.5656,0.045,74.0000202554444,0.04,0.0286,0.045,0.0365,0.02335,0.013,0.0318,0.015,0.0492,0.0492,0.0289,73.0,0.145,0.5152,0.068,0.13,0.016,0.018,0.33,0.35,0.009,0.005575,0.002483,0.001449,0.00051221,0.002077,0.00115,0.001532,0.658742,0.02117,-0.04125,0.02544,-0.02243,0.001214,-0.0080725,0.003907142857142849,0.2338,0.5982,4.82,11
2575,1,0,0,0.405,0.07,0.5656,0.045,74.0000202554444,0.04,0.0286,0.045,0.0365,0.02335,0.013,0.0318,0.015,0.0492,0.0492,0.0289,73.0,0.145,0.5152,0.068,0.13,0.016,0.018,0.33,0.35,0.009,0.004431,0.000505,0.008902,0.002425,0.00095796,0.008902,0.00059988,0.658742,0.01694,-0.03278,0.02014,-0.01794,0.002448,-0.0064725,0.004821428571428573,0.3859,1.053,5.28,11
2576,1,0,0,0.412,0.075,0.5645,0.045,75.00000349528622,0.04,0.0286,0.048,0.0365,0.02335,0.013,0.0318,0.015,0.0482,0.04,0.0415,71.0,0.1033,0.51,0.068,0.135,0.0,0.0,0.33,0.35,0.009,0.00781,0.00054,0.000821,0.00707,0.001957,0.003814,0.001642,0.657734,0.02368,-0.04328,0.02837,-0.02125,0.001949,-0.0070355,0.004221428571428568,0.2682,0.796,3.52,11
2577,1,0,0,0.405,0.07,0.5656,0.045,74.0000202554444,0.04,0.0286,0.045,0.0365,0.02335,0.013,0.0318,0.015,0.0492,0.0492,0.0289,73.0,0.145,0.5152,0.068,0.13,0.016,0.018,0.33,0.35,0.009,0.001615,0.002331,0.004746,0.001858,0.002494,0.009086,0.00065682,0.658742,0.02039,-0.03954,0.02426,-0.02158,0.0014,-0.0077955,0.0037071428571428533,0.3234,0.8788,4.56,11
2578,1,0,0,0.405,0.07,0.5656,0.045,74.0000202554444,0.04,0.0286,0.045,0.0365,0.02335,0.013,0.0318,0.015,0.0492,0.0492,0.0289,73.0,0.145,0.5152,0.068,0.13,0.016,0.018,0.33,0.35,0.009,0.0015,0.000853,0.007154,0.006073,0.00067484,0.002004,0.002474,0.658742,0.01144,-0.02232,0.01359,-0.01217,0.001184,-0.0043405,0.0030357142857142857,0.4057,1.131,5.4,11
2579,1,0,0,0.405,0.07,0.5656,0.045,74.0000202554444,0.04,0.0286,0.045,0.0365,0.02335,0.013,0.0318,0.015,0.0492,0.0492,0.0289,73.0,0.145,0.5152,0.068,0.13,0.016,0.018,0.33,0.35,0.009,0.001006,0.001199,0.000645,0.002323,0.009683,0.00067979,0.002581,0.658742,0.01858,-0.03636,0.02227,-0.01965,0.001156,-0.0070775000000000005,0.0031499999999999966,0.313,0.8393,4.56,11
2580,1,0,0,0.405,0.07,0.5656,0.045,74.0000202554444,0.04,0.0286,0.045,0.0365,0.02335,0.013,0.0318,0.015,0.0492,0.0492,0.0289,73.0,0.145,0.5152,0.068,0.13,0.016,0.018,0.33,0.35,0.009,0.00122,0.001421,0.004526,0.001348,0.001413,0.001006,0.00068378,0.658742,0.02069,-0.04025,0.02474,-0.02192,0.001746,-0.007925,0.004514285714285712,0.3244,0.8723,3.9,11
2581,1,0,0,0.41154,0.07,0.5656,0.045,77.00002727074938,0.04,0.0286,0.045,0.0365,0.02335,0.0205,0.0318,0.015,0.0476,0.05,0.029,73.0,0.1238,0.516,0.068,0.13,0.016,0.018,0.33,0.35,0.009,0.00585,0.001802,0.002644,0.001505,0.001928,0.00056084,0.00050774,0.692478,0.03106,-0.06135,0.03693,-0.03358,0.001727,-0.01214,0.004142857142857147,0.173,0.4858,5.14,11
2582,1,0,0,0.405,0.07,0.5656,0.045,74.0000202554444,0.04,0.0286,0.045,0.0365,0.02335,0.013,0.0318,0.015,0.0492,0.0492,0.0289,73.0,0.145,0.5152,0.068,0.13,0.016,0.018,0.33,0.35,0.009,0.008961,0.003916,0.000781,0.001662,0.001474,0.00078343,0.001841,0.658742,0.02234,-0.04351,0.02671,-0.02362,0.0008984,-0.008525000000000001,0.002614285714285714,0.2541,0.6644,4.7,11
2583,1,0,0,0.4405,0.07,0.5656,0.03,74.0000202554444,0.04,0.0286,0.0337,0.0365,0.02335,0.0113,0.0289,0.015,0.0563,0.0432,0.0406,72.0,0.155,0.5705,0.07,0.13,0.013,0.018,0.33,0.35,0.009,0.006846,0.001918,0.005262,0.002948,0.002326,0.001457,0.00057791,0.696926,0.1177,-0.4673,0.1721,-0.1656,0.002039,-0.050125,0.007071428571428555,0.04897,0.2167,3.93,11
2584,1,0,0,0.405,0.07,0.5656,0.045,74.0000202554444,0.04,0.0286,0.045,0.0365,0.02335,0.013,0.0318,0.015,0.0492,0.0492,0.0289,73.0,0.145,0.5152,0.068,0.13,0.016,0.018,0.33,0.35,0.009,0.002311,0.003621,0.001137,0.008928,0.003653,0.005099,0.009876,0.658742,0.008869,-0.01739,0.01047,-0.009508,0.0005026,-0.0033505,0.0015785714285714305,0.4855,1.34,8.16,11
2585,1,0,0,0.4405,0.07,0.5656,0.03,74.0000202554444,0.04,0.0286,0.0337,0.0365,0.02335,0.0113,0.0289,0.015,0.0563,0.3385,0.03,72.0,0.155,0.5705,0.07,0.13,0.013,0.018,0.33,0.35,0.009,0.001558,0.001474,0.008256,0.005778,0.001431,0.0007973,0.006401,0.696926,0.0146,-0.08588,0.02488,-0.0244,0.0008795,-0.0072995,0.0027357142857142892,0.3257,0.9313,6.77,11
